date,store_id,product_id,units_sold,stock_on_hand
2025-09-01,S1,P1,1,84
2025-09-02,S1,P1,3,81
2025-09-03,S1,P1,0,81
2025-09-04,S1,P1,2,79
2025-09-05,S1,P1,5,74
2025-09-06,S1,P1,5,69
2025-09-07,S1,P1,5,64
2025-09-08,S1,P1,2,62
2025-09-09,S1,P1,2,60
2025-09-10,S1,P1,2,58
2025-09-11,S1,P1,7,51
2025-09-12,S1,P1,3,48
2025-09-13,S1,P1,4,44
2025-09-14,S1,P1,4,40
2025-09-15,S1,P1,2,38
2025-09-16,S1,P1,6,32
2025-09-17,S1,P1,2,30
2025-09-18,S1,P1,2,28
2025-09-19,S1,P1,4,24
2025-09-20,S1,P1,1,23
2025-09-21,S1,P1,2,21
2025-09-22,S1,P1,3,18
2025-09-23,S1,P1,0,18
2025-09-24,S1,P1,5,13
2025-09-25,S1,P1,4,42
2025-09-26,S1,P1,3,39
2025-09-27,S1,P1,7,32
2025-09-28,S1,P1,4,28
2025-09-29,S1,P1,4,24
2025-09-30,S1,P1,4,20
2025-10-01,S1,P1,1,19
2025-10-02,S1,P1,3,16
2025-10-03,S1,P1,5,11
2025-10-04,S1,P1,5,68
2025-10-05,S1,P1,0,68
2025-10-06,S1,P1,4,64
2025-10-07,S1,P1,7,57
2025-10-08,S1,P1,4,53
2025-10-09,S1,P1,2,51
2025-10-10,S1,P1,4,47
2025-10-11,S1,P1,7,40
2025-10-12,S1,P1,2,38
2025-10-13,S1,P1,4,34
2025-10-14,S1,P1,3,31
2025-10-15,S1,P1,4,27
2025-10-16,S1,P1,1,26
2025-10-17,S1,P1,4,22
2025-10-18,S1,P1,6,16
2025-10-19,S1,P1,4,12
2025-10-20,S1,P1,3,72
2025-10-21,S1,P1,2,70
2025-10-22,S1,P1,4,66
2025-10-23,S1,P1,3,63
2025-10-24,S1,P1,4,59
2025-10-25,S1,P1,9,50
2025-10-26,S1,P1,2,48
2025-10-27,S1,P1,2,46
2025-10-28,S1,P1,1,45
2025-10-29,S1,P1,5,40
2025-10-30,S1,P1,2,38
2025-10-31,S1,P1,5,33
2025-11-01,S1,P1,3,30
2025-11-02,S1,P1,5,25
2025-11-03,S1,P1,1,24
2025-11-04,S1,P1,5,19
2025-11-05,S1,P1,5,14
2025-11-06,S1,P1,9,61
2025-11-07,S1,P1,2,59
2025-11-08,S1,P1,6,53
2025-11-09,S1,P1,4,49
2025-11-10,S1,P1,3,46
2025-11-11,S1,P1,10,36
2025-11-12,S1,P1,1,35
2025-11-13,S1,P1,6,29
2025-11-14,S1,P1,4,25
2025-11-15,S1,P1,5,20
2025-11-16,S1,P1,6,14
2025-11-17,S1,P1,5,61
2025-11-18,S1,P1,5,56
2025-11-19,S1,P1,4,52
2025-11-20,S1,P1,4,48
2025-11-21,S1,P1,3,45
2025-11-22,S1,P1,7,38
2025-11-23,S1,P1,5,33
2025-11-24,S1,P1,4,29
2025-11-25,S1,P1,4,25
2025-11-26,S1,P1,9,16
2025-11-27,S1,P1,3,13
2025-11-28,S1,P1,4,64
2025-11-29,S1,P1,9,55
2025-11-30,S1,P1,0,55
2025-12-01,S1,P1,4,51
2025-12-02,S1,P1,7,44
2025-12-03,S1,P1,2,42
2025-12-04,S1,P1,2,40
2025-12-05,S1,P1,4,36
2025-12-06,S1,P1,3,33
2025-12-07,S1,P1,0,33
2025-12-08,S1,P1,3,30
2025-12-09,S1,P1,7,23
2025-12-10,S1,P1,4,19
2025-12-11,S1,P1,4,15
2025-12-12,S1,P1,4,11
2025-12-13,S1,P1,7,37
2025-12-14,S1,P1,1,36
2025-12-15,S1,P1,2,34
2025-12-16,S1,P1,2,32
2025-12-17,S1,P1,5,27
2025-12-18,S1,P1,3,24
2025-12-19,S1,P1,5,19
2025-12-20,S1,P1,4,15
2025-12-21,S1,P1,5,10
2025-12-22,S1,P1,3,59
2025-12-23,S1,P1,2,57
2025-12-24,S1,P1,3,54
2025-12-25,S1,P1,3,51
2025-12-26,S1,P1,6,45
2025-12-27,S1,P1,6,39
2025-12-28,S1,P1,5,34
2025-12-29,S1,P1,3,31
2025-12-30,S1,P1,5,26
2025-12-31,S1,P1,4,22
2026-01-01,S1,P1,6,16
2026-01-02,S1,P1,1,15
2026-01-03,S1,P1,5,10
2026-01-04,S1,P1,2,56
2026-01-05,S1,P1,0,56
2026-01-06,S1,P1,3,53
2026-01-07,S1,P1,3,50
2026-01-08,S1,P1,3,47
2026-01-09,S1,P1,9,38
2026-01-10,S1,P1,5,33
2026-01-11,S1,P1,3,30
2026-01-12,S1,P1,2,28
2026-01-13,S1,P1,6,22
2026-01-14,S1,P1,2,20
2026-01-15,S1,P1,2,18
2026-01-16,S1,P1,5,13
2026-01-17,S1,P1,1,12
2026-01-18,S1,P1,1,11
2026-01-19,S1,P1,3,57
2026-01-20,S1,P1,5,52
2026-01-21,S1,P1,3,49
2026-01-22,S1,P1,3,46
2026-01-23,S1,P1,6,40
2026-01-24,S1,P1,3,37
2026-01-25,S1,P1,2,35
2026-01-26,S1,P1,5,30
2026-01-27,S1,P1,1,29
2026-01-28,S1,P1,6,23
2026-01-29,S1,P1,3,20
2026-01-30,S1,P1,8,12
2026-01-31,S1,P1,10,33
2026-02-01,S1,P1,7,26
2026-02-02,S1,P1,2,24
2026-02-03,S1,P1,2,22
2026-02-04,S1,P1,5,17
2026-02-05,S1,P1,0,17
2026-02-06,S1,P1,6,11
2026-02-07,S1,P1,4,52
2026-02-08,S1,P1,5,47
2026-02-09,S1,P1,2,45
2026-02-10,S1,P1,6,39
2026-02-11,S1,P1,4,35
2026-02-12,S1,P1,2,33
2026-02-13,S1,P1,7,26
2026-02-14,S1,P1,6,20
2026-02-15,S1,P1,8,12
2026-02-16,S1,P1,4,63
2026-02-17,S1,P1,5,58
2026-02-18,S1,P1,4,54
2026-02-19,S1,P1,1,53
2026-02-20,S1,P1,5,48
2026-02-21,S1,P1,10,38
2026-02-22,S1,P1,3,35
2026-02-23,S1,P1,2,33
2026-02-24,S1,P1,7,26
2026-02-25,S1,P1,1,25
2026-02-26,S1,P1,6,19
2026-02-27,S1,P1,3,16
2026-02-28,S1,P1,5,11
2026-03-01,S1,P1,3,52
2026-03-02,S1,P1,4,48
2026-03-03,S1,P1,4,44
2026-03-04,S1,P1,3,41
2026-03-05,S1,P1,4,37
2026-03-06,S1,P1,2,35
2026-03-07,S1,P1,3,32
2026-03-08,S1,P1,3,29
2026-03-09,S1,P1,3,26
2026-03-10,S1,P1,1,25
2026-03-11,S1,P1,5,20
2026-03-12,S1,P1,2,18
2026-03-13,S1,P1,4,14
2026-03-14,S1,P1,6,65
2025-09-01,S1,P2,0,11
2025-09-02,S1,P2,0,11
2025-09-03,S1,P2,1,10
2025-09-04,S1,P2,0,10
2025-09-05,S1,P2,4,6
2025-09-06,S1,P2,0,6
2025-09-07,S1,P2,0,6
2025-09-08,S1,P2,0,6
2025-09-09,S1,P2,0,6
2025-09-10,S1,P2,0,6
2025-09-11,S1,P2,0,6
2025-09-12,S1,P2,1,5
2025-09-13,S1,P2,1,4
2025-09-14,S1,P2,0,4
2025-09-15,S1,P2,0,4
2025-09-16,S1,P2,0,4
2025-09-17,S1,P2,0,4
2025-09-18,S1,P2,0,4
2025-09-19,S1,P2,2,13
2025-09-20,S1,P2,2,11
2025-09-21,S1,P2,1,10
2025-09-22,S1,P2,0,10
2025-09-23,S1,P2,1,9
2025-09-24,S1,P2,0,9
2025-09-25,S1,P2,1,8
2025-09-26,S1,P2,2,6
2025-09-27,S1,P2,1,5
2025-09-28,S1,P2,0,5
2025-09-29,S1,P2,0,5
2025-09-30,S1,P2,0,5
2025-10-01,S1,P2,1,4
2025-10-02,S1,P2,0,4
2025-10-03,S1,P2,2,12
2025-10-04,S1,P2,1,11
2025-10-05,S1,P2,0,11
2025-10-06,S1,P2,0,11
2025-10-07,S1,P2,0,11
2025-10-08,S1,P2,0,11
2025-10-09,S1,P2,1,10
2025-10-10,S1,P2,1,9
2025-10-11,S1,P2,1,8
2025-10-12,S1,P2,0,8
2025-10-13,S1,P2,0,8
2025-10-14,S1,P2,0,8
2025-10-15,S1,P2,1,7
2025-10-16,S1,P2,0,7
2025-10-17,S1,P2,1,6
2025-10-18,S1,P2,0,6
2025-10-19,S1,P2,0,6
2025-10-20,S1,P2,0,6
2025-10-21,S1,P2,1,5
2025-10-22,S1,P2,1,4
2025-10-23,S1,P2,1,3
2025-10-24,S1,P2,1,12
2025-10-25,S1,P2,3,9
2025-10-26,S1,P2,0,9
2025-10-27,S1,P2,1,8
2025-10-28,S1,P2,0,8
2025-10-29,S1,P2,0,8
2025-10-30,S1,P2,2,6
2025-10-31,S1,P2,0,6
2025-11-01,S1,P2,0,6
2025-11-02,S1,P2,0,6
2025-11-03,S1,P2,0,6
2025-11-04,S1,P2,1,5
2025-11-05,S1,P2,1,4
2025-11-06,S1,P2,0,4
2025-11-07,S1,P2,0,4
2025-11-08,S1,P2,1,3
2025-11-09,S1,P2,0,3
2025-11-10,S1,P2,1,12
2025-11-11,S1,P2,0,12
2025-11-12,S1,P2,1,11
2025-11-13,S1,P2,0,11
2025-11-14,S1,P2,0,11
2025-11-15,S1,P2,1,10
2025-11-16,S1,P2,1,9
2025-11-17,S1,P2,0,9
2025-11-18,S1,P2,2,7
2025-11-19,S1,P2,0,7
2025-11-20,S1,P2,0,7
2025-11-21,S1,P2,0,7
2025-11-22,S1,P2,1,6
2025-11-23,S1,P2,1,5
2025-11-24,S1,P2,0,5
2025-11-25,S1,P2,1,4
2025-11-26,S1,P2,1,3
2025-11-27,S1,P2,0,3
2025-11-28,S1,P2,0,3
2025-11-29,S1,P2,0,3
2025-11-30,S1,P2,0,3
2025-12-01,S1,P2,1,12
2025-12-02,S1,P2,0,12
2025-12-03,S1,P2,1,11
2025-12-04,S1,P2,1,10
2025-12-05,S1,P2,0,10
2025-12-06,S1,P2,0,10
2025-12-07,S1,P2,1,9
2025-12-08,S1,P2,0,9
2025-12-09,S1,P2,0,9
2025-12-10,S1,P2,0,9
2025-12-11,S1,P2,0,9
2025-12-12,S1,P2,0,9
2025-12-13,S1,P2,1,8
2025-12-14,S1,P2,0,8
2025-12-15,S1,P2,1,7
2025-12-16,S1,P2,0,7
2025-12-17,S1,P2,2,5
2025-12-18,S1,P2,0,5
2025-12-19,S1,P2,2,3
2025-12-20,S1,P2,2,11
2025-12-21,S1,P2,1,10
2025-12-22,S1,P2,1,9
2025-12-23,S1,P2,2,7
2025-12-24,S1,P2,1,6
2025-12-25,S1,P2,1,5
2025-12-26,S1,P2,1,4
2025-12-27,S1,P2,1,3
2025-12-28,S1,P2,0,3
2025-12-29,S1,P2,2,11
2025-12-30,S1,P2,0,11
2025-12-31,S1,P2,0,11
2026-01-01,S1,P2,0,11
2026-01-02,S1,P2,0,11
2026-01-03,S1,P2,0,11
2026-01-04,S1,P2,1,10
2026-01-05,S1,P2,0,10
2026-01-06,S1,P2,0,10
2026-01-07,S1,P2,1,9
2026-01-08,S1,P2,0,9
2026-01-09,S1,P2,2,7
2026-01-10,S1,P2,0,7
2026-01-11,S1,P2,1,6
2026-01-12,S1,P2,0,6
2026-01-13,S1,P2,0,6
2026-01-14,S1,P2,1,5
2026-01-15,S1,P2,1,4
2026-01-16,S1,P2,0,4
2026-01-17,S1,P2,0,4
2026-01-18,S1,P2,0,4
2026-01-19,S1,P2,0,4
2026-01-20,S1,P2,2,12
2026-01-21,S1,P2,0,12
2026-01-22,S1,P2,0,12
2026-01-23,S1,P2,1,11
2026-01-24,S1,P2,2,9
2026-01-25,S1,P2,0,9
2026-01-26,S1,P2,0,9
2026-01-27,S1,P2,0,9
2026-01-28,S1,P2,1,8
2026-01-29,S1,P2,0,8
2026-01-30,S1,P2,2,6
2026-01-31,S1,P2,0,6
2026-02-01,S1,P2,0,6
2026-02-02,S1,P2,0,6
2026-02-03,S1,P2,0,6
2026-02-04,S1,P2,1,5
2026-02-05,S1,P2,0,5
2026-02-06,S1,P2,1,4
2026-02-07,S1,P2,1,3
2026-02-08,S1,P2,1,12
2026-02-09,S1,P2,0,12
2026-02-10,S1,P2,0,12
2026-02-11,S1,P2,2,10
2026-02-12,S1,P2,0,10
2026-02-13,S1,P2,0,10
2026-02-14,S1,P2,0,10
2026-02-15,S1,P2,1,9
2026-02-16,S1,P2,2,7
2026-02-17,S1,P2,0,7
2026-02-18,S1,P2,0,7
2026-02-19,S1,P2,1,6
2026-02-20,S1,P2,0,6
2026-02-21,S1,P2,0,6
2026-02-22,S1,P2,1,5
2026-02-23,S1,P2,0,5
2026-02-24,S1,P2,2,3
2026-02-25,S1,P2,1,12
2026-02-26,S1,P2,0,12
2026-02-27,S1,P2,1,11
2026-02-28,S1,P2,0,11
2026-03-01,S1,P2,3,8
2026-03-02,S1,P2,1,7
2026-03-03,S1,P2,1,6
2026-03-04,S1,P2,1,5
2026-03-05,S1,P2,0,5
2026-03-06,S1,P2,0,5
2026-03-07,S1,P2,1,4
2026-03-08,S1,P2,1,3
2026-03-09,S1,P2,0,3
2026-03-10,S1,P2,1,12
2026-03-11,S1,P2,1,11
2026-03-12,S1,P2,0,11
2026-03-13,S1,P2,3,8
2026-03-14,S1,P2,1,7
2025-09-01,S1,P3,1,30
2025-09-02,S1,P3,2,28
2025-09-03,S1,P3,0,28
2025-09-04,S1,P3,2,26
2025-09-05,S1,P3,4,22
2025-09-06,S1,P3,1,21
2025-09-07,S1,P3,2,19
2025-09-08,S1,P3,1,18
2025-09-09,S1,P3,1,17
2025-09-10,S1,P3,2,15
2025-09-11,S1,P3,2,13
2025-09-12,S1,P3,0,13
2025-09-13,S1,P3,5,8
2025-09-14,S1,P3,0,8
2025-09-15,S1,P3,5,22
2025-09-16,S1,P3,2,20
2025-09-17,S1,P3,2,18
2025-09-18,S1,P3,4,14
2025-09-19,S1,P3,5,9
2025-09-20,S1,P3,3,6
2025-09-21,S1,P3,3,27
2025-09-22,S1,P3,1,26
2025-09-23,S1,P3,3,23
2025-09-24,S1,P3,2,21
2025-09-25,S1,P3,1,20
2025-09-26,S1,P3,3,17
2025-09-27,S1,P3,3,14
2025-09-28,S1,P3,3,11
2025-09-29,S1,P3,0,11
2025-09-30,S1,P3,1,10
2025-10-01,S1,P3,2,8
2025-10-02,S1,P3,2,6
2025-10-03,S1,P3,3,39
2025-10-04,S1,P3,0,39
2025-10-05,S1,P3,4,35
2025-10-06,S1,P3,0,35
2025-10-07,S1,P3,2,33
2025-10-08,S1,P3,3,30
2025-10-09,S1,P3,3,27
2025-10-10,S1,P3,1,26
2025-10-11,S1,P3,0,26
2025-10-12,S1,P3,3,23
2025-10-13,S1,P3,3,20
2025-10-14,S1,P3,4,16
2025-10-15,S1,P3,2,14
2025-10-16,S1,P3,3,11
2025-10-17,S1,P3,5,6
2025-10-18,S1,P3,2,37
2025-10-19,S1,P3,1,36
2025-10-20,S1,P3,2,34
2025-10-21,S1,P3,1,33
2025-10-22,S1,P3,1,32
2025-10-23,S1,P3,3,29
2025-10-24,S1,P3,2,27
2025-10-25,S1,P3,4,23
2025-10-26,S1,P3,2,21
2025-10-27,S1,P3,0,21
2025-10-28,S1,P3,5,16
2025-10-29,S1,P3,4,12
2025-10-30,S1,P3,4,8
2025-10-31,S1,P3,2,6
2025-11-01,S1,P3,2,29
2025-11-02,S1,P3,2,27
2025-11-03,S1,P3,2,25
2025-11-04,S1,P3,2,23
2025-11-05,S1,P3,1,22
2025-11-06,S1,P3,3,19
2025-11-07,S1,P3,4,15
2025-11-08,S1,P3,3,12
2025-11-09,S1,P3,2,10
2025-11-10,S1,P3,2,8
2025-11-11,S1,P3,2,6
2025-11-12,S1,P3,4,32
2025-11-13,S1,P3,0,32
2025-11-14,S1,P3,2,30
2025-11-15,S1,P3,1,29
2025-11-16,S1,P3,0,29
2025-11-17,S1,P3,3,26
2025-11-18,S1,P3,3,23
2025-11-19,S1,P3,3,20
2025-11-20,S1,P3,4,16
2025-11-21,S1,P3,4,12
2025-11-22,S1,P3,2,10
2025-11-23,S1,P3,3,7
2025-11-24,S1,P3,1,6
2025-11-25,S1,P3,2,33
2025-11-26,S1,P3,2,31
2025-11-27,S1,P3,1,30
2025-11-28,S1,P3,3,27
2025-11-29,S1,P3,0,27
2025-11-30,S1,P3,2,25
2025-12-01,S1,P3,0,25
2025-12-02,S1,P3,2,23
2025-12-03,S1,P3,4,19
2025-12-04,S1,P3,2,17
2025-12-05,S1,P3,1,16
2025-12-06,S1,P3,2,14
2025-12-07,S1,P3,3,11
2025-12-08,S1,P3,2,9
2025-12-09,S1,P3,4,45
2025-12-10,S1,P3,3,42
2025-12-11,S1,P3,0,42
2025-12-12,S1,P3,4,38
2025-12-13,S1,P3,2,36
2025-12-14,S1,P3,2,34
2025-12-15,S1,P3,2,32
2025-12-16,S1,P3,1,31
2025-12-17,S1,P3,2,29
2025-12-18,S1,P3,3,26
2025-12-19,S1,P3,2,24
2025-12-20,S1,P3,2,22
2025-12-21,S1,P3,1,21
2025-12-22,S1,P3,3,18
2025-12-23,S1,P3,2,16
2025-12-24,S1,P3,2,14
2025-12-25,S1,P3,1,13
2025-12-26,S1,P3,1,12
2025-12-27,S1,P3,5,7
2025-12-28,S1,P3,3,37
2025-12-29,S1,P3,3,34
2025-12-30,S1,P3,2,32
2025-12-31,S1,P3,3,29
2026-01-01,S1,P3,3,26
2026-01-02,S1,P3,4,22
2026-01-03,S1,P3,0,22
2026-01-04,S1,P3,2,20
2026-01-05,S1,P3,3,17
2026-01-06,S1,P3,2,15
2026-01-07,S1,P3,2,13
2026-01-08,S1,P3,3,10
2026-01-09,S1,P3,2,8
2026-01-10,S1,P3,3,42
2026-01-11,S1,P3,2,40
2026-01-12,S1,P3,1,39
2026-01-13,S1,P3,1,38
2026-01-14,S1,P3,1,37
2026-01-15,S1,P3,0,37
2026-01-16,S1,P3,4,33
2026-01-17,S1,P3,1,32
2026-01-18,S1,P3,3,29
2026-01-19,S1,P3,2,27
2026-01-20,S1,P3,3,24
2026-01-21,S1,P3,1,23
2026-01-22,S1,P3,2,21
2026-01-23,S1,P3,3,18
2026-01-24,S1,P3,4,14
2026-01-25,S1,P3,2,12
2026-01-26,S1,P3,2,10
2026-01-27,S1,P3,3,7
2026-01-28,S1,P3,3,32
2026-01-29,S1,P3,4,28
2026-01-30,S1,P3,3,25
2026-01-31,S1,P3,2,23
2026-02-01,S1,P3,1,22
2026-02-02,S1,P3,0,22
2026-02-03,S1,P3,1,21
2026-02-04,S1,P3,3,18
2026-02-05,S1,P3,0,18
2026-02-06,S1,P3,5,13
2026-02-07,S1,P3,4,9
2026-02-08,S1,P3,1,8
2026-02-09,S1,P3,1,7
2026-02-10,S1,P3,3,27
2026-02-11,S1,P3,2,25
2026-02-12,S1,P3,0,25
2026-02-13,S1,P3,1,24
2026-02-14,S1,P3,2,22
2026-02-15,S1,P3,2,20
2026-02-16,S1,P3,1,19
2026-02-17,S1,P3,1,18
2026-02-18,S1,P3,4,14
2026-02-19,S1,P3,1,13
2026-02-20,S1,P3,4,9
2026-02-21,S1,P3,2,7
2026-02-22,S1,P3,1,6
2026-02-23,S1,P3,4,31
2026-02-24,S1,P3,1,30
2026-02-25,S1,P3,1,29
2026-02-26,S1,P3,4,25
2026-02-27,S1,P3,5,20
2026-02-28,S1,P3,2,18
2026-03-01,S1,P3,2,16
2026-03-02,S1,P3,4,12
2026-03-03,S1,P3,1,11
2026-03-04,S1,P3,4,7
2026-03-05,S1,P3,3,33
2026-03-06,S1,P3,8,25
2026-03-07,S1,P3,3,22
2026-03-08,S1,P3,3,19
2026-03-09,S1,P3,1,18
2026-03-10,S1,P3,0,18
2026-03-11,S1,P3,3,15
2026-03-12,S1,P3,4,11
2026-03-13,S1,P3,3,8
2026-03-14,S1,P3,1,7
2025-09-01,S1,P4,2,14
2025-09-02,S1,P4,2,12
2025-09-03,S1,P4,0,12
2025-09-04,S1,P4,0,12
2025-09-05,S1,P4,0,12
2025-09-06,S1,P4,1,11
2025-09-07,S1,P4,2,9
2025-09-08,S1,P4,1,8
2025-09-09,S1,P4,1,7
2025-09-10,S1,P4,2,5
2025-09-11,S1,P4,0,5
2025-09-12,S1,P4,3,21
2025-09-13,S1,P4,1,20
2025-09-14,S1,P4,1,19
2025-09-15,S1,P4,1,18
2025-09-16,S1,P4,0,18
2025-09-17,S1,P4,0,18
2025-09-18,S1,P4,4,14
2025-09-19,S1,P4,1,13
2025-09-20,S1,P4,2,11
2025-09-21,S1,P4,2,9
2025-09-22,S1,P4,0,9
2025-09-23,S1,P4,3,6
2025-09-24,S1,P4,1,5
2025-09-25,S1,P4,4,22
2025-09-26,S1,P4,2,20
2025-09-27,S1,P4,1,19
2025-09-28,S1,P4,0,19
2025-09-29,S1,P4,1,18
2025-09-30,S1,P4,0,18
2025-10-01,S1,P4,4,14
2025-10-02,S1,P4,3,11
2025-10-03,S1,P4,1,10
2025-10-04,S1,P4,0,10
2025-10-05,S1,P4,1,9
2025-10-06,S1,P4,0,9
2025-10-07,S1,P4,2,7
2025-10-08,S1,P4,0,7
2025-10-09,S1,P4,0,7
2025-10-10,S1,P4,2,5
2025-10-11,S1,P4,3,19
2025-10-12,S1,P4,3,16
2025-10-13,S1,P4,1,15
2025-10-14,S1,P4,4,11
2025-10-15,S1,P4,2,9
2025-10-16,S1,P4,1,8
2025-10-17,S1,P4,1,7
2025-10-18,S1,P4,2,5
2025-10-19,S1,P4,0,5
2025-10-20,S1,P4,2,3
2025-10-21,S1,P4,1,18
2025-10-22,S1,P4,0,18
2025-10-23,S1,P4,2,16
2025-10-24,S1,P4,3,13
2025-10-25,S1,P4,1,12
2025-10-26,S1,P4,0,12
2025-10-27,S1,P4,0,12
2025-10-28,S1,P4,0,12
2025-10-29,S1,P4,4,8
2025-10-30,S1,P4,4,4
2025-10-31,S1,P4,4,12
2025-11-01,S1,P4,3,9
2025-11-02,S1,P4,0,9
2025-11-03,S1,P4,0,9
2025-11-04,S1,P4,0,9
2025-11-05,S1,P4,0,9
2025-11-06,S1,P4,1,8
2025-11-07,S1,P4,3,5
2025-11-08,S1,P4,2,3
2025-11-09,S1,P4,0,3
2025-11-10,S1,P4,2,12
2025-11-11,S1,P4,0,12
2025-11-12,S1,P4,1,11
2025-11-13,S1,P4,0,11
2025-11-14,S1,P4,5,6
2025-11-15,S1,P4,0,6
2025-11-16,S1,P4,0,6
2025-11-17,S1,P4,2,4
2025-11-18,S1,P4,0,4
2025-11-19,S1,P4,2,18
2025-11-20,S1,P4,2,16
2025-11-21,S1,P4,1,15
2025-11-22,S1,P4,0,15
2025-11-23,S1,P4,1,14
2025-11-24,S1,P4,1,13
2025-11-25,S1,P4,1,12
2025-11-26,S1,P4,1,11
2025-11-27,S1,P4,0,11
2025-11-28,S1,P4,1,10
2025-11-29,S1,P4,1,9
2025-11-30,S1,P4,1,8
2025-12-01,S1,P4,0,8
2025-12-02,S1,P4,1,7
2025-12-03,S1,P4,0,7
2025-12-04,S1,P4,1,6
2025-12-05,S1,P4,3,3
2025-12-06,S1,P4,1,19
2025-12-07,S1,P4,1,18
2025-12-08,S1,P4,0,18
2025-12-09,S1,P4,2,16
2025-12-10,S1,P4,0,16
2025-12-11,S1,P4,1,15
2025-12-12,S1,P4,0,15
2025-12-13,S1,P4,4,11
2025-12-14,S1,P4,0,11
2025-12-15,S1,P4,0,11
2025-12-16,S1,P4,0,11
2025-12-17,S1,P4,0,11
2025-12-18,S1,P4,2,9
2025-12-19,S1,P4,2,7
2025-12-20,S1,P4,0,7
2025-12-21,S1,P4,0,7
2025-12-22,S1,P4,0,7
2025-12-23,S1,P4,3,4
2025-12-24,S1,P4,1,3
2025-12-25,S1,P4,2,22
2025-12-26,S1,P4,0,22
2025-12-27,S1,P4,1,21
2025-12-28,S1,P4,0,21
2025-12-29,S1,P4,2,19
2025-12-30,S1,P4,3,16
2025-12-31,S1,P4,0,16
2026-01-01,S1,P4,0,16
2026-01-02,S1,P4,1,15
2026-01-03,S1,P4,1,14
2026-01-04,S1,P4,0,14
2026-01-05,S1,P4,2,12
2026-01-06,S1,P4,2,10
2026-01-07,S1,P4,3,7
2026-01-08,S1,P4,2,5
2026-01-09,S1,P4,0,5
2026-01-10,S1,P4,1,4
2026-01-11,S1,P4,0,4
2026-01-12,S1,P4,0,4
2026-01-13,S1,P4,2,14
2026-01-14,S1,P4,2,12
2026-01-15,S1,P4,1,11
2026-01-16,S1,P4,0,11
2026-01-17,S1,P4,0,11
2026-01-18,S1,P4,3,8
2026-01-19,S1,P4,1,7
2026-01-20,S1,P4,2,5
2026-01-21,S1,P4,2,3
2026-01-22,S1,P4,1,19
2026-01-23,S1,P4,3,16
2026-01-24,S1,P4,1,15
2026-01-25,S1,P4,2,13
2026-01-26,S1,P4,1,12
2026-01-27,S1,P4,3,9
2026-01-28,S1,P4,0,9
2026-01-29,S1,P4,2,7
2026-01-30,S1,P4,0,7
2026-01-31,S1,P4,1,6
2026-02-01,S1,P4,1,5
2026-02-02,S1,P4,0,5
2026-02-03,S1,P4,0,5
2026-02-04,S1,P4,1,4
2026-02-05,S1,P4,2,15
2026-02-06,S1,P4,0,15
2026-02-07,S1,P4,0,15
2026-02-08,S1,P4,1,14
2026-02-09,S1,P4,2,12
2026-02-10,S1,P4,2,10
2026-02-11,S1,P4,2,8
2026-02-12,S1,P4,0,8
2026-02-13,S1,P4,3,5
2026-02-14,S1,P4,2,3
2026-02-15,S1,P4,0,3
2026-02-16,S1,P4,0,3
2026-02-17,S1,P4,0,3
2026-02-18,S1,P4,1,13
2026-02-19,S1,P4,1,12
2026-02-20,S1,P4,2,10
2026-02-21,S1,P4,2,8
2026-02-22,S1,P4,1,7
2026-02-23,S1,P4,2,5
2026-02-24,S1,P4,3,19
2026-02-25,S1,P4,3,16
2026-02-26,S1,P4,1,15
2026-02-27,S1,P4,1,14
2026-02-28,S1,P4,1,13
2026-03-01,S1,P4,1,12
2026-03-02,S1,P4,2,10
2026-03-03,S1,P4,2,8
2026-03-04,S1,P4,1,7
2026-03-05,S1,P4,1,6
2026-03-06,S1,P4,1,5
2026-03-07,S1,P4,3,18
2026-03-08,S1,P4,3,15
2026-03-09,S1,P4,1,14
2026-03-10,S1,P4,1,13
2026-03-11,S1,P4,0,13
2026-03-12,S1,P4,0,13
2026-03-13,S1,P4,0,13
2026-03-14,S1,P4,0,13
2025-09-01,S1,P5,0,25
2025-09-02,S1,P5,0,25
2025-09-03,S1,P5,1,24
2025-09-04,S1,P5,1,23
2025-09-05,S1,P5,0,23
2025-09-06,S1,P5,0,23
2025-09-07,S1,P5,2,21
2025-09-08,S1,P5,0,21
2025-09-09,S1,P5,1,20
2025-09-10,S1,P5,1,19
2025-09-11,S1,P5,3,16
2025-09-12,S1,P5,0,16
2025-09-13,S1,P5,2,14
2025-09-14,S1,P5,1,13
2025-09-15,S1,P5,3,10
2025-09-16,S1,P5,1,9
2025-09-17,S1,P5,0,9
2025-09-18,S1,P5,3,6
2025-09-19,S1,P5,1,5
2025-09-20,S1,P5,3,18
2025-09-21,S1,P5,0,18
2025-09-22,S1,P5,0,18
2025-09-23,S1,P5,1,17
2025-09-24,S1,P5,2,15
2025-09-25,S1,P5,0,15
2025-09-26,S1,P5,2,13
2025-09-27,S1,P5,2,11
2025-09-28,S1,P5,0,11
2025-09-29,S1,P5,0,11
2025-09-30,S1,P5,1,10
2025-10-01,S1,P5,1,9
2025-10-02,S1,P5,1,8
2025-10-03,S1,P5,0,8
2025-10-04,S1,P5,1,7
2025-10-05,S1,P5,3,4
2025-10-06,S1,P5,1,3
2025-10-07,S1,P5,2,21
2025-10-08,S1,P5,0,21
2025-10-09,S1,P5,1,20
2025-10-10,S1,P5,0,20
2025-10-11,S1,P5,3,17
2025-10-12,S1,P5,2,15
2025-10-13,S1,P5,2,13
2025-10-14,S1,P5,2,11
2025-10-15,S1,P5,2,9
2025-10-16,S1,P5,2,7
2025-10-17,S1,P5,0,7
2025-10-18,S1,P5,4,3
2025-10-19,S1,P5,1,16
2025-10-20,S1,P5,1,15
2025-10-21,S1,P5,1,14
2025-10-22,S1,P5,1,13
2025-10-23,S1,P5,3,10
2025-10-24,S1,P5,3,7
2025-10-25,S1,P5,3,4
2025-10-26,S1,P5,1,3
2025-10-27,S1,P5,2,13
2025-10-28,S1,P5,1,12
2025-10-29,S1,P5,0,12
2025-10-30,S1,P5,1,11
2025-10-31,S1,P5,3,8
2025-11-01,S1,P5,1,7
2025-11-02,S1,P5,0,7
2025-11-03,S1,P5,1,6
2025-11-04,S1,P5,0,6
2025-11-05,S1,P5,2,4
2025-11-06,S1,P5,0,4
2025-11-07,S1,P5,0,4
2025-11-08,S1,P5,2,16
2025-11-09,S1,P5,0,16
2025-11-10,S1,P5,3,13
2025-11-11,S1,P5,1,12
2025-11-12,S1,P5,2,10
2025-11-13,S1,P5,0,10
2025-11-14,S1,P5,1,9
2025-11-15,S1,P5,1,8
2025-11-16,S1,P5,1,7
2025-11-17,S1,P5,1,6
2025-11-18,S1,P5,3,3
2025-11-19,S1,P5,1,21
2025-11-20,S1,P5,1,20
2025-11-21,S1,P5,2,18
2025-11-22,S1,P5,2,16
2025-11-23,S1,P5,0,16
2025-11-24,S1,P5,0,16
2025-11-25,S1,P5,1,15
2025-11-26,S1,P5,2,13
2025-11-27,S1,P5,1,12
2025-11-28,S1,P5,2,10
2025-11-29,S1,P5,2,8
2025-11-30,S1,P5,1,7
2025-12-01,S1,P5,1,6
2025-12-02,S1,P5,1,5
2025-12-03,S1,P5,2,3
2025-12-04,S1,P5,0,3
2025-12-05,S1,P5,1,20
2025-12-06,S1,P5,3,17
2025-12-07,S1,P5,0,17
2025-12-08,S1,P5,3,14
2025-12-09,S1,P5,1,13
2025-12-10,S1,P5,1,12
2025-12-11,S1,P5,0,12
2025-12-12,S1,P5,2,10
2025-12-13,S1,P5,3,7
2025-12-14,S1,P5,2,5
2025-12-15,S1,P5,1,4
2025-12-16,S1,P5,0,4
2025-12-17,S1,P5,1,3
2025-12-18,S1,P5,0,3
2025-12-19,S1,P5,0,3
2025-12-20,S1,P5,1,23
2025-12-21,S1,P5,3,20
2025-12-22,S1,P5,0,20
2025-12-23,S1,P5,1,19
2025-12-24,S1,P5,1,18
2025-12-25,S1,P5,1,17
2025-12-26,S1,P5,2,15
2025-12-27,S1,P5,0,15
2025-12-28,S1,P5,1,14
2025-12-29,S1,P5,1,13
2025-12-30,S1,P5,0,13
2025-12-31,S1,P5,1,12
2026-01-01,S1,P5,0,12
2026-01-02,S1,P5,1,11
2026-01-03,S1,P5,2,9
2026-01-04,S1,P5,2,7
2026-01-05,S1,P5,1,6
2026-01-06,S1,P5,1,5
2026-01-07,S1,P5,0,5
2026-01-08,S1,P5,0,5
2026-01-09,S1,P5,0,5
2026-01-10,S1,P5,1,4
2026-01-11,S1,P5,1,3
2026-01-12,S1,P5,1,22
2026-01-13,S1,P5,4,18
2026-01-14,S1,P5,0,18
2026-01-15,S1,P5,0,18
2026-01-16,S1,P5,2,16
2026-01-17,S1,P5,2,14
2026-01-18,S1,P5,1,13
2026-01-19,S1,P5,1,12
2026-01-20,S1,P5,1,11
2026-01-21,S1,P5,0,11
2026-01-22,S1,P5,1,10
2026-01-23,S1,P5,4,6
2026-01-24,S1,P5,2,4
2026-01-25,S1,P5,1,3
2026-01-26,S1,P5,2,12
2026-01-27,S1,P5,0,12
2026-01-28,S1,P5,1,11
2026-01-29,S1,P5,1,10
2026-01-30,S1,P5,2,8
2026-01-31,S1,P5,1,7
2026-02-01,S1,P5,1,6
2026-02-02,S1,P5,0,6
2026-02-03,S1,P5,2,4
2026-02-04,S1,P5,0,4
2026-02-05,S1,P5,1,3
2026-02-06,S1,P5,3,19
2026-02-07,S1,P5,3,16
2026-02-08,S1,P5,1,15
2026-02-09,S1,P5,1,14
2026-02-10,S1,P5,3,11
2026-02-11,S1,P5,0,11
2026-02-12,S1,P5,2,9
2026-02-13,S1,P5,0,9
2026-02-14,S1,P5,2,7
2026-02-15,S1,P5,1,6
2026-02-16,S1,P5,0,6
2026-02-17,S1,P5,2,4
2026-02-18,S1,P5,1,3
2026-02-19,S1,P5,2,22
2026-02-20,S1,P5,0,22
2026-02-21,S1,P5,0,22
2026-02-22,S1,P5,1,21
2026-02-23,S1,P5,1,20
2026-02-24,S1,P5,0,20
2026-02-25,S1,P5,1,19
2026-02-26,S1,P5,1,18
2026-02-27,S1,P5,2,16
2026-02-28,S1,P5,0,16
2026-03-01,S1,P5,0,16
2026-03-02,S1,P5,0,16
2026-03-03,S1,P5,2,14
2026-03-04,S1,P5,3,11
2026-03-05,S1,P5,1,10
2026-03-06,S1,P5,1,9
2026-03-07,S1,P5,0,9
2026-03-08,S1,P5,1,8
2026-03-09,S1,P5,2,6
2026-03-10,S1,P5,1,5
2026-03-11,S1,P5,2,3
2026-03-12,S1,P5,2,22
2026-03-13,S1,P5,0,22
2026-03-14,S1,P5,1,21
2025-09-01,S1,P6,3,52
2025-09-02,S1,P6,5,47
2025-09-03,S1,P6,5,42
2025-09-04,S1,P6,6,36
2025-09-05,S1,P6,6,30
2025-09-06,S1,P6,4,26
2025-09-07,S1,P6,1,25
2025-09-08,S1,P6,5,20
2025-09-09,S1,P6,0,20
2025-09-10,S1,P6,6,14
2025-09-11,S1,P6,5,77
2025-09-12,S1,P6,9,68
2025-09-13,S1,P6,5,63
2025-09-14,S1,P6,6,57
2025-09-15,S1,P6,5,52
2025-09-16,S1,P6,5,47
2025-09-17,S1,P6,5,42
2025-09-18,S1,P6,5,37
2025-09-19,S1,P6,5,32
2025-09-20,S1,P6,5,27
2025-09-21,S1,P6,4,23
2025-09-22,S1,P6,9,14
2025-09-23,S1,P6,4,74
2025-09-24,S1,P6,4,70
2025-09-25,S1,P6,7,63
2025-09-26,S1,P6,9,54
2025-09-27,S1,P6,8,46
2025-09-28,S1,P6,2,44
2025-09-29,S1,P6,3,41
2025-09-30,S1,P6,6,35
2025-10-01,S1,P6,6,29
2025-10-02,S1,P6,2,27
2025-10-03,S1,P6,3,24
2025-10-04,S1,P6,4,20
2025-10-05,S1,P6,0,20
2025-10-06,S1,P6,6,14
2025-10-07,S1,P6,6,60
2025-10-08,S1,P6,3,57
2025-10-09,S1,P6,7,50
2025-10-10,S1,P6,3,47
2025-10-11,S1,P6,6,41
2025-10-12,S1,P6,5,36
2025-10-13,S1,P6,2,34
2025-10-14,S1,P6,3,31
2025-10-15,S1,P6,4,27
2025-10-16,S1,P6,4,23
2025-10-17,S1,P6,9,14
2025-10-18,S1,P6,6,49
2025-10-19,S1,P6,6,43
2025-10-20,S1,P6,2,41
2025-10-21,S1,P6,2,39
2025-10-22,S1,P6,5,34
2025-10-23,S1,P6,1,33
2025-10-24,S1,P6,9,24
2025-10-25,S1,P6,8,16
2025-10-26,S1,P6,5,85
2025-10-27,S1,P6,5,80
2025-10-28,S1,P6,3,77
2025-10-29,S1,P6,5,72
2025-10-30,S1,P6,2,70
2025-10-31,S1,P6,0,70
2025-11-01,S1,P6,1,69
2025-11-02,S1,P6,3,66
2025-11-03,S1,P6,3,63
2025-11-04,S1,P6,4,59
2025-11-05,S1,P6,7,52
2025-11-06,S1,P6,2,50
2025-11-07,S1,P6,3,47
2025-11-08,S1,P6,5,42
2025-11-09,S1,P6,4,38
2025-11-10,S1,P6,5,33
2025-11-11,S1,P6,6,27
2025-11-12,S1,P6,3,24
2025-11-13,S1,P6,6,18
2025-11-14,S1,P6,3,15
2025-11-15,S1,P6,8,60
2025-11-16,S1,P6,2,58
2025-11-17,S1,P6,4,54
2025-11-18,S1,P6,5,49
2025-11-19,S1,P6,4,45
2025-11-20,S1,P6,2,43
2025-11-21,S1,P6,9,34
2025-11-22,S1,P6,10,24
2025-11-23,S1,P6,5,19
2025-11-24,S1,P6,3,16
2025-11-25,S1,P6,3,13
2025-11-26,S1,P6,5,68
2025-11-27,S1,P6,5,63
2025-11-28,S1,P6,6,57
2025-11-29,S1,P6,4,53
2025-11-30,S1,P6,7,46
2025-12-01,S1,P6,2,44
2025-12-02,S1,P6,3,41
2025-12-03,S1,P6,3,38
2025-12-04,S1,P6,2,36
2025-12-05,S1,P6,2,34
2025-12-06,S1,P6,4,30
2025-12-07,S1,P6,4,26
2025-12-08,S1,P6,2,24
2025-12-09,S1,P6,0,24
2025-12-10,S1,P6,6,18
2025-12-11,S1,P6,5,13
2025-12-12,S1,P6,2,86
2025-12-13,S1,P6,4,82
2025-12-14,S1,P6,1,81
2025-12-15,S1,P6,3,78
2025-12-16,S1,P6,4,74
2025-12-17,S1,P6,7,67
2025-12-18,S1,P6,4,63
2025-12-19,S1,P6,4,59
2025-12-20,S1,P6,6,53
2025-12-21,S1,P6,3,50
2025-12-22,S1,P6,1,49
2025-12-23,S1,P6,5,44
2025-12-24,S1,P6,3,41
2025-12-25,S1,P6,2,39
2025-12-26,S1,P6,5,34
2025-12-27,S1,P6,5,29
2025-12-28,S1,P6,3,26
2025-12-29,S1,P6,1,25
2025-12-30,S1,P6,2,23
2025-12-31,S1,P6,7,16
2026-01-01,S1,P6,1,15
2026-01-02,S1,P6,7,49
2026-01-03,S1,P6,7,42
2026-01-04,S1,P6,5,37
2026-01-05,S1,P6,3,34
2026-01-06,S1,P6,4,30
2026-01-07,S1,P6,4,26
2026-01-08,S1,P6,2,24
2026-01-09,S1,P6,5,19
2026-01-10,S1,P6,6,13
2026-01-11,S1,P6,7,46
2026-01-12,S1,P6,5,41
2026-01-13,S1,P6,8,33
2026-01-14,S1,P6,4,29
2026-01-15,S1,P6,1,28
2026-01-16,S1,P6,5,23
2026-01-17,S1,P6,5,18
2026-01-18,S1,P6,7,65
2026-01-19,S1,P6,6,59
2026-01-20,S1,P6,7,52
2026-01-21,S1,P6,3,49
2026-01-22,S1,P6,3,46
2026-01-23,S1,P6,6,40
2026-01-24,S1,P6,6,34
2026-01-25,S1,P6,7,27
2026-01-26,S1,P6,6,21
2026-01-27,S1,P6,7,14
2026-01-28,S1,P6,6,73
2026-01-29,S1,P6,1,72
2026-01-30,S1,P6,5,67
2026-01-31,S1,P6,4,63
2026-02-01,S1,P6,5,58
2026-02-02,S1,P6,3,55
2026-02-03,S1,P6,4,51
2026-02-04,S1,P6,6,45
2026-02-05,S1,P6,2,43
2026-02-06,S1,P6,2,41
2026-02-07,S1,P6,4,37
2026-02-08,S1,P6,5,32
2026-02-09,S1,P6,3,29
2026-02-10,S1,P6,7,22
2026-02-11,S1,P6,5,17
2026-02-12,S1,P6,1,16
2026-02-13,S1,P6,4,12
2026-02-14,S1,P6,7,52
2026-02-15,S1,P6,8,44
2026-02-16,S1,P6,5,39
2026-02-17,S1,P6,7,32
2026-02-18,S1,P6,5,27
2026-02-19,S1,P6,1,26
2026-02-20,S1,P6,5,21
2026-02-21,S1,P6,5,16
2026-02-22,S1,P6,7,69
2026-02-23,S1,P6,5,64
2026-02-24,S1,P6,4,60
2026-02-25,S1,P6,2,58
2026-02-26,S1,P6,9,49
2026-02-27,S1,P6,6,43
2026-02-28,S1,P6,5,38
2026-03-01,S1,P6,3,35
2026-03-02,S1,P6,5,30
2026-03-03,S1,P6,6,24
2026-03-04,S1,P6,3,21
2026-03-05,S1,P6,4,17
2026-03-06,S1,P6,7,55
2026-03-07,S1,P6,10,45
2026-03-08,S1,P6,4,41
2026-03-09,S1,P6,2,39
2026-03-10,S1,P6,2,37
2026-03-11,S1,P6,4,33
2026-03-12,S1,P6,4,29
2026-03-13,S1,P6,9,20
2026-03-14,S1,P6,10,76
2025-09-01,S1,P7,5,58
2025-09-02,S1,P7,6,52
2025-09-03,S1,P7,4,48
2025-09-04,S1,P7,3,45
2025-09-05,S1,P7,4,41
2025-09-06,S1,P7,2,39
2025-09-07,S1,P7,8,31
2025-09-08,S1,P7,2,29
2025-09-09,S1,P7,4,25
2025-09-10,S1,P7,2,23
2025-09-11,S1,P7,3,20
2025-09-12,S1,P7,2,18
2025-09-13,S1,P7,8,53
2025-09-14,S1,P7,5,48
2025-09-15,S1,P7,2,46
2025-09-16,S1,P7,8,38
2025-09-17,S1,P7,8,30
2025-09-18,S1,P7,3,27
2025-09-19,S1,P7,10,17
2025-09-20,S1,P7,8,84
2025-09-21,S1,P7,1,83
2025-09-22,S1,P7,6,77
2025-09-23,S1,P7,6,71
2025-09-24,S1,P7,6,65
2025-09-25,S1,P7,3,62
2025-09-26,S1,P7,3,59
2025-09-27,S1,P7,4,55
2025-09-28,S1,P7,7,48
2025-09-29,S1,P7,7,41
2025-09-30,S1,P7,5,36
2025-10-01,S1,P7,7,29
2025-10-02,S1,P7,7,22
2025-10-03,S1,P7,6,16
2025-10-04,S1,P7,6,50
2025-10-05,S1,P7,4,46
2025-10-06,S1,P7,5,41
2025-10-07,S1,P7,3,38
2025-10-08,S1,P7,8,30
2025-10-09,S1,P7,6,24
2025-10-10,S1,P7,10,14
2025-10-11,S1,P7,8,50
2025-10-12,S1,P7,5,45
2025-10-13,S1,P7,9,36
2025-10-14,S1,P7,3,33
2025-10-15,S1,P7,3,30
2025-10-16,S1,P7,7,23
2025-10-17,S1,P7,7,16
2025-10-18,S1,P7,5,91
2025-10-19,S1,P7,6,85
2025-10-20,S1,P7,4,81
2025-10-21,S1,P7,9,72
2025-10-22,S1,P7,2,70
2025-10-23,S1,P7,8,62
2025-10-24,S1,P7,1,61
2025-10-25,S1,P7,7,54
2025-10-26,S1,P7,3,51
2025-10-27,S1,P7,6,45
2025-10-28,S1,P7,4,41
2025-10-29,S1,P7,5,36
2025-10-30,S1,P7,5,31
2025-10-31,S1,P7,2,29
2025-11-01,S1,P7,5,24
2025-11-02,S1,P7,4,20
2025-11-03,S1,P7,5,15
2025-11-04,S1,P7,3,87
2025-11-05,S1,P7,1,86
2025-11-06,S1,P7,6,80
2025-11-07,S1,P7,8,72
2025-11-08,S1,P7,1,71
2025-11-09,S1,P7,7,64
2025-11-10,S1,P7,4,60
2025-11-11,S1,P7,6,54
2025-11-12,S1,P7,3,51
2025-11-13,S1,P7,3,48
2025-11-14,S1,P7,5,43
2025-11-15,S1,P7,6,37
2025-11-16,S1,P7,3,34
2025-11-17,S1,P7,5,29
2025-11-18,S1,P7,3,26
2025-11-19,S1,P7,3,23
2025-11-20,S1,P7,6,17
2025-11-21,S1,P7,2,15
2025-11-22,S1,P7,5,92
2025-11-23,S1,P7,3,89
2025-11-24,S1,P7,4,85
2025-11-25,S1,P7,3,82
2025-11-26,S1,P7,1,81
2025-11-27,S1,P7,4,77
2025-11-28,S1,P7,2,75
2025-11-29,S1,P7,6,69
2025-11-30,S1,P7,1,68
2025-12-01,S1,P7,1,67
2025-12-02,S1,P7,6,61
2025-12-03,S1,P7,3,58
2025-12-04,S1,P7,4,54
2025-12-05,S1,P7,2,52
2025-12-06,S1,P7,6,46
2025-12-07,S1,P7,7,39
2025-12-08,S1,P7,6,33
2025-12-09,S1,P7,7,26
2025-12-10,S1,P7,3,23
2025-12-11,S1,P7,2,21
2025-12-12,S1,P7,6,15
2025-12-13,S1,P7,6,55
2025-12-14,S1,P7,4,51
2025-12-15,S1,P7,1,50
2025-12-16,S1,P7,5,45
2025-12-17,S1,P7,3,42
2025-12-18,S1,P7,7,35
2025-12-19,S1,P7,3,32
2025-12-20,S1,P7,3,29
2025-12-21,S1,P7,4,25
2025-12-22,S1,P7,7,18
2025-12-23,S1,P7,4,14
2025-12-24,S1,P7,3,67
2025-12-25,S1,P7,1,66
2025-12-26,S1,P7,4,62
2025-12-27,S1,P7,5,57
2025-12-28,S1,P7,4,53
2025-12-29,S1,P7,3,50
2025-12-30,S1,P7,2,48
2025-12-31,S1,P7,5,43
2026-01-01,S1,P7,4,39
2026-01-02,S1,P7,3,36
2026-01-03,S1,P7,4,32
2026-01-04,S1,P7,4,28
2026-01-05,S1,P7,3,25
2026-01-06,S1,P7,5,20
2026-01-07,S1,P7,6,14
2026-01-08,S1,P7,6,50
2026-01-09,S1,P7,2,48
2026-01-10,S1,P7,11,37
2026-01-11,S1,P7,5,32
2026-01-12,S1,P7,1,31
2026-01-13,S1,P7,3,28
2026-01-14,S1,P7,7,21
2026-01-15,S1,P7,8,98
2026-01-16,S1,P7,7,91
2026-01-17,S1,P7,3,88
2026-01-18,S1,P7,2,86
2026-01-19,S1,P7,4,82
2026-01-20,S1,P7,2,80
2026-01-21,S1,P7,5,75
2026-01-22,S1,P7,5,70
2026-01-23,S1,P7,5,65
2026-01-24,S1,P7,4,61
2026-01-25,S1,P7,3,58
2026-01-26,S1,P7,6,52
2026-01-27,S1,P7,8,44
2026-01-28,S1,P7,6,38
2026-01-29,S1,P7,4,34
2026-01-30,S1,P7,6,28
2026-01-31,S1,P7,6,22
2026-02-01,S1,P7,4,18
2026-02-02,S1,P7,1,17
2026-02-03,S1,P7,3,14
2026-02-04,S1,P7,6,61
2026-02-05,S1,P7,3,58
2026-02-06,S1,P7,5,53
2026-02-07,S1,P7,5,48
2026-02-08,S1,P7,3,45
2026-02-09,S1,P7,7,38
2026-02-10,S1,P7,6,32
2026-02-11,S1,P7,4,28
2026-02-12,S1,P7,5,23
2026-02-13,S1,P7,6,17
2026-02-14,S1,P7,3,14
2026-02-15,S1,P7,7,50
2026-02-16,S1,P7,6,44
2026-02-17,S1,P7,3,41
2026-02-18,S1,P7,4,37
2026-02-19,S1,P7,4,33
2026-02-20,S1,P7,3,30
2026-02-21,S1,P7,5,25
2026-02-22,S1,P7,10,15
2026-02-23,S1,P7,7,67
2026-02-24,S1,P7,5,62
2026-02-25,S1,P7,8,54
2026-02-26,S1,P7,5,49
2026-02-27,S1,P7,6,43
2026-02-28,S1,P7,6,37
2026-03-01,S1,P7,4,33
2026-03-02,S1,P7,3,30
2026-03-03,S1,P7,7,23
2026-03-04,S1,P7,5,18
2026-03-05,S1,P7,2,16
2026-03-06,S1,P7,7,62
2026-03-07,S1,P7,8,54
2026-03-08,S1,P7,2,52
2026-03-09,S1,P7,5,47
2026-03-10,S1,P7,7,40
2026-03-11,S1,P7,1,39
2026-03-12,S1,P7,1,38
2026-03-13,S1,P7,7,31
2026-03-14,S1,P7,5,26
2025-09-01,S1,P8,0,40
2025-09-02,S1,P8,1,39
2025-09-03,S1,P8,1,38
2025-09-04,S1,P8,1,37
2025-09-05,S1,P8,2,35
2025-09-06,S1,P8,0,35
2025-09-07,S1,P8,3,32
2025-09-08,S1,P8,4,28
2025-09-09,S1,P8,2,26
2025-09-10,S1,P8,2,24
2025-09-11,S1,P8,0,24
2025-09-12,S1,P8,1,23
2025-09-13,S1,P8,3,20
2025-09-14,S1,P8,0,20
2025-09-15,S1,P8,3,17
2025-09-16,S1,P8,2,15
2025-09-17,S1,P8,2,13
2025-09-18,S1,P8,0,13
2025-09-19,S1,P8,1,12
2025-09-20,S1,P8,3,9
2025-09-21,S1,P8,3,6
2025-09-22,S1,P8,1,5
2025-09-23,S1,P8,0,5
2025-09-24,S1,P8,2,24
2025-09-25,S1,P8,0,24
2025-09-26,S1,P8,2,22
2025-09-27,S1,P8,3,19
2025-09-28,S1,P8,2,17
2025-09-29,S1,P8,2,15
2025-09-30,S1,P8,0,15
2025-10-01,S1,P8,4,11
2025-10-02,S1,P8,3,8
2025-10-03,S1,P8,1,7
2025-10-04,S1,P8,2,5
2025-10-05,S1,P8,0,5
2025-10-06,S1,P8,3,30
2025-10-07,S1,P8,2,28
2025-10-08,S1,P8,1,27
2025-10-09,S1,P8,0,27
2025-10-10,S1,P8,0,27
2025-10-11,S1,P8,4,23
2025-10-12,S1,P8,0,23
2025-10-13,S1,P8,3,20
2025-10-14,S1,P8,2,18
2025-10-15,S1,P8,0,18
2025-10-16,S1,P8,4,14
2025-10-17,S1,P8,1,13
2025-10-18,S1,P8,3,10
2025-10-19,S1,P8,0,10
2025-10-20,S1,P8,1,9
2025-10-21,S1,P8,0,9
2025-10-22,S1,P8,2,7
2025-10-23,S1,P8,1,6
2025-10-24,S1,P8,2,28
2025-10-25,S1,P8,1,27
2025-10-26,S1,P8,4,23
2025-10-27,S1,P8,2,21
2025-10-28,S1,P8,2,19
2025-10-29,S1,P8,4,15
2025-10-30,S1,P8,0,15
2025-10-31,S1,P8,0,15
2025-11-01,S1,P8,1,14
2025-11-02,S1,P8,1,13
2025-11-03,S1,P8,3,10
2025-11-04,S1,P8,1,9
2025-11-05,S1,P8,1,8
2025-11-06,S1,P8,4,27
2025-11-07,S1,P8,3,24
2025-11-08,S1,P8,3,21
2025-11-09,S1,P8,0,21
2025-11-10,S1,P8,2,19
2025-11-11,S1,P8,2,17
2025-11-12,S1,P8,3,14
2025-11-13,S1,P8,2,12
2025-11-14,S1,P8,3,9
2025-11-15,S1,P8,2,7
2025-11-16,S1,P8,3,31
2025-11-17,S1,P8,1,30
2025-11-18,S1,P8,3,27
2025-11-19,S1,P8,1,26
2025-11-20,S1,P8,2,24
2025-11-21,S1,P8,4,20
2025-11-22,S1,P8,3,17
2025-11-23,S1,P8,0,17
2025-11-24,S1,P8,0,17
2025-11-25,S1,P8,2,15
2025-11-26,S1,P8,1,14
2025-11-27,S1,P8,2,12
2025-11-28,S1,P8,1,11
2025-11-29,S1,P8,3,8
2025-11-30,S1,P8,2,6
2025-12-01,S1,P8,0,6
2025-12-02,S1,P8,1,5
2025-12-03,S1,P8,1,24
2025-12-04,S1,P8,1,23
2025-12-05,S1,P8,1,22
2025-12-06,S1,P8,2,20
2025-12-07,S1,P8,3,17
2025-12-08,S1,P8,2,15
2025-12-09,S1,P8,0,15
2025-12-10,S1,P8,3,12
2025-12-11,S1,P8,1,11
2025-12-12,S1,P8,4,7
2025-12-13,S1,P8,3,18
2025-12-14,S1,P8,3,15
2025-12-15,S1,P8,2,13
2025-12-16,S1,P8,2,11
2025-12-17,S1,P8,3,8
2025-12-18,S1,P8,0,8
2025-12-19,S1,P8,0,8
2025-12-20,S1,P8,0,8
2025-12-21,S1,P8,5,20
2025-12-22,S1,P8,0,20
2025-12-23,S1,P8,0,20
2025-12-24,S1,P8,1,19
2025-12-25,S1,P8,2,17
2025-12-26,S1,P8,2,15
2025-12-27,S1,P8,3,12
2025-12-28,S1,P8,1,11
2025-12-29,S1,P8,1,10
2025-12-30,S1,P8,1,9
2025-12-31,S1,P8,0,9
2026-01-01,S1,P8,1,8
2026-01-02,S1,P8,3,5
2026-01-03,S1,P8,0,5
2026-01-04,S1,P8,2,19
2026-01-05,S1,P8,2,17
2026-01-06,S1,P8,1,16
2026-01-07,S1,P8,0,16
2026-01-08,S1,P8,1,15
2026-01-09,S1,P8,0,15
2026-01-10,S1,P8,1,14
2026-01-11,S1,P8,4,10
2026-01-12,S1,P8,1,9
2026-01-13,S1,P8,1,8
2026-01-14,S1,P8,1,7
2026-01-15,S1,P8,3,29
2026-01-16,S1,P8,1,28
2026-01-17,S1,P8,2,26
2026-01-18,S1,P8,0,26
2026-01-19,S1,P8,2,24
2026-01-20,S1,P8,3,21
2026-01-21,S1,P8,2,19
2026-01-22,S1,P8,1,18
2026-01-23,S1,P8,0,18
2026-01-24,S1,P8,0,18
2026-01-25,S1,P8,2,16
2026-01-26,S1,P8,4,12
2026-01-27,S1,P8,4,8
2026-01-28,S1,P8,2,6
2026-01-29,S1,P8,5,20
2026-01-30,S1,P8,2,18
2026-01-31,S1,P8,4,14
2026-02-01,S1,P8,1,13
2026-02-02,S1,P8,2,11
2026-02-03,S1,P8,4,7
2026-02-04,S1,P8,2,5
2026-02-05,S1,P8,1,28
2026-02-06,S1,P8,2,26
2026-02-07,S1,P8,3,23
2026-02-08,S1,P8,1,22
2026-02-09,S1,P8,4,18
2026-02-10,S1,P8,2,16
2026-02-11,S1,P8,2,14
2026-02-12,S1,P8,3,11
2026-02-13,S1,P8,1,10
2026-02-14,S1,P8,4,6
2026-02-15,S1,P8,2,29
2026-02-16,S1,P8,3,26
2026-02-17,S1,P8,1,25
2026-02-18,S1,P8,0,25
2026-02-19,S1,P8,3,22
2026-02-20,S1,P8,2,20
2026-02-21,S1,P8,2,18
2026-02-22,S1,P8,1,17
2026-02-23,S1,P8,4,13
2026-02-24,S1,P8,2,11
2026-02-25,S1,P8,1,10
2026-02-26,S1,P8,0,10
2026-02-27,S1,P8,2,8
2026-02-28,S1,P8,3,5
2026-03-01,S1,P8,0,5
2026-03-02,S1,P8,2,19
2026-03-03,S1,P8,2,17
2026-03-04,S1,P8,2,15
2026-03-05,S1,P8,2,13
2026-03-06,S1,P8,2,11
2026-03-07,S1,P8,2,9
2026-03-08,S1,P8,6,32
2026-03-09,S1,P8,4,28
2026-03-10,S1,P8,1,27
2026-03-11,S1,P8,1,26
2026-03-12,S1,P8,0,26
2026-03-13,S1,P8,2,24
2026-03-14,S1,P8,0,24
2025-09-01,S1,P9,0,10
2025-09-02,S1,P9,0,10
2025-09-03,S1,P9,1,9
2025-09-04,S1,P9,2,7
2025-09-05,S1,P9,0,7
2025-09-06,S1,P9,0,7
2025-09-07,S1,P9,0,7
2025-09-08,S1,P9,2,5
2025-09-09,S1,P9,1,4
2025-09-10,S1,P9,0,4
2025-09-11,S1,P9,2,13
2025-09-12,S1,P9,2,11
2025-09-13,S1,P9,0,11
2025-09-14,S1,P9,1,10
2025-09-15,S1,P9,2,8
2025-09-16,S1,P9,2,6
2025-09-17,S1,P9,2,4
2025-09-18,S1,P9,0,4
2025-09-19,S1,P9,1,3
2025-09-20,S1,P9,3,10
2025-09-21,S1,P9,1,9
2025-09-22,S1,P9,1,8
2025-09-23,S1,P9,2,6
2025-09-24,S1,P9,0,6
2025-09-25,S1,P9,0,6
2025-09-26,S1,P9,1,5
2025-09-27,S1,P9,3,12
2025-09-28,S1,P9,1,11
2025-09-29,S1,P9,2,9
2025-09-30,S1,P9,0,9
2025-10-01,S1,P9,0,9
2025-10-02,S1,P9,1,8
2025-10-03,S1,P9,1,7
2025-10-04,S1,P9,0,7
2025-10-05,S1,P9,2,5
2025-10-06,S1,P9,1,4
2025-10-07,S1,P9,0,4
2025-10-08,S1,P9,1,3
2025-10-09,S1,P9,2,11
2025-10-10,S1,P9,0,11
2025-10-11,S1,P9,0,11
2025-10-12,S1,P9,0,11
2025-10-13,S1,P9,2,9
2025-10-14,S1,P9,2,7
2025-10-15,S1,P9,1,6
2025-10-16,S1,P9,1,5
2025-10-17,S1,P9,0,5
2025-10-18,S1,P9,1,4
2025-10-19,S1,P9,1,3
2025-10-20,S1,P9,1,17
2025-10-21,S1,P9,2,15
2025-10-22,S1,P9,1,14
2025-10-23,S1,P9,0,14
2025-10-24,S1,P9,1,13
2025-10-25,S1,P9,1,12
2025-10-26,S1,P9,0,12
2025-10-27,S1,P9,0,12
2025-10-28,S1,P9,0,12
2025-10-29,S1,P9,1,11
2025-10-30,S1,P9,1,10
2025-10-31,S1,P9,0,10
2025-11-01,S1,P9,2,8
2025-11-02,S1,P9,1,7
2025-11-03,S1,P9,2,5
2025-11-04,S1,P9,1,4
2025-11-05,S1,P9,0,4
2025-11-06,S1,P9,1,3
2025-11-07,S1,P9,2,15
2025-11-08,S1,P9,0,15
2025-11-09,S1,P9,1,14
2025-11-10,S1,P9,0,14
2025-11-11,S1,P9,0,14
2025-11-12,S1,P9,3,11
2025-11-13,S1,P9,0,11
2025-11-14,S1,P9,1,10
2025-11-15,S1,P9,0,10
2025-11-16,S1,P9,1,9
2025-11-17,S1,P9,1,8
2025-11-18,S1,P9,4,4
2025-11-19,S1,P9,1,3
2025-11-20,S1,P9,0,3
2025-11-21,S1,P9,3,13
2025-11-22,S1,P9,2,11
2025-11-23,S1,P9,0,11
2025-11-24,S1,P9,0,11
2025-11-25,S1,P9,1,10
2025-11-26,S1,P9,1,9
2025-11-27,S1,P9,1,8
2025-11-28,S1,P9,1,7
2025-11-29,S1,P9,4,3
2025-11-30,S1,P9,0,3
2025-12-01,S1,P9,2,16
2025-12-02,S1,P9,1,15
2025-12-03,S1,P9,0,15
2025-12-04,S1,P9,2,13
2025-12-05,S1,P9,3,10
2025-12-06,S1,P9,1,9
2025-12-07,S1,P9,0,9
2025-12-08,S1,P9,1,8
2025-12-09,S1,P9,1,7
2025-12-10,S1,P9,0,7
2025-12-11,S1,P9,1,6
2025-12-12,S1,P9,0,6
2025-12-13,S1,P9,2,4
2025-12-14,S1,P9,1,3
2025-12-15,S1,P9,0,3
2025-12-16,S1,P9,0,3
2025-12-17,S1,P9,0,3
2025-12-18,S1,P9,0,3
2025-12-19,S1,P9,2,11
2025-12-20,S1,P9,1,10
2025-12-21,S1,P9,0,10
2025-12-22,S1,P9,0,10
2025-12-23,S1,P9,0,10
2025-12-24,S1,P9,0,10
2025-12-25,S1,P9,0,10
2025-12-26,S1,P9,0,10
2025-12-27,S1,P9,0,10
2025-12-28,S1,P9,0,10
2025-12-29,S1,P9,1,9
2025-12-30,S1,P9,0,9
2025-12-31,S1,P9,3,6
2026-01-01,S1,P9,0,6
2026-01-02,S1,P9,1,5
2026-01-03,S1,P9,2,3
2026-01-04,S1,P9,1,15
2026-01-05,S1,P9,0,15
2026-01-06,S1,P9,0,15
2026-01-07,S1,P9,1,14
2026-01-08,S1,P9,0,14
2026-01-09,S1,P9,1,13
2026-01-10,S1,P9,1,12
2026-01-11,S1,P9,0,12
2026-01-12,S1,P9,2,10
2026-01-13,S1,P9,0,10
2026-01-14,S1,P9,0,10
2026-01-15,S1,P9,1,9
2026-01-16,S1,P9,1,8
2026-01-17,S1,P9,1,7
2026-01-18,S1,P9,2,5
2026-01-19,S1,P9,2,3
2026-01-20,S1,P9,0,3
2026-01-21,S1,P9,2,15
2026-01-22,S1,P9,1,14
2026-01-23,S1,P9,0,14
2026-01-24,S1,P9,1,13
2026-01-25,S1,P9,0,13
2026-01-26,S1,P9,0,13
2026-01-27,S1,P9,0,13
2026-01-28,S1,P9,1,12
2026-01-29,S1,P9,0,12
2026-01-30,S1,P9,2,10
2026-01-31,S1,P9,1,9
2026-02-01,S1,P9,2,7
2026-02-02,S1,P9,2,5
2026-02-03,S1,P9,2,3
2026-02-04,S1,P9,0,3
2026-02-05,S1,P9,1,13
2026-02-06,S1,P9,1,12
2026-02-07,S1,P9,0,12
2026-02-08,S1,P9,0,12
2026-02-09,S1,P9,1,11
2026-02-10,S1,P9,1,10
2026-02-11,S1,P9,2,8
2026-02-12,S1,P9,1,7
2026-02-13,S1,P9,0,7
2026-02-14,S1,P9,0,7
2026-02-15,S1,P9,1,6
2026-02-16,S1,P9,0,6
2026-02-17,S1,P9,0,6
2026-02-18,S1,P9,0,6
2026-02-19,S1,P9,2,4
2026-02-20,S1,P9,1,3
2026-02-21,S1,P9,0,3
2026-02-22,S1,P9,1,13
2026-02-23,S1,P9,2,11
2026-02-24,S1,P9,1,10
2026-02-25,S1,P9,1,9
2026-02-26,S1,P9,1,8
2026-02-27,S1,P9,1,7
2026-02-28,S1,P9,0,7
2026-03-01,S1,P9,1,6
2026-03-02,S1,P9,2,4
2026-03-03,S1,P9,0,4
2026-03-04,S1,P9,4,11
2026-03-05,S1,P9,0,11
2026-03-06,S1,P9,1,10
2026-03-07,S1,P9,2,8
2026-03-08,S1,P9,2,6
2026-03-09,S1,P9,1,5
2026-03-10,S1,P9,0,5
2026-03-11,S1,P9,1,4
2026-03-12,S1,P9,2,12
2026-03-13,S1,P9,2,10
2026-03-14,S1,P9,1,9
2025-09-01,S1,P10,7,110
2025-09-02,S1,P10,1,109
2025-09-03,S1,P10,6,103
2025-09-04,S1,P10,5,98
2025-09-05,S1,P10,9,89
2025-09-06,S1,P10,6,83
2025-09-07,S1,P10,7,76
2025-09-08,S1,P10,3,73
2025-09-09,S1,P10,5,68
2025-09-10,S1,P10,6,62
2025-09-11,S1,P10,7,55
2025-09-12,S1,P10,8,47
2025-09-13,S1,P10,6,41
2025-09-14,S1,P10,5,36
2025-09-15,S1,P10,5,31
2025-09-16,S1,P10,7,24
2025-09-17,S1,P10,6,142
2025-09-18,S1,P10,7,135
2025-09-19,S1,P10,10,125
2025-09-20,S1,P10,10,115
2025-09-21,S1,P10,4,111
2025-09-22,S1,P10,7,104
2025-09-23,S1,P10,7,97
2025-09-24,S1,P10,9,88
2025-09-25,S1,P10,4,84
2025-09-26,S1,P10,13,71
2025-09-27,S1,P10,8,63
2025-09-28,S1,P10,9,54
2025-09-29,S1,P10,9,45
2025-09-30,S1,P10,7,38
2025-10-01,S1,P10,3,35
2025-10-02,S1,P10,7,28
2025-10-03,S1,P10,7,137
2025-10-04,S1,P10,8,129
2025-10-05,S1,P10,6,123
2025-10-06,S1,P10,11,112
2025-10-07,S1,P10,5,107
2025-10-08,S1,P10,10,97
2025-10-09,S1,P10,7,90
2025-10-10,S1,P10,10,80
2025-10-11,S1,P10,19,61
2025-10-12,S1,P10,7,54
2025-10-13,S1,P10,8,46
2025-10-14,S1,P10,9,37
2025-10-15,S1,P10,14,23
2025-10-16,S1,P10,6,93
2025-10-17,S1,P10,11,82
2025-10-18,S1,P10,5,77
2025-10-19,S1,P10,5,72
2025-10-20,S1,P10,5,67
2025-10-21,S1,P10,8,59
2025-10-22,S1,P10,6,53
2025-10-23,S1,P10,2,51
2025-10-24,S1,P10,3,48
2025-10-25,S1,P10,7,41
2025-10-26,S1,P10,8,33
2025-10-27,S1,P10,10,23
2025-10-28,S1,P10,9,92
2025-10-29,S1,P10,10,82
2025-10-30,S1,P10,6,76
2025-10-31,S1,P10,8,68
2025-11-01,S1,P10,9,59
2025-11-02,S1,P10,9,50
2025-11-03,S1,P10,5,45
2025-11-04,S1,P10,5,40
2025-11-05,S1,P10,9,31
2025-11-06,S1,P10,7,24
2025-11-07,S1,P10,5,115
2025-11-08,S1,P10,8,107
2025-11-09,S1,P10,4,103
2025-11-10,S1,P10,6,97
2025-11-11,S1,P10,7,90
2025-11-12,S1,P10,11,79
2025-11-13,S1,P10,9,70
2025-11-14,S1,P10,8,62
2025-11-15,S1,P10,14,48
2025-11-16,S1,P10,9,39
2025-11-17,S1,P10,7,32
2025-11-18,S1,P10,7,25
2025-11-19,S1,P10,7,104
2025-11-20,S1,P10,6,98
2025-11-21,S1,P10,6,92
2025-11-22,S1,P10,8,84
2025-11-23,S1,P10,7,77
2025-11-24,S1,P10,6,71
2025-11-25,S1,P10,8,63
2025-11-26,S1,P10,6,57
2025-11-27,S1,P10,11,46
2025-11-28,S1,P10,4,42
2025-11-29,S1,P10,16,26
2025-11-30,S1,P10,11,115
2025-12-01,S1,P10,6,109
2025-12-02,S1,P10,7,102
2025-12-03,S1,P10,6,96
2025-12-04,S1,P10,5,91
2025-12-05,S1,P10,13,78
2025-12-06,S1,P10,8,70
2025-12-07,S1,P10,3,67
2025-12-08,S1,P10,6,61
2025-12-09,S1,P10,2,59
2025-12-10,S1,P10,10,49
2025-12-11,S1,P10,6,43
2025-12-12,S1,P10,10,33
2025-12-13,S1,P10,7,26
2025-12-14,S1,P10,6,113
2025-12-15,S1,P10,5,108
2025-12-16,S1,P10,10,98
2025-12-17,S1,P10,8,90
2025-12-18,S1,P10,5,85
2025-12-19,S1,P10,11,74
2025-12-20,S1,P10,15,59
2025-12-21,S1,P10,6,53
2025-12-22,S1,P10,5,48
2025-12-23,S1,P10,6,42
2025-12-24,S1,P10,10,32
2025-12-25,S1,P10,5,27
2025-12-26,S1,P10,5,22
2025-12-27,S1,P10,8,141
2025-12-28,S1,P10,5,136
2025-12-29,S1,P10,11,125
2025-12-30,S1,P10,5,120
2025-12-31,S1,P10,12,108
2026-01-01,S1,P10,5,103
2026-01-02,S1,P10,13,90
2026-01-03,S1,P10,5,85
2026-01-04,S1,P10,14,71
2026-01-05,S1,P10,9,62
2026-01-06,S1,P10,4,58
2026-01-07,S1,P10,9,49
2026-01-08,S1,P10,8,41
2026-01-09,S1,P10,6,35
2026-01-10,S1,P10,7,28
2026-01-11,S1,P10,5,23
2026-01-12,S1,P10,8,122
2026-01-13,S1,P10,11,111
2026-01-14,S1,P10,11,100
2026-01-15,S1,P10,8,92
2026-01-16,S1,P10,10,82
2026-01-17,S1,P10,9,73
2026-01-18,S1,P10,6,67
2026-01-19,S1,P10,11,56
2026-01-20,S1,P10,10,46
2026-01-21,S1,P10,8,38
2026-01-22,S1,P10,8,30
2026-01-23,S1,P10,5,25
2026-01-24,S1,P10,8,127
2026-01-25,S1,P10,9,118
2026-01-26,S1,P10,10,108
2026-01-27,S1,P10,7,101
2026-01-28,S1,P10,4,97
2026-01-29,S1,P10,7,90
2026-01-30,S1,P10,9,81
2026-01-31,S1,P10,6,75
2026-02-01,S1,P10,4,71
2026-02-02,S1,P10,9,62
2026-02-03,S1,P10,8,54
2026-02-04,S1,P10,8,46
2026-02-05,S1,P10,12,34
2026-02-06,S1,P10,7,27
2026-02-07,S1,P10,8,134
2026-02-08,S1,P10,9,125
2026-02-09,S1,P10,8,117
2026-02-10,S1,P10,4,113
2026-02-11,S1,P10,9,104
2026-02-12,S1,P10,6,98
2026-02-13,S1,P10,6,92
2026-02-14,S1,P10,13,79
2026-02-15,S1,P10,7,72
2026-02-16,S1,P10,8,64
2026-02-17,S1,P10,5,59
2026-02-18,S1,P10,4,55
2026-02-19,S1,P10,8,47
2026-02-20,S1,P10,10,37
2026-02-21,S1,P10,9,28
2026-02-22,S1,P10,7,115
2026-02-23,S1,P10,7,108
2026-02-24,S1,P10,11,97
2026-02-25,S1,P10,10,87
2026-02-26,S1,P10,9,78
2026-02-27,S1,P10,6,72
2026-02-28,S1,P10,9,63
2026-03-01,S1,P10,3,60
2026-03-02,S1,P10,11,49
2026-03-03,S1,P10,7,42
2026-03-04,S1,P10,10,32
2026-03-05,S1,P10,11,136
2026-03-06,S1,P10,7,129
2026-03-07,S1,P10,10,119
2026-03-08,S1,P10,6,113
2026-03-09,S1,P10,8,105
2026-03-10,S1,P10,5,100
2026-03-11,S1,P10,7,93
2026-03-12,S1,P10,9,84
2026-03-13,S1,P10,7,77
2026-03-14,S1,P10,9,68
2025-09-01,S1,P11,3,38
2025-09-02,S1,P11,7,31
2025-09-03,S1,P11,2,29
2025-09-04,S1,P11,3,26
2025-09-05,S1,P11,1,25
2025-09-06,S1,P11,4,21
2025-09-07,S1,P11,1,20
2025-09-08,S1,P11,3,17
2025-09-09,S1,P11,5,12
2025-09-10,S1,P11,2,10
2025-09-11,S1,P11,0,10
2025-09-12,S1,P11,2,8
2025-09-13,S1,P11,1,41
2025-09-14,S1,P11,2,39
2025-09-15,S1,P11,2,37
2025-09-16,S1,P11,2,35
2025-09-17,S1,P11,3,32
2025-09-18,S1,P11,2,30
2025-09-19,S1,P11,6,24
2025-09-20,S1,P11,2,22
2025-09-21,S1,P11,4,18
2025-09-22,S1,P11,0,18
2025-09-23,S1,P11,1,17
2025-09-24,S1,P11,4,13
2025-09-25,S1,P11,0,13
2025-09-26,S1,P11,2,11
2025-09-27,S1,P11,3,8
2025-09-28,S1,P11,5,39
2025-09-29,S1,P11,3,36
2025-09-30,S1,P11,3,33
2025-10-01,S1,P11,4,29
2025-10-02,S1,P11,5,24
2025-10-03,S1,P11,3,21
2025-10-04,S1,P11,4,17
2025-10-05,S1,P11,4,13
2025-10-06,S1,P11,2,11
2025-10-07,S1,P11,3,8
2025-10-08,S1,P11,0,8
2025-10-09,S1,P11,1,57
2025-10-10,S1,P11,3,54
2025-10-11,S1,P11,2,52
2025-10-12,S1,P11,1,51
2025-10-13,S1,P11,2,49
2025-10-14,S1,P11,5,44
2025-10-15,S1,P11,3,41
2025-10-16,S1,P11,3,38
2025-10-17,S1,P11,3,35
2025-10-18,S1,P11,0,35
2025-10-19,S1,P11,2,33
2025-10-20,S1,P11,3,30
2025-10-21,S1,P11,2,28
2025-10-22,S1,P11,2,26
2025-10-23,S1,P11,2,24
2025-10-24,S1,P11,2,22
2025-10-25,S1,P11,3,19
2025-10-26,S1,P11,2,17
2025-10-27,S1,P11,2,15
2025-10-28,S1,P11,2,13
2025-10-29,S1,P11,2,11
2025-10-30,S1,P11,2,9
2025-10-31,S1,P11,4,38
2025-11-01,S1,P11,0,38
2025-11-02,S1,P11,6,32
2025-11-03,S1,P11,4,28
2025-11-04,S1,P11,4,24
2025-11-05,S1,P11,4,20
2025-11-06,S1,P11,3,17
2025-11-07,S1,P11,4,13
2025-11-08,S1,P11,3,10
2025-11-09,S1,P11,1,9
2025-11-10,S1,P11,3,49
2025-11-11,S1,P11,3,46
2025-11-12,S1,P11,0,46
2025-11-13,S1,P11,3,43
2025-11-14,S1,P11,6,37
2025-11-15,S1,P11,3,34
2025-11-16,S1,P11,4,30
2025-11-17,S1,P11,3,27
2025-11-18,S1,P11,2,25
2025-11-19,S1,P11,4,21
2025-11-20,S1,P11,0,21
2025-11-21,S1,P11,6,15
2025-11-22,S1,P11,2,13
2025-11-23,S1,P11,2,11
2025-11-24,S1,P11,0,11
2025-11-25,S1,P11,2,9
2025-11-26,S1,P11,1,8
2025-11-27,S1,P11,0,8
2025-11-28,S1,P11,2,31
2025-11-29,S1,P11,6,25
2025-11-30,S1,P11,5,20
2025-12-01,S1,P11,3,17
2025-12-02,S1,P11,3,14
2025-12-03,S1,P11,2,12
2025-12-04,S1,P11,1,11
2025-12-05,S1,P11,2,9
2025-12-06,S1,P11,4,51
2025-12-07,S1,P11,1,50
2025-12-08,S1,P11,0,50
2025-12-09,S1,P11,2,48
2025-12-10,S1,P11,1,47
2025-12-11,S1,P11,2,45
2025-12-12,S1,P11,3,42
2025-12-13,S1,P11,1,41
2025-12-14,S1,P11,4,37
2025-12-15,S1,P11,2,35
2025-12-16,S1,P11,4,31
2025-12-17,S1,P11,5,26
2025-12-18,S1,P11,2,24
2025-12-19,S1,P11,3,21
2025-12-20,S1,P11,3,18
2025-12-21,S1,P11,4,14
2025-12-22,S1,P11,4,10
2025-12-23,S1,P11,4,42
2025-12-24,S1,P11,3,39
2025-12-25,S1,P11,3,36
2025-12-26,S1,P11,4,32
2025-12-27,S1,P11,2,30
2025-12-28,S1,P11,1,29
2025-12-29,S1,P11,2,27
2025-12-30,S1,P11,4,23
2025-12-31,S1,P11,0,23
2026-01-01,S1,P11,3,20
2026-01-02,S1,P11,0,20
2026-01-03,S1,P11,6,14
2026-01-04,S1,P11,4,10
2026-01-05,S1,P11,2,8
2026-01-06,S1,P11,4,42
2026-01-07,S1,P11,5,37
2026-01-08,S1,P11,3,34
2026-01-09,S1,P11,2,32
2026-01-10,S1,P11,3,29
2026-01-11,S1,P11,3,26
2026-01-12,S1,P11,1,25
2026-01-13,S1,P11,1,24
2026-01-14,S1,P11,1,23
2026-01-15,S1,P11,3,20
2026-01-16,S1,P11,5,15
2026-01-17,S1,P11,4,11
2026-01-18,S1,P11,0,11
2026-01-19,S1,P11,0,11
2026-01-20,S1,P11,3,8
2026-01-21,S1,P11,2,54
2026-01-22,S1,P11,2,52
2026-01-23,S1,P11,2,50
2026-01-24,S1,P11,7,43
2026-01-25,S1,P11,1,42
2026-01-26,S1,P11,2,40
2026-01-27,S1,P11,3,37
2026-01-28,S1,P11,4,33
2026-01-29,S1,P11,3,30
2026-01-30,S1,P11,1,29
2026-01-31,S1,P11,2,27
2026-02-01,S1,P11,7,20
2026-02-02,S1,P11,0,20
2026-02-03,S1,P11,4,16
2026-02-04,S1,P11,0,16
2026-02-05,S1,P11,5,11
2026-02-06,S1,P11,3,8
2026-02-07,S1,P11,3,35
2026-02-08,S1,P11,4,31
2026-02-09,S1,P11,1,30
2026-02-10,S1,P11,6,24
2026-02-11,S1,P11,3,21
2026-02-12,S1,P11,0,21
2026-02-13,S1,P11,4,17
2026-02-14,S1,P11,2,15
2026-02-15,S1,P11,4,11
2026-02-16,S1,P11,1,10
2026-02-17,S1,P11,1,9
2026-02-18,S1,P11,5,41
2026-02-19,S1,P11,6,35
2026-02-20,S1,P11,0,35
2026-02-21,S1,P11,3,32
2026-02-22,S1,P11,2,30
2026-02-23,S1,P11,0,30
2026-02-24,S1,P11,6,24
2026-02-25,S1,P11,4,20
2026-02-26,S1,P11,0,20
2026-02-27,S1,P11,4,16
2026-02-28,S1,P11,7,9
2026-03-01,S1,P11,3,40
2026-03-02,S1,P11,1,39
2026-03-03,S1,P11,1,38
2026-03-04,S1,P11,2,36
2026-03-05,S1,P11,3,33
2026-03-06,S1,P11,2,31
2026-03-07,S1,P11,0,31
2026-03-08,S1,P11,3,28
2026-03-09,S1,P11,4,24
2026-03-10,S1,P11,0,24
2026-03-11,S1,P11,2,22
2026-03-12,S1,P11,0,22
2026-03-13,S1,P11,1,21
2026-03-14,S1,P11,4,17
2025-09-01,S1,P12,0,8
2025-09-02,S1,P12,0,8
2025-09-03,S1,P12,0,8
2025-09-04,S1,P12,0,8
2025-09-05,S1,P12,0,8
2025-09-06,S1,P12,0,8
2025-09-07,S1,P12,0,8
2025-09-08,S1,P12,0,8
2025-09-09,S1,P12,0,8
2025-09-10,S1,P12,1,7
2025-09-11,S1,P12,0,7
2025-09-12,S1,P12,0,7
2025-09-13,S1,P12,0,7
2025-09-14,S1,P12,0,7
2025-09-15,S1,P12,1,6
2025-09-16,S1,P12,1,5
2025-09-17,S1,P12,0,5
2025-09-18,S1,P12,0,5
2025-09-19,S1,P12,0,5
2025-09-20,S1,P12,0,5
2025-09-21,S1,P12,1,4
2025-09-22,S1,P12,0,4
2025-09-23,S1,P12,0,4
2025-09-24,S1,P12,1,3
2025-09-25,S1,P12,0,3
2025-09-26,S1,P12,0,3
2025-09-27,S1,P12,2,11
2025-09-28,S1,P12,0,11
2025-09-29,S1,P12,0,11
2025-09-30,S1,P12,1,10
2025-10-01,S1,P12,0,10
2025-10-02,S1,P12,0,10
2025-10-03,S1,P12,0,10
2025-10-04,S1,P12,0,10
2025-10-05,S1,P12,0,10
2025-10-06,S1,P12,0,10
2025-10-07,S1,P12,0,10
2025-10-08,S1,P12,2,8
2025-10-09,S1,P12,0,8
2025-10-10,S1,P12,0,8
2025-10-11,S1,P12,0,8
2025-10-12,S1,P12,0,8
2025-10-13,S1,P12,0,8
2025-10-14,S1,P12,0,8
2025-10-15,S1,P12,0,8
2025-10-16,S1,P12,1,7
2025-10-17,S1,P12,0,7
2025-10-18,S1,P12,0,7
2025-10-19,S1,P12,1,6
2025-10-20,S1,P12,0,6
2025-10-21,S1,P12,0,6
2025-10-22,S1,P12,0,6
2025-10-23,S1,P12,0,6
2025-10-24,S1,P12,0,6
2025-10-25,S1,P12,0,6
2025-10-26,S1,P12,0,6
2025-10-27,S1,P12,0,6
2025-10-28,S1,P12,2,4
2025-10-29,S1,P12,2,12
2025-10-30,S1,P12,0,12
2025-10-31,S1,P12,1,11
2025-11-01,S1,P12,1,10
2025-11-02,S1,P12,1,9
2025-11-03,S1,P12,1,8
2025-11-04,S1,P12,0,8
2025-11-05,S1,P12,1,7
2025-11-06,S1,P12,2,5
2025-11-07,S1,P12,0,5
2025-11-08,S1,P12,1,4
2025-11-09,S1,P12,0,4
2025-11-10,S1,P12,0,4
2025-11-11,S1,P12,0,4
2025-11-12,S1,P12,0,4
2025-11-13,S1,P12,0,4
2025-11-14,S1,P12,0,4
2025-11-15,S1,P12,0,4
2025-11-16,S1,P12,0,4
2025-11-17,S1,P12,0,4
2025-11-18,S1,P12,1,3
2025-11-19,S1,P12,0,3
2025-11-20,S1,P12,0,3
2025-11-21,S1,P12,0,3
2025-11-22,S1,P12,1,12
2025-11-23,S1,P12,0,12
2025-11-24,S1,P12,0,12
2025-11-25,S1,P12,0,12
2025-11-26,S1,P12,0,12
2025-11-27,S1,P12,1,11
2025-11-28,S1,P12,1,10
2025-11-29,S1,P12,0,10
2025-11-30,S1,P12,1,9
2025-12-01,S1,P12,0,9
2025-12-02,S1,P12,0,9
2025-12-03,S1,P12,0,9
2025-12-04,S1,P12,0,9
2025-12-05,S1,P12,0,9
2025-12-06,S1,P12,0,9
2025-12-07,S1,P12,2,7
2025-12-08,S1,P12,1,6
2025-12-09,S1,P12,1,5
2025-12-10,S1,P12,0,5
2025-12-11,S1,P12,0,5
2025-12-12,S1,P12,0,5
2025-12-13,S1,P12,1,4
2025-12-14,S1,P12,1,3
2025-12-15,S1,P12,0,3
2025-12-16,S1,P12,0,3
2025-12-17,S1,P12,0,3
2025-12-18,S1,P12,0,3
2025-12-19,S1,P12,0,3
2025-12-20,S1,P12,0,3
2025-12-21,S1,P12,0,3
2025-12-22,S1,P12,0,3
2025-12-23,S1,P12,0,3
2025-12-24,S1,P12,0,3
2025-12-25,S1,P12,2,11
2025-12-26,S1,P12,1,10
2025-12-27,S1,P12,1,9
2025-12-28,S1,P12,0,9
2025-12-29,S1,P12,0,9
2025-12-30,S1,P12,0,9
2025-12-31,S1,P12,0,9
2026-01-01,S1,P12,1,8
2026-01-02,S1,P12,2,6
2026-01-03,S1,P12,1,5
2026-01-04,S1,P12,0,5
2026-01-05,S1,P12,1,4
2026-01-06,S1,P12,0,4
2026-01-07,S1,P12,0,4
2026-01-08,S1,P12,0,4
2026-01-09,S1,P12,0,4
2026-01-10,S1,P12,2,12
2026-01-11,S1,P12,0,12
2026-01-12,S1,P12,0,12
2026-01-13,S1,P12,0,12
2026-01-14,S1,P12,0,12
2026-01-15,S1,P12,0,12
2026-01-16,S1,P12,0,12
2026-01-17,S1,P12,1,11
2026-01-18,S1,P12,0,11
2026-01-19,S1,P12,0,11
2026-01-20,S1,P12,0,11
2026-01-21,S1,P12,1,10
2026-01-22,S1,P12,0,10
2026-01-23,S1,P12,1,9
2026-01-24,S1,P12,2,7
2026-01-25,S1,P12,1,6
2026-01-26,S1,P12,0,6
2026-01-27,S1,P12,1,5
2026-01-28,S1,P12,0,5
2026-01-29,S1,P12,0,5
2026-01-30,S1,P12,0,5
2026-01-31,S1,P12,0,5
2026-02-01,S1,P12,0,5
2026-02-02,S1,P12,0,5
2026-02-03,S1,P12,0,5
2026-02-04,S1,P12,0,5
2026-02-05,S1,P12,0,5
2026-02-06,S1,P12,0,5
2026-02-07,S1,P12,0,5
2026-02-08,S1,P12,0,5
2026-02-09,S1,P12,0,5
2026-02-10,S1,P12,0,5
2026-02-11,S1,P12,0,5
2026-02-12,S1,P12,0,5
2026-02-13,S1,P12,0,5
2026-02-14,S1,P12,0,5
2026-02-15,S1,P12,0,5
2026-02-16,S1,P12,0,5
2026-02-17,S1,P12,0,5
2026-02-18,S1,P12,0,5
2026-02-19,S1,P12,0,5
2026-02-20,S1,P12,0,5
2026-02-21,S1,P12,0,5
2026-02-22,S1,P12,0,5
2026-02-23,S1,P12,0,5
2026-02-24,S1,P12,0,5
2026-02-25,S1,P12,0,5
2026-02-26,S1,P12,0,5
2026-02-27,S1,P12,0,5
2026-02-28,S1,P12,0,5
2026-03-01,S1,P12,0,5
2026-03-02,S1,P12,0,5
2026-03-03,S1,P12,0,5
2026-03-04,S1,P12,0,5
2026-03-05,S1,P12,0,5
2026-03-06,S1,P12,0,5
2026-03-07,S1,P12,0,5
2026-03-08,S1,P12,0,5
2026-03-09,S1,P12,0,5
2026-03-10,S1,P12,0,5
2026-03-11,S1,P12,0,5
2026-03-12,S1,P12,0,5
2026-03-13,S1,P12,0,5
2026-03-14,S1,P12,0,5
2025-09-01,S1,P13,11,106
2025-09-02,S1,P13,5,101
2025-09-03,S1,P13,10,91
2025-09-04,S1,P13,8,83
2025-09-05,S1,P13,10,73
2025-09-06,S1,P13,12,61
2025-09-07,S1,P13,9,52
2025-09-08,S1,P13,6,46
2025-09-09,S1,P13,7,39
2025-09-10,S1,P13,3,36
2025-09-11,S1,P13,5,31
2025-09-12,S1,P13,2,29
2025-09-13,S1,P13,8,21
2025-09-14,S1,P13,7,131
2025-09-15,S1,P13,9,122
2025-09-16,S1,P13,8,114
2025-09-17,S1,P13,8,106
2025-09-18,S1,P13,4,102
2025-09-19,S1,P13,4,98
2025-09-20,S1,P13,4,94
2025-09-21,S1,P13,6,88
2025-09-22,S1,P13,6,82
2025-09-23,S1,P13,2,80
2025-09-24,S1,P13,5,75
2025-09-25,S1,P13,7,68
2025-09-26,S1,P13,4,64
2025-09-27,S1,P13,8,56
2025-09-28,S1,P13,7,49
2025-09-29,S1,P13,5,44
2025-09-30,S1,P13,9,35
2025-10-01,S1,P13,7,28
2025-10-02,S1,P13,5,23
2025-10-03,S1,P13,6,130
2025-10-04,S1,P13,12,118
2025-10-05,S1,P13,9,109
2025-10-06,S1,P13,14,95
2025-10-07,S1,P13,5,90
2025-10-08,S1,P13,6,84
2025-10-09,S1,P13,4,80
2025-10-10,S1,P13,7,73
2025-10-11,S1,P13,9,64
2025-10-12,S1,P13,8,56
2025-10-13,S1,P13,8,48
2025-10-14,S1,P13,4,44
2025-10-15,S1,P13,10,34
2025-10-16,S1,P13,6,28
2025-10-17,S1,P13,10,106
2025-10-18,S1,P13,3,103
2025-10-19,S1,P13,7,96
2025-10-20,S1,P13,10,86
2025-10-21,S1,P13,7,79
2025-10-22,S1,P13,4,75
2025-10-23,S1,P13,7,68
2025-10-24,S1,P13,10,58
2025-10-25,S1,P13,5,53
2025-10-26,S1,P13,11,42
2025-10-27,S1,P13,5,37
2025-10-28,S1,P13,11,26
2025-10-29,S1,P13,11,108
2025-10-30,S1,P13,7,101
2025-10-31,S1,P13,2,99
2025-11-01,S1,P13,9,90
2025-11-02,S1,P13,10,80
2025-11-03,S1,P13,9,71
2025-11-04,S1,P13,8,63
2025-11-05,S1,P13,1,62
2025-11-06,S1,P13,3,59
2025-11-07,S1,P13,9,50
2025-11-08,S1,P13,8,42
2025-11-09,S1,P13,3,39
2025-11-10,S1,P13,3,36
2025-11-11,S1,P13,6,30
2025-11-12,S1,P13,8,22
2025-11-13,S1,P13,6,109
2025-11-14,S1,P13,9,100
2025-11-15,S1,P13,9,91
2025-11-16,S1,P13,4,87
2025-11-17,S1,P13,7,80
2025-11-18,S1,P13,8,72
2025-11-19,S1,P13,6,66
2025-11-20,S1,P13,9,57
2025-11-21,S1,P13,9,48
2025-11-22,S1,P13,7,41
2025-11-23,S1,P13,8,33
2025-11-24,S1,P13,12,21
2025-11-25,S1,P13,5,84
2025-11-26,S1,P13,4,80
2025-11-27,S1,P13,5,75
2025-11-28,S1,P13,7,68
2025-11-29,S1,P13,7,61
2025-11-30,S1,P13,8,53
2025-12-01,S1,P13,6,47
2025-12-02,S1,P13,4,43
2025-12-03,S1,P13,14,29
2025-12-04,S1,P13,7,22
2025-12-05,S1,P13,6,139
2025-12-06,S1,P13,14,125
2025-12-07,S1,P13,3,122
2025-12-08,S1,P13,9,113
2025-12-09,S1,P13,6,107
2025-12-10,S1,P13,10,97
2025-12-11,S1,P13,6,91
2025-12-12,S1,P13,7,84
2025-12-13,S1,P13,8,76
2025-12-14,S1,P13,6,70
2025-12-15,S1,P13,7,63
2025-12-16,S1,P13,15,48
2025-12-17,S1,P13,2,46
2025-12-18,S1,P13,6,40
2025-12-19,S1,P13,9,31
2025-12-20,S1,P13,9,22
2025-12-21,S1,P13,6,124
2025-12-22,S1,P13,8,116
2025-12-23,S1,P13,8,108
2025-12-24,S1,P13,12,96
2025-12-25,S1,P13,8,88
2025-12-26,S1,P13,6,82
2025-12-27,S1,P13,5,77
2025-12-28,S1,P13,6,71
2025-12-29,S1,P13,4,67
2025-12-30,S1,P13,7,60
2025-12-31,S1,P13,8,52
2026-01-01,S1,P13,12,40
2026-01-02,S1,P13,5,35
2026-01-03,S1,P13,11,24
2026-01-04,S1,P13,8,79
2026-01-05,S1,P13,7,72
2026-01-06,S1,P13,5,67
2026-01-07,S1,P13,5,62
2026-01-08,S1,P13,10,52
2026-01-09,S1,P13,8,44
2026-01-10,S1,P13,13,31
2026-01-11,S1,P13,7,24
2026-01-12,S1,P13,7,133
2026-01-13,S1,P13,5,128
2026-01-14,S1,P13,10,118
2026-01-15,S1,P13,10,108
2026-01-16,S1,P13,7,101
2026-01-17,S1,P13,6,95
2026-01-18,S1,P13,10,85
2026-01-19,S1,P13,4,81
2026-01-20,S1,P13,12,69
2026-01-21,S1,P13,7,62
2026-01-22,S1,P13,9,53
2026-01-23,S1,P13,8,45
2026-01-24,S1,P13,10,35
2026-01-25,S1,P13,4,31
2026-01-26,S1,P13,5,26
2026-01-27,S1,P13,4,22
2026-01-28,S1,P13,9,104
2026-01-29,S1,P13,8,96
2026-01-30,S1,P13,17,79
2026-01-31,S1,P13,18,61
2026-02-01,S1,P13,3,58
2026-02-02,S1,P13,11,47
2026-02-03,S1,P13,6,41
2026-02-04,S1,P13,11,30
2026-02-05,S1,P13,6,24
2026-02-06,S1,P13,7,114
2026-02-07,S1,P13,12,102
2026-02-08,S1,P13,7,95
2026-02-09,S1,P13,8,87
2026-02-10,S1,P13,7,80
2026-02-11,S1,P13,9,71
2026-02-12,S1,P13,8,63
2026-02-13,S1,P13,9,54
2026-02-14,S1,P13,14,40
2026-02-15,S1,P13,9,31
2026-02-16,S1,P13,7,24
2026-02-17,S1,P13,4,20
2026-02-18,S1,P13,10,124
2026-02-19,S1,P13,6,118
2026-02-20,S1,P13,12,106
2026-02-21,S1,P13,11,95
2026-02-22,S1,P13,10,85
2026-02-23,S1,P13,8,77
2026-02-24,S1,P13,7,70
2026-02-25,S1,P13,1,69
2026-02-26,S1,P13,9,60
2026-02-27,S1,P13,4,56
2026-02-28,S1,P13,4,52
2026-03-01,S1,P13,5,47
2026-03-02,S1,P13,6,41
2026-03-03,S1,P13,10,31
2026-03-04,S1,P13,7,24
2026-03-05,S1,P13,4,20
2026-03-06,S1,P13,6,94
2026-03-07,S1,P13,11,83
2026-03-08,S1,P13,6,77
2026-03-09,S1,P13,7,70
2026-03-10,S1,P13,5,65
2026-03-11,S1,P13,8,57
2026-03-12,S1,P13,7,50
2026-03-13,S1,P13,2,48
2026-03-14,S1,P13,7,41
2025-09-01,S1,P14,1,50
2025-09-02,S1,P14,1,49
2025-09-03,S1,P14,1,48
2025-09-04,S1,P14,2,46
2025-09-05,S1,P14,4,42
2025-09-06,S1,P14,3,39
2025-09-07,S1,P14,1,38
2025-09-08,S1,P14,3,35
2025-09-09,S1,P14,2,33
2025-09-10,S1,P14,1,32
2025-09-11,S1,P14,3,29
2025-09-12,S1,P14,3,26
2025-09-13,S1,P14,1,25
2025-09-14,S1,P14,3,22
2025-09-15,S1,P14,2,20
2025-09-16,S1,P14,2,18
2025-09-17,S1,P14,2,16
2025-09-18,S1,P14,2,14
2025-09-19,S1,P14,2,12
2025-09-20,S1,P14,1,11
2025-09-21,S1,P14,2,9
2025-09-22,S1,P14,0,9
2025-09-23,S1,P14,3,6
2025-09-24,S1,P14,0,6
2025-09-25,S1,P14,2,26
2025-09-26,S1,P14,4,22
2025-09-27,S1,P14,3,19
2025-09-28,S1,P14,1,18
2025-09-29,S1,P14,0,18
2025-09-30,S1,P14,3,15
2025-10-01,S1,P14,3,12
2025-10-02,S1,P14,4,8
2025-10-03,S1,P14,2,6
2025-10-04,S1,P14,5,31
2025-10-05,S1,P14,3,28
2025-10-06,S1,P14,2,26
2025-10-07,S1,P14,1,25
2025-10-08,S1,P14,3,22
2025-10-09,S1,P14,0,22
2025-10-10,S1,P14,5,17
2025-10-11,S1,P14,1,16
2025-10-12,S1,P14,3,13
2025-10-13,S1,P14,4,9
2025-10-14,S1,P14,5,33
2025-10-15,S1,P14,2,31
2025-10-16,S1,P14,1,30
2025-10-17,S1,P14,3,27
2025-10-18,S1,P14,1,26
2025-10-19,S1,P14,3,23
2025-10-20,S1,P14,0,23
2025-10-21,S1,P14,4,19
2025-10-22,S1,P14,2,17
2025-10-23,S1,P14,3,14
2025-10-24,S1,P14,3,11
2025-10-25,S1,P14,3,8
2025-10-26,S1,P14,1,7
2025-10-27,S1,P14,4,31
2025-10-28,S1,P14,2,29
2025-10-29,S1,P14,1,28
2025-10-30,S1,P14,3,25
2025-10-31,S1,P14,1,24
2025-11-01,S1,P14,3,21
2025-11-02,S1,P14,0,21
2025-11-03,S1,P14,2,19
2025-11-04,S1,P14,3,16
2025-11-05,S1,P14,1,15
2025-11-06,S1,P14,5,10
2025-11-07,S1,P14,1,9
2025-11-08,S1,P14,2,7
2025-11-09,S1,P14,6,34
2025-11-10,S1,P14,3,31
2025-11-11,S1,P14,1,30
2025-11-12,S1,P14,2,28
2025-11-13,S1,P14,4,24
2025-11-14,S1,P14,0,24
2025-11-15,S1,P14,4,20
2025-11-16,S1,P14,3,17
2025-11-17,S1,P14,0,17
2025-11-18,S1,P14,1,16
2025-11-19,S1,P14,1,15
2025-11-20,S1,P14,2,13
2025-11-21,S1,P14,2,11
2025-11-22,S1,P14,5,6
2025-11-23,S1,P14,2,32
2025-11-24,S1,P14,1,31
2025-11-25,S1,P14,3,28
2025-11-26,S1,P14,1,27
2025-11-27,S1,P14,2,25
2025-11-28,S1,P14,3,22
2025-11-29,S1,P14,1,21
2025-11-30,S1,P14,1,20
2025-12-01,S1,P14,2,18
2025-12-02,S1,P14,0,18
2025-12-03,S1,P14,0,18
2025-12-04,S1,P14,1,17
2025-12-05,S1,P14,5,12
2025-12-06,S1,P14,7,24
2025-12-07,S1,P14,3,21
2025-12-08,S1,P14,0,21
2025-12-09,S1,P14,1,20
2025-12-10,S1,P14,0,20
2025-12-11,S1,P14,4,16
2025-12-12,S1,P14,2,14
2025-12-13,S1,P14,4,10
2025-12-14,S1,P14,2,8
2025-12-15,S1,P14,0,8
2025-12-16,S1,P14,1,7
2025-12-17,S1,P14,1,6
2025-12-18,S1,P14,3,37
2025-12-19,S1,P14,1,36
2025-12-20,S1,P14,4,32
2025-12-21,S1,P14,4,28
2025-12-22,S1,P14,3,25
2025-12-23,S1,P14,3,22
2025-12-24,S1,P14,1,21
2025-12-25,S1,P14,4,17
2025-12-26,S1,P14,3,14
2025-12-27,S1,P14,1,13
2025-12-28,S1,P14,3,10
2025-12-29,S1,P14,1,9
2025-12-30,S1,P14,3,6
2025-12-31,S1,P14,2,34
2026-01-01,S1,P14,1,33
2026-01-02,S1,P14,2,31
2026-01-03,S1,P14,2,29
2026-01-04,S1,P14,1,28
2026-01-05,S1,P14,2,26
2026-01-06,S1,P14,1,25
2026-01-07,S1,P14,0,25
2026-01-08,S1,P14,4,21
2026-01-09,S1,P14,0,21
2026-01-10,S1,P14,1,20
2026-01-11,S1,P14,1,19
2026-01-12,S1,P14,1,18
2026-01-13,S1,P14,3,15
2026-01-14,S1,P14,2,13
2026-01-15,S1,P14,1,12
2026-01-16,S1,P14,4,8
2026-01-17,S1,P14,2,6
2026-01-18,S1,P14,3,41
2026-01-19,S1,P14,1,40
2026-01-20,S1,P14,3,37
2026-01-21,S1,P14,1,36
2026-01-22,S1,P14,2,34
2026-01-23,S1,P14,1,33
2026-01-24,S1,P14,3,30
2026-01-25,S1,P14,1,29
2026-01-26,S1,P14,3,26
2026-01-27,S1,P14,3,23
2026-01-28,S1,P14,2,21
2026-01-29,S1,P14,1,20
2026-01-30,S1,P14,2,18
2026-01-31,S1,P14,2,16
2026-02-01,S1,P14,1,15
2026-02-02,S1,P14,0,15
2026-02-03,S1,P14,0,15
2026-02-04,S1,P14,0,15
2026-02-05,S1,P14,2,13
2026-02-06,S1,P14,1,12
2026-02-07,S1,P14,0,12
2026-02-08,S1,P14,3,9
2026-02-09,S1,P14,0,9
2026-02-10,S1,P14,0,9
2026-02-11,S1,P14,0,9
2026-02-12,S1,P14,1,8
2026-02-13,S1,P14,0,8
2026-02-14,S1,P14,0,8
2026-02-15,S1,P14,1,7
2026-02-16,S1,P14,0,7
2026-02-17,S1,P14,0,7
2026-02-18,S1,P14,4,24
2026-02-19,S1,P14,0,24
2026-02-20,S1,P14,2,22
2026-02-21,S1,P14,0,22
2026-02-22,S1,P14,0,22
2026-02-23,S1,P14,0,22
2026-02-24,S1,P14,2,20
2026-02-25,S1,P14,0,20
2026-02-26,S1,P14,1,19
2026-02-27,S1,P14,0,19
2026-02-28,S1,P14,0,19
2026-03-01,S1,P14,1,18
2026-03-02,S1,P14,0,18
2026-03-03,S1,P14,1,17
2026-03-04,S1,P14,0,17
2026-03-05,S1,P14,0,17
2026-03-06,S1,P14,1,16
2026-03-07,S1,P14,0,16
2026-03-08,S1,P14,0,16
2026-03-09,S1,P14,1,15
2026-03-10,S1,P14,0,15
2026-03-11,S1,P14,0,15
2026-03-12,S1,P14,0,15
2026-03-13,S1,P14,0,15
2026-03-14,S1,P14,0,15
2025-09-01,S1,P15,1,88
2025-09-02,S1,P15,2,86
2025-09-03,S1,P15,4,82
2025-09-04,S1,P15,2,80
2025-09-05,S1,P15,6,74
2025-09-06,S1,P15,3,71
2025-09-07,S1,P15,5,66
2025-09-08,S1,P15,6,60
2025-09-09,S1,P15,3,57
2025-09-10,S1,P15,1,56
2025-09-11,S1,P15,4,52
2025-09-12,S1,P15,0,52
2025-09-13,S1,P15,4,48
2025-09-14,S1,P15,3,45
2025-09-15,S1,P15,4,41
2025-09-16,S1,P15,3,38
2025-09-17,S1,P15,5,33
2025-09-18,S1,P15,4,29
2025-09-19,S1,P15,4,25
2025-09-20,S1,P15,4,21
2025-09-21,S1,P15,8,13
2025-09-22,S1,P15,5,48
2025-09-23,S1,P15,3,45
2025-09-24,S1,P15,3,42
2025-09-25,S1,P15,6,36
2025-09-26,S1,P15,8,28
2025-09-27,S1,P15,3,25
2025-09-28,S1,P15,2,23
2025-09-29,S1,P15,6,17
2025-09-30,S1,P15,6,11
2025-10-01,S1,P15,0,11
2025-10-02,S1,P15,4,46
2025-10-03,S1,P15,3,43
2025-10-04,S1,P15,3,40
2025-10-05,S1,P15,3,37
2025-10-06,S1,P15,3,34
2025-10-07,S1,P15,2,32
2025-10-08,S1,P15,4,28
2025-10-09,S1,P15,4,24
2025-10-10,S1,P15,8,16
2025-10-11,S1,P15,7,47
2025-10-12,S1,P15,6,41
2025-10-13,S1,P15,5,36
2025-10-14,S1,P15,4,32
2025-10-15,S1,P15,4,28
2025-10-16,S1,P15,5,23
2025-10-17,S1,P15,3,20
2025-10-18,S1,P15,4,16
2025-10-19,S1,P15,2,14
2025-10-20,S1,P15,5,73
2025-10-21,S1,P15,5,68
2025-10-22,S1,P15,3,65
2025-10-23,S1,P15,4,61
2025-10-24,S1,P15,6,55
2025-10-25,S1,P15,4,51
2025-10-26,S1,P15,3,48
2025-10-27,S1,P15,7,41
2025-10-28,S1,P15,4,37
2025-10-29,S1,P15,2,35
2025-10-30,S1,P15,6,29
2025-10-31,S1,P15,3,26
2025-11-01,S1,P15,2,24
2025-11-02,S1,P15,6,18
2025-11-03,S1,P15,1,17
2025-11-04,S1,P15,2,15
2025-11-05,S1,P15,4,11
2025-11-06,S1,P15,3,49
2025-11-07,S1,P15,3,46
2025-11-08,S1,P15,5,41
2025-11-09,S1,P15,2,39
2025-11-10,S1,P15,4,35
2025-11-11,S1,P15,3,32
2025-11-12,S1,P15,4,28
2025-11-13,S1,P15,0,28
2025-11-14,S1,P15,4,24
2025-11-15,S1,P15,2,22
2025-11-16,S1,P15,1,21
2025-11-17,S1,P15,5,16
2025-11-18,S1,P15,5,11
2025-11-19,S1,P15,4,39
2025-11-20,S1,P15,1,38
2025-11-21,S1,P15,4,34
2025-11-22,S1,P15,8,26
2025-11-23,S1,P15,4,22
2025-11-24,S1,P15,0,22
2025-11-25,S1,P15,3,19
2025-11-26,S1,P15,10,69
2025-11-27,S1,P15,3,66
2025-11-28,S1,P15,2,64
2025-11-29,S1,P15,7,57
2025-11-30,S1,P15,2,55
2025-12-01,S1,P15,3,52
2025-12-02,S1,P15,1,51
2025-12-03,S1,P15,6,45
2025-12-04,S1,P15,5,40
2025-12-05,S1,P15,7,33
2025-12-06,S1,P15,1,32
2025-12-07,S1,P15,6,26
2025-12-08,S1,P15,7,19
2025-12-09,S1,P15,4,15
2025-12-10,S1,P15,3,12
2025-12-11,S1,P15,1,11
2025-12-12,S1,P15,2,72
2025-12-13,S1,P15,4,68
2025-12-14,S1,P15,4,64
2025-12-15,S1,P15,5,59
2025-12-16,S1,P15,2,57
2025-12-17,S1,P15,4,53
2025-12-18,S1,P15,2,51
2025-12-19,S1,P15,3,48
2025-12-20,S1,P15,2,46
2025-12-21,S1,P15,5,41
2025-12-22,S1,P15,1,40
2025-12-23,S1,P15,4,36
2025-12-24,S1,P15,0,36
2025-12-25,S1,P15,2,34
2025-12-26,S1,P15,3,31
2025-12-27,S1,P15,3,28
2025-12-28,S1,P15,1,27
2025-12-29,S1,P15,1,26
2025-12-30,S1,P15,3,23
2025-12-31,S1,P15,3,20
2026-01-01,S1,P15,7,13
2026-01-02,S1,P15,8,52
2026-01-03,S1,P15,4,48
2026-01-04,S1,P15,4,44
2026-01-05,S1,P15,2,42
2026-01-06,S1,P15,3,39
2026-01-07,S1,P15,2,37
2026-01-08,S1,P15,6,31
2026-01-09,S1,P15,8,23
2026-01-10,S1,P15,5,18
2026-01-11,S1,P15,8,69
2026-01-12,S1,P15,4,65
2026-01-13,S1,P15,4,61
2026-01-14,S1,P15,0,61
2026-01-15,S1,P15,5,56
2026-01-16,S1,P15,3,53
2026-01-17,S1,P15,5,48
2026-01-18,S1,P15,6,42
2026-01-19,S1,P15,6,36
2026-01-20,S1,P15,2,34
2026-01-21,S1,P15,6,28
2026-01-22,S1,P15,2,26
2026-01-23,S1,P15,4,22
2026-01-24,S1,P15,4,18
2026-01-25,S1,P15,9,69
2026-01-26,S1,P15,3,66
2026-01-27,S1,P15,7,59
2026-01-28,S1,P15,7,52
2026-01-29,S1,P15,1,51
2026-01-30,S1,P15,5,46
2026-01-31,S1,P15,4,42
2026-02-01,S1,P15,3,39
2026-02-02,S1,P15,1,38
2026-02-03,S1,P15,5,33
2026-02-04,S1,P15,3,30
2026-02-05,S1,P15,7,23
2026-02-06,S1,P15,5,18
2026-02-07,S1,P15,7,11
2026-02-08,S1,P15,4,41
2026-02-09,S1,P15,3,38
2026-02-10,S1,P15,3,35
2026-02-11,S1,P15,4,31
2026-02-12,S1,P15,4,27
2026-02-13,S1,P15,6,21
2026-02-14,S1,P15,1,20
2026-02-15,S1,P15,4,16
2026-02-16,S1,P15,4,12
2026-02-17,S1,P15,1,11
2026-02-18,S1,P15,4,75
2026-02-19,S1,P15,3,72
2026-02-20,S1,P15,2,70
2026-02-21,S1,P15,3,67
2026-02-22,S1,P15,4,63
2026-02-23,S1,P15,7,56
2026-02-24,S1,P15,7,49
2026-02-25,S1,P15,3,46
2026-02-26,S1,P15,5,41
2026-02-27,S1,P15,3,38
2026-02-28,S1,P15,8,30
2026-03-01,S1,P15,1,29
2026-03-02,S1,P15,1,28
2026-03-03,S1,P15,3,25
2026-03-04,S1,P15,3,22
2026-03-05,S1,P15,3,19
2026-03-06,S1,P15,3,16
2026-03-07,S1,P15,9,60
2026-03-08,S1,P15,3,57
2026-03-09,S1,P15,2,55
2026-03-10,S1,P15,6,49
2026-03-11,S1,P15,3,46
2026-03-12,S1,P15,4,42
2026-03-13,S1,P15,3,39
2026-03-14,S1,P15,7,32
2025-09-01,S1,P16,2,59
2025-09-02,S1,P16,2,57
2025-09-03,S1,P16,7,50
2025-09-04,S1,P16,4,46
2025-09-05,S1,P16,1,45
2025-09-06,S1,P16,2,43
2025-09-07,S1,P16,3,40
2025-09-08,S1,P16,4,36
2025-09-09,S1,P16,7,29
2025-09-10,S1,P16,3,26
2025-09-11,S1,P16,5,21
2025-09-12,S1,P16,3,18
2025-09-13,S1,P16,5,13
2025-09-14,S1,P16,6,38
2025-09-15,S1,P16,4,34
2025-09-16,S1,P16,5,29
2025-09-17,S1,P16,4,25
2025-09-18,S1,P16,4,21
2025-09-19,S1,P16,1,20
2025-09-20,S1,P16,11,62
2025-09-21,S1,P16,5,57
2025-09-22,S1,P16,1,56
2025-09-23,S1,P16,3,53
2025-09-24,S1,P16,4,49
2025-09-25,S1,P16,3,46
2025-09-26,S1,P16,3,43
2025-09-27,S1,P16,3,40
2025-09-28,S1,P16,8,32
2025-09-29,S1,P16,4,28
2025-09-30,S1,P16,4,24
2025-10-01,S1,P16,1,23
2025-10-02,S1,P16,6,17
2025-10-03,S1,P16,5,12
2025-10-04,S1,P16,5,56
2025-10-05,S1,P16,8,48
2025-10-06,S1,P16,2,46
2025-10-07,S1,P16,4,42
2025-10-08,S1,P16,2,40
2025-10-09,S1,P16,10,30
2025-10-10,S1,P16,3,27
2025-10-11,S1,P16,7,20
2025-10-12,S1,P16,4,16
2025-10-13,S1,P16,7,61
2025-10-14,S1,P16,0,61
2025-10-15,S1,P16,1,60
2025-10-16,S1,P16,0,60
2025-10-17,S1,P16,2,58
2025-10-18,S1,P16,5,53
2025-10-19,S1,P16,7,46
2025-10-20,S1,P16,5,41
2025-10-21,S1,P16,2,39
2025-10-22,S1,P16,3,36
2025-10-23,S1,P16,3,33
2025-10-24,S1,P16,1,32
2025-10-25,S1,P16,7,25
2025-10-26,S1,P16,5,20
2025-10-27,S1,P16,3,17
2025-10-28,S1,P16,1,16
2025-10-29,S1,P16,3,13
2025-10-30,S1,P16,2,11
2025-10-31,S1,P16,2,61
2025-11-01,S1,P16,3,58
2025-11-02,S1,P16,5,53
2025-11-03,S1,P16,3,50
2025-11-04,S1,P16,4,46
2025-11-05,S1,P16,3,43
2025-11-06,S1,P16,1,42
2025-11-07,S1,P16,3,39
2025-11-08,S1,P16,7,32
2025-11-09,S1,P16,6,26
2025-11-10,S1,P16,6,20
2025-11-11,S1,P16,3,17
2025-11-12,S1,P16,3,14
2025-11-13,S1,P16,1,13
2025-11-14,S1,P16,5,50
2025-11-15,S1,P16,5,45
2025-11-16,S1,P16,2,43
2025-11-17,S1,P16,6,37
2025-11-18,S1,P16,5,32
2025-11-19,S1,P16,1,31
2025-11-20,S1,P16,4,27
2025-11-21,S1,P16,3,24
2025-11-22,S1,P16,3,21
2025-11-23,S1,P16,2,19
2025-11-24,S1,P16,2,17
2025-11-25,S1,P16,8,46
2025-11-26,S1,P16,6,40
2025-11-27,S1,P16,0,40
2025-11-28,S1,P16,6,34
2025-11-29,S1,P16,8,26
2025-11-30,S1,P16,3,23
2025-12-01,S1,P16,3,20
2025-12-02,S1,P16,1,19
2025-12-03,S1,P16,4,15
2025-12-04,S1,P16,5,10
2025-12-05,S1,P16,7,54
2025-12-06,S1,P16,1,53
2025-12-07,S1,P16,1,52
2025-12-08,S1,P16,0,52
2025-12-09,S1,P16,3,49
2025-12-10,S1,P16,1,48
2025-12-11,S1,P16,0,48
2025-12-12,S1,P16,4,44
2025-12-13,S1,P16,9,35
2025-12-14,S1,P16,0,35
2025-12-15,S1,P16,0,35
2025-12-16,S1,P16,1,34
2025-12-17,S1,P16,2,32
2025-12-18,S1,P16,5,27
2025-12-19,S1,P16,5,22
2025-12-20,S1,P16,4,18
2025-12-21,S1,P16,2,16
2025-12-22,S1,P16,3,13
2025-12-23,S1,P16,1,12
2025-12-24,S1,P16,3,54
2025-12-25,S1,P16,3,51
2025-12-26,S1,P16,3,48
2025-12-27,S1,P16,5,43
2025-12-28,S1,P16,5,38
2025-12-29,S1,P16,2,36
2025-12-30,S1,P16,2,34
2025-12-31,S1,P16,3,31
2026-01-01,S1,P16,2,29
2026-01-02,S1,P16,2,27
2026-01-03,S1,P16,2,25
2026-01-04,S1,P16,4,21
2026-01-05,S1,P16,3,18
2026-01-06,S1,P16,5,13
2026-01-07,S1,P16,2,11
2026-01-08,S1,P16,4,38
2026-01-09,S1,P16,3,35
2026-01-10,S1,P16,2,33
2026-01-11,S1,P16,4,29
2026-01-12,S1,P16,6,23
2026-01-13,S1,P16,1,22
2026-01-14,S1,P16,3,19
2026-01-15,S1,P16,6,13
2026-01-16,S1,P16,3,10
2026-01-17,S1,P16,4,39
2026-01-18,S1,P16,5,34
2026-01-19,S1,P16,5,29
2026-01-20,S1,P16,4,25
2026-01-21,S1,P16,5,20
2026-01-22,S1,P16,2,18
2026-01-23,S1,P16,4,14
2026-01-24,S1,P16,3,11
2026-01-25,S1,P16,2,60
2026-01-26,S1,P16,3,57
2026-01-27,S1,P16,3,54
2026-01-28,S1,P16,3,51
2026-01-29,S1,P16,1,50
2026-01-30,S1,P16,4,46
2026-01-31,S1,P16,4,42
2026-02-01,S1,P16,0,42
2026-02-02,S1,P16,1,41
2026-02-03,S1,P16,0,41
2026-02-04,S1,P16,0,41
2026-02-05,S1,P16,0,41
2026-02-06,S1,P16,1,40
2026-02-07,S1,P16,1,39
2026-02-08,S1,P16,1,38
2026-02-09,S1,P16,2,36
2026-02-10,S1,P16,0,36
2026-02-11,S1,P16,1,35
2026-02-12,S1,P16,0,35
2026-02-13,S1,P16,2,33
2026-02-14,S1,P16,3,30
2026-02-15,S1,P16,0,30
2026-02-16,S1,P16,0,30
2026-02-17,S1,P16,1,29
2026-02-18,S1,P16,0,29
2026-02-19,S1,P16,0,29
2026-02-20,S1,P16,0,29
2026-02-21,S1,P16,0,29
2026-02-22,S1,P16,0,29
2026-02-23,S1,P16,0,29
2026-02-24,S1,P16,1,28
2026-02-25,S1,P16,2,26
2026-02-26,S1,P16,0,26
2026-02-27,S1,P16,0,26
2026-02-28,S1,P16,0,26
2026-03-01,S1,P16,1,25
2026-03-02,S1,P16,1,24
2026-03-03,S1,P16,1,23
2026-03-04,S1,P16,0,23
2026-03-05,S1,P16,0,23
2026-03-06,S1,P16,1,22
2026-03-07,S1,P16,3,19
2026-03-08,S1,P16,1,18
2026-03-09,S1,P16,1,17
2026-03-10,S1,P16,0,17
2026-03-11,S1,P16,2,15
2026-03-12,S1,P16,1,14
2026-03-13,S1,P16,1,13
2026-03-14,S1,P16,2,11
2025-09-01,S1,P17,2,11
2025-09-02,S1,P17,0,11
2025-09-03,S1,P17,1,10
2025-09-04,S1,P17,0,10
2025-09-05,S1,P17,2,8
2025-09-06,S1,P17,0,8
2025-09-07,S1,P17,1,7
2025-09-08,S1,P17,1,6
2025-09-09,S1,P17,1,5
2025-09-10,S1,P17,1,4
2025-09-11,S1,P17,0,4
2025-09-12,S1,P17,1,3
2025-09-13,S1,P17,0,3
2025-09-14,S1,P17,3,15
2025-09-15,S1,P17,0,15
2025-09-16,S1,P17,2,13
2025-09-17,S1,P17,0,13
2025-09-18,S1,P17,1,12
2025-09-19,S1,P17,0,12
2025-09-20,S1,P17,1,11
2025-09-21,S1,P17,0,11
2025-09-22,S1,P17,0,11
2025-09-23,S1,P17,2,9
2025-09-24,S1,P17,1,8
2025-09-25,S1,P17,3,5
2025-09-26,S1,P17,2,3
2025-09-27,S1,P17,2,11
2025-09-28,S1,P17,1,10
2025-09-29,S1,P17,1,9
2025-09-30,S1,P17,2,7
2025-10-01,S1,P17,1,6
2025-10-02,S1,P17,2,4
2025-10-03,S1,P17,0,4
2025-10-04,S1,P17,4,14
2025-10-05,S1,P17,0,14
2025-10-06,S1,P17,2,12
2025-10-07,S1,P17,0,12
2025-10-08,S1,P17,0,12
2025-10-09,S1,P17,1,11
2025-10-10,S1,P17,0,11
2025-10-11,S1,P17,1,10
2025-10-12,S1,P17,0,10
2025-10-13,S1,P17,1,9
2025-10-14,S1,P17,0,9
2025-10-15,S1,P17,0,9
2025-10-16,S1,P17,2,7
2025-10-17,S1,P17,2,5
2025-10-18,S1,P17,1,4
2025-10-19,S1,P17,1,3
2025-10-20,S1,P17,0,3
2025-10-21,S1,P17,1,12
2025-10-22,S1,P17,0,12
2025-10-23,S1,P17,1,11
2025-10-24,S1,P17,0,11
2025-10-25,S1,P17,0,11
2025-10-26,S1,P17,1,10
2025-10-27,S1,P17,1,9
2025-10-28,S1,P17,2,7
2025-10-29,S1,P17,1,6
2025-10-30,S1,P17,1,5
2025-10-31,S1,P17,1,4
2025-11-01,S1,P17,0,4
2025-11-02,S1,P17,2,12
2025-11-03,S1,P17,0,12
2025-11-04,S1,P17,1,11
2025-11-05,S1,P17,0,11
2025-11-06,S1,P17,3,8
2025-11-07,S1,P17,0,8
2025-11-08,S1,P17,0,8
2025-11-09,S1,P17,2,6
2025-11-10,S1,P17,0,6
2025-11-11,S1,P17,0,6
2025-11-12,S1,P17,1,5
2025-11-13,S1,P17,0,5
2025-11-14,S1,P17,2,3
2025-11-15,S1,P17,1,13
2025-11-16,S1,P17,0,13
2025-11-17,S1,P17,0,13
2025-11-18,S1,P17,0,13
2025-11-19,S1,P17,0,13
2025-11-20,S1,P17,1,12
2025-11-21,S1,P17,3,9
2025-11-22,S1,P17,0,9
2025-11-23,S1,P17,0,9
2025-11-24,S1,P17,1,8
2025-11-25,S1,P17,0,8
2025-11-26,S1,P17,1,7
2025-11-27,S1,P17,1,6
2025-11-28,S1,P17,0,6
2025-11-29,S1,P17,2,4
2025-11-30,S1,P17,0,4
2025-12-01,S1,P17,0,4
2025-12-02,S1,P17,0,4
2025-12-03,S1,P17,2,18
2025-12-04,S1,P17,0,18
2025-12-05,S1,P17,1,17
2025-12-06,S1,P17,0,17
2025-12-07,S1,P17,2,15
2025-12-08,S1,P17,1,14
2025-12-09,S1,P17,0,14
2025-12-10,S1,P17,0,14
2025-12-11,S1,P17,3,11
2025-12-12,S1,P17,0,11
2025-12-13,S1,P17,0,11
2025-12-14,S1,P17,2,9
2025-12-15,S1,P17,0,9
2025-12-16,S1,P17,0,9
2025-12-17,S1,P17,0,9
2025-12-18,S1,P17,0,9
2025-12-19,S1,P17,0,9
2025-12-20,S1,P17,1,8
2025-12-21,S1,P17,0,8
2025-12-22,S1,P17,1,7
2025-12-23,S1,P17,1,6
2025-12-24,S1,P17,2,4
2025-12-25,S1,P17,2,17
2025-12-26,S1,P17,2,15
2025-12-27,S1,P17,3,12
2025-12-28,S1,P17,2,10
2025-12-29,S1,P17,2,8
2025-12-30,S1,P17,0,8
2025-12-31,S1,P17,1,7
2026-01-01,S1,P17,0,7
2026-01-02,S1,P17,1,6
2026-01-03,S1,P17,0,6
2026-01-04,S1,P17,3,3
2026-01-05,S1,P17,1,18
2026-01-06,S1,P17,0,18
2026-01-07,S1,P17,0,18
2026-01-08,S1,P17,1,17
2026-01-09,S1,P17,2,15
2026-01-10,S1,P17,1,14
2026-01-11,S1,P17,3,11
2026-01-12,S1,P17,2,9
2026-01-13,S1,P17,2,7
2026-01-14,S1,P17,3,4
2026-01-15,S1,P17,0,4
2026-01-16,S1,P17,1,3
2026-01-17,S1,P17,1,12
2026-01-18,S1,P17,1,11
2026-01-19,S1,P17,0,11
2026-01-20,S1,P17,0,11
2026-01-21,S1,P17,0,11
2026-01-22,S1,P17,0,11
2026-01-23,S1,P17,4,7
2026-01-24,S1,P17,0,7
2026-01-25,S1,P17,2,5
2026-01-26,S1,P17,0,5
2026-01-27,S1,P17,3,17
2026-01-28,S1,P17,1,16
2026-01-29,S1,P17,0,16
2026-01-30,S1,P17,5,11
2026-01-31,S1,P17,0,11
2026-02-01,S1,P17,0,11
2026-02-02,S1,P17,0,11
2026-02-03,S1,P17,0,11
2026-02-04,S1,P17,2,9
2026-02-05,S1,P17,0,9
2026-02-06,S1,P17,0,9
2026-02-07,S1,P17,0,9
2026-02-08,S1,P17,0,9
2026-02-09,S1,P17,0,9
2026-02-10,S1,P17,0,9
2026-02-11,S1,P17,0,9
2026-02-12,S1,P17,1,8
2026-02-13,S1,P17,0,8
2026-02-14,S1,P17,1,7
2026-02-15,S1,P17,0,7
2026-02-16,S1,P17,0,7
2026-02-17,S1,P17,0,7
2026-02-18,S1,P17,0,7
2026-02-19,S1,P17,0,7
2026-02-20,S1,P17,0,7
2026-02-21,S1,P17,0,7
2026-02-22,S1,P17,0,7
2026-02-23,S1,P17,0,7
2026-02-24,S1,P17,0,7
2026-02-25,S1,P17,0,7
2026-02-26,S1,P17,0,7
2026-02-27,S1,P17,0,7
2026-02-28,S1,P17,1,6
2026-03-01,S1,P17,0,6
2026-03-02,S1,P17,1,5
2026-03-03,S1,P17,0,5
2026-03-04,S1,P17,0,5
2026-03-05,S1,P17,1,4
2026-03-06,S1,P17,0,4
2026-03-07,S1,P17,0,4
2026-03-08,S1,P17,1,3
2026-03-09,S1,P17,0,3
2026-03-10,S1,P17,0,3
2026-03-11,S1,P17,0,3
2026-03-12,S1,P17,0,3
2026-03-13,S1,P17,0,3
2026-03-14,S1,P17,1,17
2025-09-01,S1,P18,0,8
2025-09-02,S1,P18,1,7
2025-09-03,S1,P18,1,6
2025-09-04,S1,P18,0,6
2025-09-05,S1,P18,1,5
2025-09-06,S1,P18,0,5
2025-09-07,S1,P18,0,5
2025-09-08,S1,P18,0,5
2025-09-09,S1,P18,0,5
2025-09-10,S1,P18,1,4
2025-09-11,S1,P18,1,3
2025-09-12,S1,P18,0,3
2025-09-13,S1,P18,0,3
2025-09-14,S1,P18,0,3
2025-09-15,S1,P18,1,12
2025-09-16,S1,P18,0,12
2025-09-17,S1,P18,0,12
2025-09-18,S1,P18,0,12
2025-09-19,S1,P18,0,12
2025-09-20,S1,P18,0,12
2025-09-21,S1,P18,1,11
2025-09-22,S1,P18,0,11
2025-09-23,S1,P18,0,11
2025-09-24,S1,P18,0,11
2025-09-25,S1,P18,0,11
2025-09-26,S1,P18,0,11
2025-09-27,S1,P18,0,11
2025-09-28,S1,P18,0,11
2025-09-29,S1,P18,0,11
2025-09-30,S1,P18,0,11
2025-10-01,S1,P18,0,11
2025-10-02,S1,P18,0,11
2025-10-03,S1,P18,1,10
2025-10-04,S1,P18,0,10
2025-10-05,S1,P18,0,10
2025-10-06,S1,P18,0,10
2025-10-07,S1,P18,0,10
2025-10-08,S1,P18,0,10
2025-10-09,S1,P18,0,10
2025-10-10,S1,P18,0,10
2025-10-11,S1,P18,1,9
2025-10-12,S1,P18,0,9
2025-10-13,S1,P18,0,9
2025-10-14,S1,P18,0,9
2025-10-15,S1,P18,0,9
2025-10-16,S1,P18,0,9
2025-10-17,S1,P18,1,8
2025-10-18,S1,P18,1,7
2025-10-19,S1,P18,0,7
2025-10-20,S1,P18,0,7
2025-10-21,S1,P18,0,7
2025-10-22,S1,P18,0,7
2025-10-23,S1,P18,0,7
2025-10-24,S1,P18,0,7
2025-10-25,S1,P18,0,7
2025-10-26,S1,P18,0,7
2025-10-27,S1,P18,1,6
2025-10-28,S1,P18,0,6
2025-10-29,S1,P18,0,6
2025-10-30,S1,P18,2,4
2025-10-31,S1,P18,1,3
2025-11-01,S1,P18,0,3
2025-11-02,S1,P18,0,3
2025-11-03,S1,P18,1,12
2025-11-04,S1,P18,0,12
2025-11-05,S1,P18,0,12
2025-11-06,S1,P18,1,11
2025-11-07,S1,P18,1,10
2025-11-08,S1,P18,1,9
2025-11-09,S1,P18,0,9
2025-11-10,S1,P18,1,8
2025-11-11,S1,P18,2,6
2025-11-12,S1,P18,1,5
2025-11-13,S1,P18,0,5
2025-11-14,S1,P18,1,4
2025-11-15,S1,P18,0,4
2025-11-16,S1,P18,0,4
2025-11-17,S1,P18,0,4
2025-11-18,S1,P18,1,3
2025-11-19,S1,P18,0,3
2025-11-20,S1,P18,1,12
2025-11-21,S1,P18,1,11
2025-11-22,S1,P18,0,11
2025-11-23,S1,P18,0,11
2025-11-24,S1,P18,0,11
2025-11-25,S1,P18,1,10
2025-11-26,S1,P18,2,8
2025-11-27,S1,P18,0,8
2025-11-28,S1,P18,0,8
2025-11-29,S1,P18,1,7
2025-11-30,S1,P18,0,7
2025-12-01,S1,P18,0,7
2025-12-02,S1,P18,0,7
2025-12-03,S1,P18,0,7
2025-12-04,S1,P18,1,6
2025-12-05,S1,P18,0,6
2025-12-06,S1,P18,0,6
2025-12-07,S1,P18,0,6
2025-12-08,S1,P18,0,6
2025-12-09,S1,P18,0,6
2025-12-10,S1,P18,0,6
2025-12-11,S1,P18,0,6
2025-12-12,S1,P18,0,6
2025-12-13,S1,P18,0,6
2025-12-14,S1,P18,1,5
2025-12-15,S1,P18,0,5
2025-12-16,S1,P18,0,5
2025-12-17,S1,P18,1,4
2025-12-18,S1,P18,1,3
2025-12-19,S1,P18,1,12
2025-12-20,S1,P18,1,11
2025-12-21,S1,P18,0,11
2025-12-22,S1,P18,0,11
2025-12-23,S1,P18,0,11
2025-12-24,S1,P18,0,11
2025-12-25,S1,P18,2,9
2025-12-26,S1,P18,0,9
2025-12-27,S1,P18,0,9
2025-12-28,S1,P18,0,9
2025-12-29,S1,P18,0,9
2025-12-30,S1,P18,1,8
2025-12-31,S1,P18,0,8
2026-01-01,S1,P18,0,8
2026-01-02,S1,P18,0,8
2026-01-03,S1,P18,0,8
2026-01-04,S1,P18,1,7
2026-01-05,S1,P18,0,7
2026-01-06,S1,P18,0,7
2026-01-07,S1,P18,0,7
2026-01-08,S1,P18,0,7
2026-01-09,S1,P18,0,7
2026-01-10,S1,P18,0,7
2026-01-11,S1,P18,0,7
2026-01-12,S1,P18,0,7
2026-01-13,S1,P18,0,7
2026-01-14,S1,P18,0,7
2026-01-15,S1,P18,0,7
2026-01-16,S1,P18,1,6
2026-01-17,S1,P18,2,4
2026-01-18,S1,P18,0,4
2026-01-19,S1,P18,1,3
2026-01-20,S1,P18,0,3
2026-01-21,S1,P18,0,3
2026-01-22,S1,P18,0,3
2026-01-23,S1,P18,0,3
2026-01-24,S1,P18,3,10
2026-01-25,S1,P18,1,9
2026-01-26,S1,P18,0,9
2026-01-27,S1,P18,1,8
2026-01-28,S1,P18,0,8
2026-01-29,S1,P18,0,8
2026-01-30,S1,P18,0,8
2026-01-31,S1,P18,0,8
2026-02-01,S1,P18,0,8
2026-02-02,S1,P18,1,7
2026-02-03,S1,P18,0,7
2026-02-04,S1,P18,0,7
2026-02-05,S1,P18,0,7
2026-02-06,S1,P18,0,7
2026-02-07,S1,P18,0,7
2026-02-08,S1,P18,0,7
2026-02-09,S1,P18,0,7
2026-02-10,S1,P18,0,7
2026-02-11,S1,P18,1,6
2026-02-12,S1,P18,0,6
2026-02-13,S1,P18,0,6
2026-02-14,S1,P18,0,6
2026-02-15,S1,P18,1,5
2026-02-16,S1,P18,0,5
2026-02-17,S1,P18,1,4
2026-02-18,S1,P18,0,4
2026-02-19,S1,P18,0,4
2026-02-20,S1,P18,1,3
2026-02-21,S1,P18,0,3
2026-02-22,S1,P18,0,3
2026-02-23,S1,P18,0,3
2026-02-24,S1,P18,0,3
2026-02-25,S1,P18,1,12
2026-02-26,S1,P18,0,12
2026-02-27,S1,P18,0,12
2026-02-28,S1,P18,0,12
2026-03-01,S1,P18,0,12
2026-03-02,S1,P18,1,11
2026-03-03,S1,P18,1,10
2026-03-04,S1,P18,0,10
2026-03-05,S1,P18,1,9
2026-03-06,S1,P18,0,9
2026-03-07,S1,P18,2,7
2026-03-08,S1,P18,1,6
2026-03-09,S1,P18,1,5
2026-03-10,S1,P18,0,5
2026-03-11,S1,P18,1,4
2026-03-12,S1,P18,1,3
2026-03-13,S1,P18,0,3
2026-03-14,S1,P18,2,11
2025-09-01,S1,P19,3,61
2025-09-02,S1,P19,6,55
2025-09-03,S1,P19,2,53
2025-09-04,S1,P19,3,50
2025-09-05,S1,P19,6,44
2025-09-06,S1,P19,4,40
2025-09-07,S1,P19,5,35
2025-09-08,S1,P19,2,33
2025-09-09,S1,P19,7,26
2025-09-10,S1,P19,9,17
2025-09-11,S1,P19,5,12
2025-09-12,S1,P19,5,65
2025-09-13,S1,P19,6,59
2025-09-14,S1,P19,5,54
2025-09-15,S1,P19,8,46
2025-09-16,S1,P19,4,42
2025-09-17,S1,P19,7,35
2025-09-18,S1,P19,4,31
2025-09-19,S1,P19,6,25
2025-09-20,S1,P19,5,20
2025-09-21,S1,P19,3,17
2025-09-22,S1,P19,2,15
2025-09-23,S1,P19,4,67
2025-09-24,S1,P19,1,66
2025-09-25,S1,P19,3,63
2025-09-26,S1,P19,4,59
2025-09-27,S1,P19,5,54
2025-09-28,S1,P19,2,52
2025-09-29,S1,P19,1,51
2025-09-30,S1,P19,3,48
2025-10-01,S1,P19,4,44
2025-10-02,S1,P19,4,40
2025-10-03,S1,P19,2,38
2025-10-04,S1,P19,4,34
2025-10-05,S1,P19,2,32
2025-10-06,S1,P19,7,25
2025-10-07,S1,P19,6,19
2025-10-08,S1,P19,5,14
2025-10-09,S1,P19,4,58
2025-10-10,S1,P19,4,54
2025-10-11,S1,P19,3,51
2025-10-12,S1,P19,2,49
2025-10-13,S1,P19,3,46
2025-10-14,S1,P19,2,44
2025-10-15,S1,P19,6,38
2025-10-16,S1,P19,2,36
2025-10-17,S1,P19,8,28
2025-10-18,S1,P19,6,22
2025-10-19,S1,P19,2,20
2025-10-20,S1,P19,2,18
2025-10-21,S1,P19,2,16
2025-10-22,S1,P19,1,15
2025-10-23,S1,P19,5,82
2025-10-24,S1,P19,2,80
2025-10-25,S1,P19,5,75
2025-10-26,S1,P19,5,70
2025-10-27,S1,P19,1,69
2025-10-28,S1,P19,4,65
2025-10-29,S1,P19,4,61
2025-10-30,S1,P19,2,59
2025-10-31,S1,P19,4,55
2025-11-01,S1,P19,4,51
2025-11-02,S1,P19,8,43
2025-11-03,S1,P19,4,39
2025-11-04,S1,P19,6,33
2025-11-05,S1,P19,2,31
2025-11-06,S1,P19,6,25
2025-11-07,S1,P19,6,19
2025-11-08,S1,P19,7,12
2025-11-09,S1,P19,2,60
2025-11-10,S1,P19,4,56
2025-11-11,S1,P19,5,51
2025-11-12,S1,P19,1,50
2025-11-13,S1,P19,3,47
2025-11-14,S1,P19,4,43
2025-11-15,S1,P19,3,40
2025-11-16,S1,P19,4,36
2025-11-17,S1,P19,5,31
2025-11-18,S1,P19,3,28
2025-11-19,S1,P19,2,26
2025-11-20,S1,P19,6,20
2025-11-21,S1,P19,5,15
2025-11-22,S1,P19,3,12
2025-11-23,S1,P19,9,51
2025-11-24,S1,P19,4,47
2025-11-25,S1,P19,4,43
2025-11-26,S1,P19,7,36
2025-11-27,S1,P19,5,31
2025-11-28,S1,P19,5,26
2025-11-29,S1,P19,4,22
2025-11-30,S1,P19,3,19
2025-12-01,S1,P19,1,18
2025-12-02,S1,P19,4,14
2025-12-03,S1,P19,2,12
2025-12-04,S1,P19,6,68
2025-12-05,S1,P19,5,63
2025-12-06,S1,P19,3,60
2025-12-07,S1,P19,4,56
2025-12-08,S1,P19,1,55
2025-12-09,S1,P19,7,48
2025-12-10,S1,P19,2,46
2025-12-11,S1,P19,7,39
2025-12-12,S1,P19,4,35
2025-12-13,S1,P19,7,28
2025-12-14,S1,P19,4,24
2025-12-15,S1,P19,1,23
2025-12-16,S1,P19,1,22
2025-12-17,S1,P19,4,18
2025-12-18,S1,P19,8,70
2025-12-19,S1,P19,6,64
2025-12-20,S1,P19,7,57
2025-12-21,S1,P19,2,55
2025-12-22,S1,P19,2,53
2025-12-23,S1,P19,2,51
2025-12-24,S1,P19,5,46
2025-12-25,S1,P19,5,41
2025-12-26,S1,P19,5,36
2025-12-27,S1,P19,4,32
2025-12-28,S1,P19,0,32
2025-12-29,S1,P19,4,28
2025-12-30,S1,P19,2,26
2025-12-31,S1,P19,5,21
2026-01-01,S1,P19,4,17
2026-01-02,S1,P19,4,13
2026-01-03,S1,P19,2,86
2026-01-04,S1,P19,8,78
2026-01-05,S1,P19,10,68
2026-01-06,S1,P19,7,61
2026-01-07,S1,P19,9,52
2026-01-08,S1,P19,6,46
2026-01-09,S1,P19,10,36
2026-01-10,S1,P19,5,31
2026-01-11,S1,P19,9,22
2026-01-12,S1,P19,4,18
2026-01-13,S1,P19,4,14
2026-01-14,S1,P19,4,55
2026-01-15,S1,P19,1,54
2026-01-16,S1,P19,8,46
2026-01-17,S1,P19,5,41
2026-01-18,S1,P19,7,34
2026-01-19,S1,P19,4,30
2026-01-20,S1,P19,5,25
2026-01-21,S1,P19,6,19
2026-01-22,S1,P19,6,13
2026-01-23,S1,P19,1,12
2026-01-24,S1,P19,7,73
2026-01-25,S1,P19,4,69
2026-01-26,S1,P19,1,68
2026-01-27,S1,P19,1,67
2026-01-28,S1,P19,2,65
2026-01-29,S1,P19,6,59
2026-01-30,S1,P19,5,54
2026-01-31,S1,P19,10,44
2026-02-01,S1,P19,11,33
2026-02-02,S1,P19,2,31
2026-02-03,S1,P19,3,28
2026-02-04,S1,P19,4,24
2026-02-05,S1,P19,2,22
2026-02-06,S1,P19,3,19
2026-02-07,S1,P19,6,13
2026-02-08,S1,P19,5,51
2026-02-09,S1,P19,3,48
2026-02-10,S1,P19,1,47
2026-02-11,S1,P19,3,44
2026-02-12,S1,P19,2,42
2026-02-13,S1,P19,4,38
2026-02-14,S1,P19,7,31
2026-02-15,S1,P19,8,23
2026-02-16,S1,P19,3,20
2026-02-17,S1,P19,7,13
2026-02-18,S1,P19,1,12
2026-02-19,S1,P19,4,47
2026-02-20,S1,P19,7,40
2026-02-21,S1,P19,7,33
2026-02-22,S1,P19,4,29
2026-02-23,S1,P19,1,28
2026-02-24,S1,P19,4,24
2026-02-25,S1,P19,2,22
2026-02-26,S1,P19,2,20
2026-02-27,S1,P19,6,14
2026-02-28,S1,P19,4,55
2026-03-01,S1,P19,4,51
2026-03-02,S1,P19,6,45
2026-03-03,S1,P19,4,41
2026-03-04,S1,P19,7,34
2026-03-05,S1,P19,5,29
2026-03-06,S1,P19,2,27
2026-03-07,S1,P19,8,19
2026-03-08,S1,P19,4,15
2026-03-09,S1,P19,4,83
2026-03-10,S1,P19,6,77
2026-03-11,S1,P19,6,71
2026-03-12,S1,P19,5,66
2026-03-13,S1,P19,6,60
2026-03-14,S1,P19,3,57
2025-09-01,S1,P20,1,62
2025-09-02,S1,P20,4,58
2025-09-03,S1,P20,1,57
2025-09-04,S1,P20,1,56
2025-09-05,S1,P20,2,54
2025-09-06,S1,P20,3,51
2025-09-07,S1,P20,2,49
2025-09-08,S1,P20,3,46
2025-09-09,S1,P20,1,45
2025-09-10,S1,P20,4,41
2025-09-11,S1,P20,3,38
2025-09-12,S1,P20,1,37
2025-09-13,S1,P20,3,34
2025-09-14,S1,P20,1,33
2025-09-15,S1,P20,2,31
2025-09-16,S1,P20,3,28
2025-09-17,S1,P20,3,25
2025-09-18,S1,P20,1,24
2025-09-19,S1,P20,6,18
2025-09-20,S1,P20,2,16
2025-09-21,S1,P20,2,14
2025-09-22,S1,P20,2,12
2025-09-23,S1,P20,6,43
2025-09-24,S1,P20,5,38
2025-09-25,S1,P20,3,35
2025-09-26,S1,P20,9,26
2025-09-27,S1,P20,3,23
2025-09-28,S1,P20,0,23
2025-09-29,S1,P20,3,20
2025-09-30,S1,P20,2,18
2025-10-01,S1,P20,7,11
2025-10-02,S1,P20,4,52
2025-10-03,S1,P20,2,50
2025-10-04,S1,P20,1,49
2025-10-05,S1,P20,2,47
2025-10-06,S1,P20,3,44
2025-10-07,S1,P20,3,41
2025-10-08,S1,P20,6,35
2025-10-09,S1,P20,2,33
2025-10-10,S1,P20,3,30
2025-10-11,S1,P20,3,27
2025-10-12,S1,P20,3,24
2025-10-13,S1,P20,5,19
2025-10-14,S1,P20,5,14
2025-10-15,S1,P20,1,13
2025-10-16,S1,P20,1,12
2025-10-17,S1,P20,4,8
2025-10-18,S1,P20,4,48
2025-10-19,S1,P20,3,45
2025-10-20,S1,P20,3,42
2025-10-21,S1,P20,1,41
2025-10-22,S1,P20,1,40
2025-10-23,S1,P20,4,36
2025-10-24,S1,P20,3,33
2025-10-25,S1,P20,5,28
2025-10-26,S1,P20,4,24
2025-10-27,S1,P20,2,22
2025-10-28,S1,P20,3,19
2025-10-29,S1,P20,3,16
2025-10-30,S1,P20,2,14
2025-10-31,S1,P20,1,13
2025-11-01,S1,P20,7,34
2025-11-02,S1,P20,4,30
2025-11-03,S1,P20,1,29
2025-11-04,S1,P20,2,27
2025-11-05,S1,P20,5,22
2025-11-06,S1,P20,1,21
2025-11-07,S1,P20,2,19
2025-11-08,S1,P20,3,16
2025-11-09,S1,P20,2,14
2025-11-10,S1,P20,1,13
2025-11-11,S1,P20,6,46
2025-11-12,S1,P20,2,44
2025-11-13,S1,P20,3,41
2025-11-14,S1,P20,4,37
2025-11-15,S1,P20,2,35
2025-11-16,S1,P20,3,32
2025-11-17,S1,P20,1,31
2025-11-18,S1,P20,3,28
2025-11-19,S1,P20,1,27
2025-11-20,S1,P20,1,26
2025-11-21,S1,P20,2,24
2025-11-22,S1,P20,1,23
2025-11-23,S1,P20,2,21
2025-11-24,S1,P20,1,20
2025-11-25,S1,P20,2,18
2025-11-26,S1,P20,2,16
2025-11-27,S1,P20,1,15
2025-11-28,S1,P20,4,11
2025-11-29,S1,P20,5,47
2025-11-30,S1,P20,7,40
2025-12-01,S1,P20,4,36
2025-12-02,S1,P20,3,33
2025-12-03,S1,P20,0,33
2025-12-04,S1,P20,2,31
2025-12-05,S1,P20,2,29
2025-12-06,S1,P20,3,26
2025-12-07,S1,P20,5,21
2025-12-08,S1,P20,2,19
2025-12-09,S1,P20,3,16
2025-12-10,S1,P20,3,13
2025-12-11,S1,P20,1,12
2025-12-12,S1,P20,5,34
2025-12-13,S1,P20,2,32
2025-12-14,S1,P20,3,29
2025-12-15,S1,P20,2,27
2025-12-16,S1,P20,0,27
2025-12-17,S1,P20,0,27
2025-12-18,S1,P20,2,25
2025-12-19,S1,P20,1,24
2025-12-20,S1,P20,4,20
2025-12-21,S1,P20,4,16
2025-12-22,S1,P20,0,16
2025-12-23,S1,P20,3,13
2025-12-24,S1,P20,2,11
2025-12-25,S1,P20,4,30
2025-12-26,S1,P20,6,24
2025-12-27,S1,P20,2,22
2025-12-28,S1,P20,2,20
2025-12-29,S1,P20,3,17
2025-12-30,S1,P20,3,14
2025-12-31,S1,P20,1,13
2026-01-01,S1,P20,4,9
2026-01-02,S1,P20,4,47
2026-01-03,S1,P20,3,44
2026-01-04,S1,P20,2,42
2026-01-05,S1,P20,1,41
2026-01-06,S1,P20,2,39
2026-01-07,S1,P20,3,36
2026-01-08,S1,P20,2,34
2026-01-09,S1,P20,3,31
2026-01-10,S1,P20,3,28
2026-01-11,S1,P20,5,23
2026-01-12,S1,P20,5,18
2026-01-13,S1,P20,3,15
2026-01-14,S1,P20,4,11
2026-01-15,S1,P20,4,55
2026-01-16,S1,P20,3,52
2026-01-17,S1,P20,7,45
2026-01-18,S1,P20,3,42
2026-01-19,S1,P20,3,39
2026-01-20,S1,P20,2,37
2026-01-21,S1,P20,0,37
2026-01-22,S1,P20,1,36
2026-01-23,S1,P20,3,33
2026-01-24,S1,P20,1,32
2026-01-25,S1,P20,6,26
2026-01-26,S1,P20,0,26
2026-01-27,S1,P20,1,25
2026-01-28,S1,P20,2,23
2026-01-29,S1,P20,3,20
2026-01-30,S1,P20,4,16
2026-01-31,S1,P20,2,14
2026-02-01,S1,P20,5,9
2026-02-02,S1,P20,1,8
2026-02-03,S1,P20,4,27
2026-02-04,S1,P20,3,24
2026-02-05,S1,P20,3,21
2026-02-06,S1,P20,6,15
2026-02-07,S1,P20,3,12
2026-02-08,S1,P20,5,36
2026-02-09,S1,P20,4,32
2026-02-10,S1,P20,3,29
2026-02-11,S1,P20,0,29
2026-02-12,S1,P20,2,27
2026-02-13,S1,P20,2,25
2026-02-14,S1,P20,5,20
2026-02-15,S1,P20,3,17
2026-02-16,S1,P20,0,17
2026-02-17,S1,P20,2,15
2026-02-18,S1,P20,5,10
2026-02-19,S1,P20,2,8
2026-02-20,S1,P20,3,37
2026-02-21,S1,P20,2,35
2026-02-22,S1,P20,4,31
2026-02-23,S1,P20,1,30
2026-02-24,S1,P20,1,29
2026-02-25,S1,P20,2,27
2026-02-26,S1,P20,2,25
2026-02-27,S1,P20,6,19
2026-02-28,S1,P20,1,18
2026-03-01,S1,P20,6,12
2026-03-02,S1,P20,0,12
2026-03-03,S1,P20,2,10
2026-03-04,S1,P20,3,43
2026-03-05,S1,P20,3,40
2026-03-06,S1,P20,1,39
2026-03-07,S1,P20,1,38
2026-03-08,S1,P20,6,32
2026-03-09,S1,P20,7,25
2026-03-10,S1,P20,5,20
2026-03-11,S1,P20,3,17
2026-03-12,S1,P20,4,13
2026-03-13,S1,P20,4,9
2026-03-14,S1,P20,2,47
2025-09-01,S10,P1,2,46
2025-09-02,S10,P1,0,46
2025-09-03,S10,P1,1,45
2025-09-04,S10,P1,1,44
2025-09-05,S10,P1,4,40
2025-09-06,S10,P1,4,36
2025-09-07,S10,P1,2,34
2025-09-08,S10,P1,7,27
2025-09-09,S10,P1,2,25
2025-09-10,S10,P1,4,21
2025-09-11,S10,P1,1,20
2025-09-12,S10,P1,7,13
2025-09-13,S10,P1,7,37
2025-09-14,S10,P1,0,37
2025-09-15,S10,P1,4,33
2025-09-16,S10,P1,4,29
2025-09-17,S10,P1,4,25
2025-09-18,S10,P1,3,22
2025-09-19,S10,P1,5,17
2025-09-20,S10,P1,1,16
2025-09-21,S10,P1,4,12
2025-09-22,S10,P1,0,12
2025-09-23,S10,P1,6,35
2025-09-24,S10,P1,7,28
2025-09-25,S10,P1,3,25
2025-09-26,S10,P1,6,19
2025-09-27,S10,P1,1,18
2025-09-28,S10,P1,3,15
2025-09-29,S10,P1,3,12
2025-09-30,S10,P1,3,59
2025-10-01,S10,P1,3,56
2025-10-02,S10,P1,4,52
2025-10-03,S10,P1,3,49
2025-10-04,S10,P1,6,43
2025-10-05,S10,P1,4,39
2025-10-06,S10,P1,2,37
2025-10-07,S10,P1,3,34
2025-10-08,S10,P1,4,30
2025-10-09,S10,P1,6,24
2025-10-10,S10,P1,5,19
2025-10-11,S10,P1,5,14
2025-10-12,S10,P1,4,10
2025-10-13,S10,P1,3,68
2025-10-14,S10,P1,4,64
2025-10-15,S10,P1,4,60
2025-10-16,S10,P1,5,55
2025-10-17,S10,P1,6,49
2025-10-18,S10,P1,4,45
2025-10-19,S10,P1,3,42
2025-10-20,S10,P1,2,40
2025-10-21,S10,P1,3,37
2025-10-22,S10,P1,7,30
2025-10-23,S10,P1,6,24
2025-10-24,S10,P1,5,19
2025-10-25,S10,P1,5,14
2025-10-26,S10,P1,1,13
2025-10-27,S10,P1,3,10
2025-10-28,S10,P1,3,46
2025-10-29,S10,P1,3,43
2025-10-30,S10,P1,6,37
2025-10-31,S10,P1,7,30
2025-11-01,S10,P1,4,26
2025-11-02,S10,P1,4,22
2025-11-03,S10,P1,2,20
2025-11-04,S10,P1,2,18
2025-11-05,S10,P1,10,66
2025-11-06,S10,P1,4,62
2025-11-07,S10,P1,4,58
2025-11-08,S10,P1,2,56
2025-11-09,S10,P1,2,54
2025-11-10,S10,P1,4,50
2025-11-11,S10,P1,2,48
2025-11-12,S10,P1,4,44
2025-11-13,S10,P1,5,39
2025-11-14,S10,P1,4,35
2025-11-15,S10,P1,3,32
2025-11-16,S10,P1,2,30
2025-11-17,S10,P1,5,25
2025-11-18,S10,P1,3,22
2025-11-19,S10,P1,5,17
2025-11-20,S10,P1,4,13
2025-11-21,S10,P1,3,10
2025-11-22,S10,P1,1,49
2025-11-23,S10,P1,2,47
2025-11-24,S10,P1,5,42
2025-11-25,S10,P1,4,38
2025-11-26,S10,P1,3,35
2025-11-27,S10,P1,4,31
2025-11-28,S10,P1,4,27
2025-11-29,S10,P1,2,25
2025-11-30,S10,P1,3,22
2025-12-01,S10,P1,2,20
2025-12-02,S10,P1,4,16
2025-12-03,S10,P1,2,14
2025-12-04,S10,P1,4,10
2025-12-05,S10,P1,8,52
2025-12-06,S10,P1,1,51
2025-12-07,S10,P1,7,44
2025-12-08,S10,P1,1,43
2025-12-09,S10,P1,3,40
2025-12-10,S10,P1,4,36
2025-12-11,S10,P1,7,29
2025-12-12,S10,P1,3,26
2025-12-13,S10,P1,3,23
2025-12-14,S10,P1,4,19
2025-12-15,S10,P1,1,18
2025-12-16,S10,P1,4,14
2025-12-17,S10,P1,4,10
2025-12-18,S10,P1,2,61
2025-12-19,S10,P1,5,56
2025-12-20,S10,P1,2,54
2025-12-21,S10,P1,3,51
2025-12-22,S10,P1,5,46
2025-12-23,S10,P1,3,43
2025-12-24,S10,P1,1,42
2025-12-25,S10,P1,5,37
2025-12-26,S10,P1,7,30
2025-12-27,S10,P1,7,23
2025-12-28,S10,P1,2,21
2025-12-29,S10,P1,1,20
2025-12-30,S10,P1,0,20
2025-12-31,S10,P1,4,16
2026-01-01,S10,P1,5,11
2026-01-02,S10,P1,8,60
2026-01-03,S10,P1,4,56
2026-01-04,S10,P1,3,53
2026-01-05,S10,P1,3,50
2026-01-06,S10,P1,2,48
2026-01-07,S10,P1,5,43
2026-01-08,S10,P1,5,38
2026-01-09,S10,P1,5,33
2026-01-10,S10,P1,10,23
2026-01-11,S10,P1,3,20
2026-01-12,S10,P1,5,15
2026-01-13,S10,P1,4,11
2026-01-14,S10,P1,3,52
2026-01-15,S10,P1,6,46
2026-01-16,S10,P1,7,39
2026-01-17,S10,P1,5,34
2026-01-18,S10,P1,6,28
2026-01-19,S10,P1,5,23
2026-01-20,S10,P1,1,22
2026-01-21,S10,P1,0,22
2026-01-22,S10,P1,5,17
2026-01-23,S10,P1,3,14
2026-01-24,S10,P1,2,12
2026-01-25,S10,P1,4,65
2026-01-26,S10,P1,7,58
2026-01-27,S10,P1,3,55
2026-01-28,S10,P1,4,51
2026-01-29,S10,P1,6,45
2026-01-30,S10,P1,5,40
2026-01-31,S10,P1,3,37
2026-02-01,S10,P1,4,33
2026-02-02,S10,P1,6,27
2026-02-03,S10,P1,3,24
2026-02-04,S10,P1,2,22
2026-02-05,S10,P1,6,16
2026-02-06,S10,P1,1,15
2026-02-07,S10,P1,4,11
2026-02-08,S10,P1,6,52
2026-02-09,S10,P1,2,50
2026-02-10,S10,P1,8,42
2026-02-11,S10,P1,2,40
2026-02-12,S10,P1,4,36
2026-02-13,S10,P1,9,27
2026-02-14,S10,P1,4,23
2026-02-15,S10,P1,3,20
2026-02-16,S10,P1,1,19
2026-02-17,S10,P1,2,17
2026-02-18,S10,P1,3,14
2026-02-19,S10,P1,2,12
2026-02-20,S10,P1,4,61
2026-02-21,S10,P1,5,56
2026-02-22,S10,P1,5,51
2026-02-23,S10,P1,5,46
2026-02-24,S10,P1,6,40
2026-02-25,S10,P1,1,39
2026-02-26,S10,P1,4,35
2026-02-27,S10,P1,4,31
2026-02-28,S10,P1,3,28
2026-03-01,S10,P1,3,25
2026-03-02,S10,P1,3,22
2026-03-03,S10,P1,5,17
2026-03-04,S10,P1,5,12
2026-03-05,S10,P1,3,43
2026-03-06,S10,P1,5,38
2026-03-07,S10,P1,4,34
2026-03-08,S10,P1,4,30
2026-03-09,S10,P1,3,27
2026-03-10,S10,P1,2,25
2026-03-11,S10,P1,3,22
2026-03-12,S10,P1,4,18
2026-03-13,S10,P1,6,12
2026-03-14,S10,P1,5,58
2025-09-01,S10,P2,0,14
2025-09-02,S10,P2,0,14
2025-09-03,S10,P2,1,13
2025-09-04,S10,P2,0,13
2025-09-05,S10,P2,1,12
2025-09-06,S10,P2,1,11
2025-09-07,S10,P2,2,9
2025-09-08,S10,P2,1,8
2025-09-09,S10,P2,0,8
2025-09-10,S10,P2,0,8
2025-09-11,S10,P2,1,7
2025-09-12,S10,P2,0,7
2025-09-13,S10,P2,1,6
2025-09-14,S10,P2,1,5
2025-09-15,S10,P2,4,11
2025-09-16,S10,P2,0,11
2025-09-17,S10,P2,1,10
2025-09-18,S10,P2,1,9
2025-09-19,S10,P2,1,8
2025-09-20,S10,P2,1,7
2025-09-21,S10,P2,2,5
2025-09-22,S10,P2,0,5
2025-09-23,S10,P2,1,4
2025-09-24,S10,P2,0,4
2025-09-25,S10,P2,0,4
2025-09-26,S10,P2,2,12
2025-09-27,S10,P2,0,12
2025-09-28,S10,P2,0,12
2025-09-29,S10,P2,0,12
2025-09-30,S10,P2,0,12
2025-10-01,S10,P2,1,11
2025-10-02,S10,P2,1,10
2025-10-03,S10,P2,0,10
2025-10-04,S10,P2,0,10
2025-10-05,S10,P2,1,9
2025-10-06,S10,P2,1,8
2025-10-07,S10,P2,0,8
2025-10-08,S10,P2,3,5
2025-10-09,S10,P2,0,5
2025-10-10,S10,P2,3,12
2025-10-11,S10,P2,1,11
2025-10-12,S10,P2,2,9
2025-10-13,S10,P2,0,9
2025-10-14,S10,P2,0,9
2025-10-15,S10,P2,0,9
2025-10-16,S10,P2,0,9
2025-10-17,S10,P2,0,9
2025-10-18,S10,P2,1,8
2025-10-19,S10,P2,0,8
2025-10-20,S10,P2,2,6
2025-10-21,S10,P2,1,5
2025-10-22,S10,P2,0,5
2025-10-23,S10,P2,1,4
2025-10-24,S10,P2,2,12
2025-10-25,S10,P2,2,10
2025-10-26,S10,P2,0,10
2025-10-27,S10,P2,0,10
2025-10-28,S10,P2,0,10
2025-10-29,S10,P2,0,10
2025-10-30,S10,P2,0,10
2025-10-31,S10,P2,2,8
2025-11-01,S10,P2,2,6
2025-11-02,S10,P2,0,6
2025-11-03,S10,P2,0,6
2025-11-04,S10,P2,1,5
2025-11-05,S10,P2,0,5
2025-11-06,S10,P2,0,5
2025-11-07,S10,P2,1,4
2025-11-08,S10,P2,1,3
2025-11-09,S10,P2,3,10
2025-11-10,S10,P2,1,9
2025-11-11,S10,P2,0,9
2025-11-12,S10,P2,1,8
2025-11-13,S10,P2,0,8
2025-11-14,S10,P2,0,8
2025-11-15,S10,P2,0,8
2025-11-16,S10,P2,5,3
2025-11-17,S10,P2,0,3
2025-11-18,S10,P2,0,3
2025-11-19,S10,P2,2,11
2025-11-20,S10,P2,0,11
2025-11-21,S10,P2,0,11
2025-11-22,S10,P2,0,11
2025-11-23,S10,P2,2,9
2025-11-24,S10,P2,0,9
2025-11-25,S10,P2,1,8
2025-11-26,S10,P2,0,8
2025-11-27,S10,P2,0,8
2025-11-28,S10,P2,1,7
2025-11-29,S10,P2,1,6
2025-11-30,S10,P2,2,4
2025-12-01,S10,P2,0,4
2025-12-02,S10,P2,4,10
2025-12-03,S10,P2,0,10
2025-12-04,S10,P2,0,10
2025-12-05,S10,P2,0,10
2025-12-06,S10,P2,1,9
2025-12-07,S10,P2,0,9
2025-12-08,S10,P2,0,9
2025-12-09,S10,P2,1,8
2025-12-10,S10,P2,1,7
2025-12-11,S10,P2,0,7
2025-12-12,S10,P2,0,7
2025-12-13,S10,P2,0,7
2025-12-14,S10,P2,2,5
2025-12-15,S10,P2,0,5
2025-12-16,S10,P2,1,4
2025-12-17,S10,P2,0,4
2025-12-18,S10,P2,1,3
2025-12-19,S10,P2,0,3
2025-12-20,S10,P2,0,3
2025-12-21,S10,P2,0,3
2025-12-22,S10,P2,0,3
2025-12-23,S10,P2,1,12
2025-12-24,S10,P2,0,12
2025-12-25,S10,P2,0,12
2025-12-26,S10,P2,0,12
2025-12-27,S10,P2,0,12
2025-12-28,S10,P2,0,12
2025-12-29,S10,P2,0,12
2025-12-30,S10,P2,0,12
2025-12-31,S10,P2,1,11
2026-01-01,S10,P2,0,11
2026-01-02,S10,P2,0,11
2026-01-03,S10,P2,1,10
2026-01-04,S10,P2,2,8
2026-01-05,S10,P2,0,8
2026-01-06,S10,P2,1,7
2026-01-07,S10,P2,0,7
2026-01-08,S10,P2,2,5
2026-01-09,S10,P2,0,5
2026-01-10,S10,P2,0,5
2026-01-11,S10,P2,0,5
2026-01-12,S10,P2,0,5
2026-01-13,S10,P2,0,5
2026-01-14,S10,P2,1,4
2026-01-15,S10,P2,1,3
2026-01-16,S10,P2,1,12
2026-01-17,S10,P2,1,11
2026-01-18,S10,P2,0,11
2026-01-19,S10,P2,1,10
2026-01-20,S10,P2,0,10
2026-01-21,S10,P2,1,9
2026-01-22,S10,P2,2,7
2026-01-23,S10,P2,0,7
2026-01-24,S10,P2,1,6
2026-01-25,S10,P2,1,5
2026-01-26,S10,P2,0,5
2026-01-27,S10,P2,0,5
2026-01-28,S10,P2,2,3
2026-01-29,S10,P2,0,3
2026-01-30,S10,P2,1,12
2026-01-31,S10,P2,1,11
2026-02-01,S10,P2,2,9
2026-02-02,S10,P2,1,8
2026-02-03,S10,P2,0,8
2026-02-04,S10,P2,2,6
2026-02-05,S10,P2,0,6
2026-02-06,S10,P2,0,6
2026-02-07,S10,P2,1,5
2026-02-08,S10,P2,2,3
2026-02-09,S10,P2,0,3
2026-02-10,S10,P2,0,3
2026-02-11,S10,P2,0,3
2026-02-12,S10,P2,0,3
2026-02-13,S10,P2,0,3
2026-02-14,S10,P2,0,3
2026-02-15,S10,P2,1,12
2026-02-16,S10,P2,0,12
2026-02-17,S10,P2,0,12
2026-02-18,S10,P2,0,12
2026-02-19,S10,P2,0,12
2026-02-20,S10,P2,1,11
2026-02-21,S10,P2,2,9
2026-02-22,S10,P2,1,8
2026-02-23,S10,P2,0,8
2026-02-24,S10,P2,1,7
2026-02-25,S10,P2,2,5
2026-02-26,S10,P2,0,5
2026-02-27,S10,P2,1,4
2026-02-28,S10,P2,1,3
2026-03-01,S10,P2,1,12
2026-03-02,S10,P2,1,11
2026-03-03,S10,P2,0,11
2026-03-04,S10,P2,1,10
2026-03-05,S10,P2,1,9
2026-03-06,S10,P2,0,9
2026-03-07,S10,P2,0,9
2026-03-08,S10,P2,0,9
2026-03-09,S10,P2,1,8
2026-03-10,S10,P2,0,8
2026-03-11,S10,P2,1,7
2026-03-12,S10,P2,1,6
2026-03-13,S10,P2,1,5
2026-03-14,S10,P2,0,5
2025-09-01,S10,P3,1,36
2025-09-02,S10,P3,2,34
2025-09-03,S10,P3,1,33
2025-09-04,S10,P3,5,28
2025-09-05,S10,P3,3,25
2025-09-06,S10,P3,1,24
2025-09-07,S10,P3,3,21
2025-09-08,S10,P3,1,20
2025-09-09,S10,P3,1,19
2025-09-10,S10,P3,2,17
2025-09-11,S10,P3,0,17
2025-09-12,S10,P3,0,17
2025-09-13,S10,P3,4,13
2025-09-14,S10,P3,1,12
2025-09-15,S10,P3,1,11
2025-09-16,S10,P3,4,7
2025-09-17,S10,P3,0,7
2025-09-18,S10,P3,0,7
2025-09-19,S10,P3,1,6
2025-09-20,S10,P3,3,37
2025-09-21,S10,P3,2,35
2025-09-22,S10,P3,1,34
2025-09-23,S10,P3,2,32
2025-09-24,S10,P3,3,29
2025-09-25,S10,P3,4,25
2025-09-26,S10,P3,2,23
2025-09-27,S10,P3,3,20
2025-09-28,S10,P3,2,18
2025-09-29,S10,P3,1,17
2025-09-30,S10,P3,0,17
2025-10-01,S10,P3,0,17
2025-10-02,S10,P3,3,14
2025-10-03,S10,P3,4,10
2025-10-04,S10,P3,1,9
2025-10-05,S10,P3,1,8
2025-10-06,S10,P3,1,7
2025-10-07,S10,P3,6,39
2025-10-08,S10,P3,2,37
2025-10-09,S10,P3,2,35
2025-10-10,S10,P3,0,35
2025-10-11,S10,P3,3,32
2025-10-12,S10,P3,2,30
2025-10-13,S10,P3,0,30
2025-10-14,S10,P3,2,28
2025-10-15,S10,P3,1,27
2025-10-16,S10,P3,3,24
2025-10-17,S10,P3,2,22
2025-10-18,S10,P3,1,21
2025-10-19,S10,P3,5,16
2025-10-20,S10,P3,0,16
2025-10-21,S10,P3,5,11
2025-10-22,S10,P3,2,9
2025-10-23,S10,P3,0,9
2025-10-24,S10,P3,1,8
2025-10-25,S10,P3,2,6
2025-10-26,S10,P3,0,6
2025-10-27,S10,P3,5,35
2025-10-28,S10,P3,4,31
2025-10-29,S10,P3,1,30
2025-10-30,S10,P3,5,25
2025-10-31,S10,P3,2,23
2025-11-01,S10,P3,2,21
2025-11-02,S10,P3,2,19
2025-11-03,S10,P3,1,18
2025-11-04,S10,P3,1,17
2025-11-05,S10,P3,2,15
2025-11-06,S10,P3,0,15
2025-11-07,S10,P3,2,13
2025-11-08,S10,P3,3,10
2025-11-09,S10,P3,3,7
2025-11-10,S10,P3,2,25
2025-11-11,S10,P3,0,25
2025-11-12,S10,P3,2,23
2025-11-13,S10,P3,0,23
2025-11-14,S10,P3,1,22
2025-11-15,S10,P3,4,18
2025-11-16,S10,P3,1,17
2025-11-17,S10,P3,1,16
2025-11-18,S10,P3,3,13
2025-11-19,S10,P3,2,11
2025-11-20,S10,P3,2,9
2025-11-21,S10,P3,5,32
2025-11-22,S10,P3,2,30
2025-11-23,S10,P3,0,30
2025-11-24,S10,P3,3,27
2025-11-25,S10,P3,4,23
2025-11-26,S10,P3,2,21
2025-11-27,S10,P3,1,20
2025-11-28,S10,P3,3,17
2025-11-29,S10,P3,2,15
2025-11-30,S10,P3,3,12
2025-12-01,S10,P3,1,11
2025-12-02,S10,P3,2,9
2025-12-03,S10,P3,2,7
2025-12-04,S10,P3,1,6
2025-12-05,S10,P3,3,32
2025-12-06,S10,P3,1,31
2025-12-07,S10,P3,1,30
2025-12-08,S10,P3,2,28
2025-12-09,S10,P3,3,25
2025-12-10,S10,P3,4,21
2025-12-11,S10,P3,3,18
2025-12-12,S10,P3,2,16
2025-12-13,S10,P3,2,14
2025-12-14,S10,P3,3,11
2025-12-15,S10,P3,0,11
2025-12-16,S10,P3,3,8
2025-12-17,S10,P3,2,6
2025-12-18,S10,P3,2,35
2025-12-19,S10,P3,2,33
2025-12-20,S10,P3,4,29
2025-12-21,S10,P3,1,28
2025-12-22,S10,P3,1,27
2025-12-23,S10,P3,2,25
2025-12-24,S10,P3,3,22
2025-12-25,S10,P3,3,19
2025-12-26,S10,P3,2,17
2025-12-27,S10,P3,1,16
2025-12-28,S10,P3,1,15
2025-12-29,S10,P3,1,14
2025-12-30,S10,P3,2,12
2025-12-31,S10,P3,0,12
2026-01-01,S10,P3,2,10
2026-01-02,S10,P3,1,9
2026-01-03,S10,P3,2,7
2026-01-04,S10,P3,2,27
2026-01-05,S10,P3,0,27
2026-01-06,S10,P3,2,25
2026-01-07,S10,P3,1,24
2026-01-08,S10,P3,3,21
2026-01-09,S10,P3,2,19
2026-01-10,S10,P3,8,11
2026-01-11,S10,P3,0,11
2026-01-12,S10,P3,2,9
2026-01-13,S10,P3,5,38
2026-01-14,S10,P3,2,36
2026-01-15,S10,P3,2,34
2026-01-16,S10,P3,6,28
2026-01-17,S10,P3,1,27
2026-01-18,S10,P3,3,24
2026-01-19,S10,P3,2,22
2026-01-20,S10,P3,0,22
2026-01-21,S10,P3,2,20
2026-01-22,S10,P3,2,18
2026-01-23,S10,P3,3,15
2026-01-24,S10,P3,4,11
2026-01-25,S10,P3,1,10
2026-01-26,S10,P3,1,9
2026-01-27,S10,P3,1,8
2026-01-28,S10,P3,0,8
2026-01-29,S10,P3,0,8
2026-01-30,S10,P3,1,7
2026-01-31,S10,P3,1,6
2026-02-01,S10,P3,2,40
2026-02-02,S10,P3,2,38
2026-02-03,S10,P3,0,38
2026-02-04,S10,P3,1,37
2026-02-05,S10,P3,1,36
2026-02-06,S10,P3,2,34
2026-02-07,S10,P3,2,32
2026-02-08,S10,P3,3,29
2026-02-09,S10,P3,2,27
2026-02-10,S10,P3,1,26
2026-02-11,S10,P3,3,23
2026-02-12,S10,P3,1,22
2026-02-13,S10,P3,2,20
2026-02-14,S10,P3,3,17
2026-02-15,S10,P3,0,17
2026-02-16,S10,P3,1,16
2026-02-17,S10,P3,2,14
2026-02-18,S10,P3,0,14
2026-02-19,S10,P3,4,10
2026-02-20,S10,P3,2,8
2026-02-21,S10,P3,5,27
2026-02-22,S10,P3,4,23
2026-02-23,S10,P3,7,16
2026-02-24,S10,P3,0,16
2026-02-25,S10,P3,2,14
2026-02-26,S10,P3,1,13
2026-02-27,S10,P3,8,37
2026-02-28,S10,P3,4,33
2026-03-01,S10,P3,3,30
2026-03-02,S10,P3,1,29
2026-03-03,S10,P3,1,28
2026-03-04,S10,P3,2,26
2026-03-05,S10,P3,2,24
2026-03-06,S10,P3,1,23
2026-03-07,S10,P3,2,21
2026-03-08,S10,P3,0,21
2026-03-09,S10,P3,1,20
2026-03-10,S10,P3,1,19
2026-03-11,S10,P3,3,16
2026-03-12,S10,P3,0,16
2026-03-13,S10,P3,0,16
2026-03-14,S10,P3,2,14
2025-09-01,S10,P4,1,23
2025-09-02,S10,P4,3,20
2025-09-03,S10,P4,1,19
2025-09-04,S10,P4,1,18
2025-09-05,S10,P4,3,15
2025-09-06,S10,P4,0,15
2025-09-07,S10,P4,2,13
2025-09-08,S10,P4,0,13
2025-09-09,S10,P4,0,13
2025-09-10,S10,P4,2,11
2025-09-11,S10,P4,0,11
2025-09-12,S10,P4,1,10
2025-09-13,S10,P4,1,9
2025-09-14,S10,P4,1,8
2025-09-15,S10,P4,1,7
2025-09-16,S10,P4,1,6
2025-09-17,S10,P4,0,6
2025-09-18,S10,P4,1,5
2025-09-19,S10,P4,3,14
2025-09-20,S10,P4,1,13
2025-09-21,S10,P4,0,13
2025-09-22,S10,P4,2,11
2025-09-23,S10,P4,1,10
2025-09-24,S10,P4,0,10
2025-09-25,S10,P4,2,8
2025-09-26,S10,P4,0,8
2025-09-27,S10,P4,1,7
2025-09-28,S10,P4,1,6
2025-09-29,S10,P4,0,6
2025-09-30,S10,P4,0,6
2025-10-01,S10,P4,1,5
2025-10-02,S10,P4,1,4
2025-10-03,S10,P4,0,4
2025-10-04,S10,P4,0,4
2025-10-05,S10,P4,3,17
2025-10-06,S10,P4,2,15
2025-10-07,S10,P4,2,13
2025-10-08,S10,P4,3,10
2025-10-09,S10,P4,4,6
2025-10-10,S10,P4,3,3
2025-10-11,S10,P4,1,22
2025-10-12,S10,P4,1,21
2025-10-13,S10,P4,1,20
2025-10-14,S10,P4,0,20
2025-10-15,S10,P4,0,20
2025-10-16,S10,P4,1,19
2025-10-17,S10,P4,1,18
2025-10-18,S10,P4,0,18
2025-10-19,S10,P4,2,16
2025-10-20,S10,P4,1,15
2025-10-21,S10,P4,0,15
2025-10-22,S10,P4,1,14
2025-10-23,S10,P4,1,13
2025-10-24,S10,P4,0,13
2025-10-25,S10,P4,1,12
2025-10-26,S10,P4,0,12
2025-10-27,S10,P4,1,11
2025-10-28,S10,P4,1,10
2025-10-29,S10,P4,0,10
2025-10-30,S10,P4,0,10
2025-10-31,S10,P4,0,10
2025-11-01,S10,P4,0,10
2025-11-02,S10,P4,1,9
2025-11-03,S10,P4,1,8
2025-11-04,S10,P4,1,7
2025-11-05,S10,P4,2,5
2025-11-06,S10,P4,2,3
2025-11-07,S10,P4,1,14
2025-11-08,S10,P4,4,10
2025-11-09,S10,P4,1,9
2025-11-10,S10,P4,3,6
2025-11-11,S10,P4,1,5
2025-11-12,S10,P4,0,5
2025-11-13,S10,P4,1,4
2025-11-14,S10,P4,1,3
2025-11-15,S10,P4,3,15
2025-11-16,S10,P4,0,15
2025-11-17,S10,P4,2,13
2025-11-18,S10,P4,1,12
2025-11-19,S10,P4,1,11
2025-11-20,S10,P4,2,9
2025-11-21,S10,P4,1,8
2025-11-22,S10,P4,2,6
2025-11-23,S10,P4,2,4
2025-11-24,S10,P4,1,3
2025-11-25,S10,P4,2,21
2025-11-26,S10,P4,0,21
2025-11-27,S10,P4,2,19
2025-11-28,S10,P4,1,18
2025-11-29,S10,P4,2,16
2025-11-30,S10,P4,0,16
2025-12-01,S10,P4,0,16
2025-12-02,S10,P4,1,15
2025-12-03,S10,P4,1,14
2025-12-04,S10,P4,3,11
2025-12-05,S10,P4,4,7
2025-12-06,S10,P4,0,7
2025-12-07,S10,P4,1,6
2025-12-08,S10,P4,1,5
2025-12-09,S10,P4,0,5
2025-12-10,S10,P4,2,3
2025-12-11,S10,P4,1,21
2025-12-12,S10,P4,2,19
2025-12-13,S10,P4,1,18
2025-12-14,S10,P4,0,18
2025-12-15,S10,P4,1,17
2025-12-16,S10,P4,1,16
2025-12-17,S10,P4,1,15
2025-12-18,S10,P4,0,15
2025-12-19,S10,P4,1,14
2025-12-20,S10,P4,3,11
2025-12-21,S10,P4,2,9
2025-12-22,S10,P4,0,9
2025-12-23,S10,P4,0,9
2025-12-24,S10,P4,1,8
2025-12-25,S10,P4,0,8
2025-12-26,S10,P4,1,7
2025-12-27,S10,P4,4,3
2025-12-28,S10,P4,1,13
2025-12-29,S10,P4,1,12
2025-12-30,S10,P4,0,12
2025-12-31,S10,P4,1,11
2026-01-01,S10,P4,2,9
2026-01-02,S10,P4,1,8
2026-01-03,S10,P4,1,7
2026-01-04,S10,P4,0,7
2026-01-05,S10,P4,0,7
2026-01-06,S10,P4,3,4
2026-01-07,S10,P4,1,3
2026-01-08,S10,P4,1,13
2026-01-09,S10,P4,1,12
2026-01-10,S10,P4,0,12
2026-01-11,S10,P4,1,11
2026-01-12,S10,P4,2,9
2026-01-13,S10,P4,1,8
2026-01-14,S10,P4,1,7
2026-01-15,S10,P4,1,6
2026-01-16,S10,P4,3,3
2026-01-17,S10,P4,0,3
2026-01-18,S10,P4,0,3
2026-01-19,S10,P4,1,16
2026-01-20,S10,P4,0,16
2026-01-21,S10,P4,0,16
2026-01-22,S10,P4,1,15
2026-01-23,S10,P4,3,12
2026-01-24,S10,P4,1,11
2026-01-25,S10,P4,0,11
2026-01-26,S10,P4,1,10
2026-01-27,S10,P4,0,10
2026-01-28,S10,P4,3,7
2026-01-29,S10,P4,3,4
2026-01-30,S10,P4,0,4
2026-01-31,S10,P4,1,3
2026-02-01,S10,P4,3,17
2026-02-02,S10,P4,0,17
2026-02-03,S10,P4,2,15
2026-02-04,S10,P4,2,13
2026-02-05,S10,P4,1,12
2026-02-06,S10,P4,1,11
2026-02-07,S10,P4,3,8
2026-02-08,S10,P4,1,7
2026-02-09,S10,P4,1,6
2026-02-10,S10,P4,3,3
2026-02-11,S10,P4,0,3
2026-02-12,S10,P4,1,21
2026-02-13,S10,P4,5,16
2026-02-14,S10,P4,0,16
2026-02-15,S10,P4,0,16
2026-02-16,S10,P4,1,15
2026-02-17,S10,P4,1,14
2026-02-18,S10,P4,3,11
2026-02-19,S10,P4,0,11
2026-02-20,S10,P4,2,9
2026-02-21,S10,P4,0,9
2026-02-22,S10,P4,0,9
2026-02-23,S10,P4,0,9
2026-02-24,S10,P4,1,8
2026-02-25,S10,P4,2,6
2026-02-26,S10,P4,1,5
2026-02-27,S10,P4,0,5
2026-02-28,S10,P4,1,4
2026-03-01,S10,P4,0,4
2026-03-02,S10,P4,2,13
2026-03-03,S10,P4,1,12
2026-03-04,S10,P4,0,12
2026-03-05,S10,P4,1,11
2026-03-06,S10,P4,2,9
2026-03-07,S10,P4,0,9
2026-03-08,S10,P4,0,9
2026-03-09,S10,P4,0,9
2026-03-10,S10,P4,0,9
2026-03-11,S10,P4,1,8
2026-03-12,S10,P4,0,8
2026-03-13,S10,P4,1,7
2026-03-14,S10,P4,2,5
2025-09-01,S10,P5,2,19
2025-09-02,S10,P5,0,19
2025-09-03,S10,P5,0,19
2025-09-04,S10,P5,1,18
2025-09-05,S10,P5,0,18
2025-09-06,S10,P5,0,18
2025-09-07,S10,P5,1,17
2025-09-08,S10,P5,1,16
2025-09-09,S10,P5,2,14
2025-09-10,S10,P5,2,12
2025-09-11,S10,P5,1,11
2025-09-12,S10,P5,0,11
2025-09-13,S10,P5,3,8
2025-09-14,S10,P5,0,8
2025-09-15,S10,P5,0,8
2025-09-16,S10,P5,1,7
2025-09-17,S10,P5,0,7
2025-09-18,S10,P5,2,5
2025-09-19,S10,P5,3,19
2025-09-20,S10,P5,1,18
2025-09-21,S10,P5,1,17
2025-09-22,S10,P5,1,16
2025-09-23,S10,P5,1,15
2025-09-24,S10,P5,1,14
2025-09-25,S10,P5,3,11
2025-09-26,S10,P5,1,10
2025-09-27,S10,P5,0,10
2025-09-28,S10,P5,2,8
2025-09-29,S10,P5,0,8
2025-09-30,S10,P5,0,8
2025-10-01,S10,P5,0,8
2025-10-02,S10,P5,0,8
2025-10-03,S10,P5,1,7
2025-10-04,S10,P5,1,6
2025-10-05,S10,P5,0,6
2025-10-06,S10,P5,3,3
2025-10-07,S10,P5,2,16
2025-10-08,S10,P5,2,14
2025-10-09,S10,P5,1,13
2025-10-10,S10,P5,0,13
2025-10-11,S10,P5,1,12
2025-10-12,S10,P5,0,12
2025-10-13,S10,P5,1,11
2025-10-14,S10,P5,0,11
2025-10-15,S10,P5,4,7
2025-10-16,S10,P5,2,5
2025-10-17,S10,P5,3,12
2025-10-18,S10,P5,2,10
2025-10-19,S10,P5,2,8
2025-10-20,S10,P5,1,7
2025-10-21,S10,P5,1,6
2025-10-22,S10,P5,0,6
2025-10-23,S10,P5,3,3
2025-10-24,S10,P5,1,13
2025-10-25,S10,P5,0,13
2025-10-26,S10,P5,0,13
2025-10-27,S10,P5,2,11
2025-10-28,S10,P5,0,11
2025-10-29,S10,P5,3,8
2025-10-30,S10,P5,1,7
2025-10-31,S10,P5,2,5
2025-11-01,S10,P5,0,5
2025-11-02,S10,P5,1,4
2025-11-03,S10,P5,2,21
2025-11-04,S10,P5,0,21
2025-11-05,S10,P5,1,20
2025-11-06,S10,P5,1,19
2025-11-07,S10,P5,0,19
2025-11-08,S10,P5,2,17
2025-11-09,S10,P5,2,15
2025-11-10,S10,P5,0,15
2025-11-11,S10,P5,0,15
2025-11-12,S10,P5,1,14
2025-11-13,S10,P5,2,12
2025-11-14,S10,P5,2,10
2025-11-15,S10,P5,4,6
2025-11-16,S10,P5,2,4
2025-11-17,S10,P5,2,15
2025-11-18,S10,P5,3,12
2025-11-19,S10,P5,1,11
2025-11-20,S10,P5,2,9
2025-11-21,S10,P5,1,8
2025-11-22,S10,P5,0,8
2025-11-23,S10,P5,2,6
2025-11-24,S10,P5,1,5
2025-11-25,S10,P5,1,4
2025-11-26,S10,P5,2,18
2025-11-27,S10,P5,2,16
2025-11-28,S10,P5,0,16
2025-11-29,S10,P5,1,15
2025-11-30,S10,P5,2,13
2025-12-01,S10,P5,0,13
2025-12-02,S10,P5,2,11
2025-12-03,S10,P5,1,10
2025-12-04,S10,P5,1,9
2025-12-05,S10,P5,0,9
2025-12-06,S10,P5,0,9
2025-12-07,S10,P5,1,8
2025-12-08,S10,P5,1,7
2025-12-09,S10,P5,0,7
2025-12-10,S10,P5,1,6
2025-12-11,S10,P5,0,6
2025-12-12,S10,P5,1,5
2025-12-13,S10,P5,2,3
2025-12-14,S10,P5,0,3
2025-12-15,S10,P5,1,17
2025-12-16,S10,P5,0,17
2025-12-17,S10,P5,1,16
2025-12-18,S10,P5,2,14
2025-12-19,S10,P5,1,13
2025-12-20,S10,P5,0,13
2025-12-21,S10,P5,1,12
2025-12-22,S10,P5,1,11
2025-12-23,S10,P5,1,10
2025-12-24,S10,P5,1,9
2025-12-25,S10,P5,1,8
2025-12-26,S10,P5,0,8
2025-12-27,S10,P5,1,7
2025-12-28,S10,P5,2,5
2025-12-29,S10,P5,0,5
2025-12-30,S10,P5,0,5
2025-12-31,S10,P5,0,5
2026-01-01,S10,P5,0,5
2026-01-02,S10,P5,2,3
2026-01-03,S10,P5,2,12
2026-01-04,S10,P5,1,11
2026-01-05,S10,P5,0,11
2026-01-06,S10,P5,0,11
2026-01-07,S10,P5,2,9
2026-01-08,S10,P5,1,8
2026-01-09,S10,P5,1,7
2026-01-10,S10,P5,1,6
2026-01-11,S10,P5,1,5
2026-01-12,S10,P5,3,12
2026-01-13,S10,P5,3,9
2026-01-14,S10,P5,4,5
2026-01-15,S10,P5,1,4
2026-01-16,S10,P5,1,3
2026-01-17,S10,P5,0,3
2026-01-18,S10,P5,2,15
2026-01-19,S10,P5,0,15
2026-01-20,S10,P5,2,13
2026-01-21,S10,P5,0,13
2026-01-22,S10,P5,1,12
2026-01-23,S10,P5,1,11
2026-01-24,S10,P5,0,11
2026-01-25,S10,P5,2,9
2026-01-26,S10,P5,0,9
2026-01-27,S10,P5,2,7
2026-01-28,S10,P5,0,7
2026-01-29,S10,P5,2,5
2026-01-30,S10,P5,1,4
2026-01-31,S10,P5,2,14
2026-02-01,S10,P5,0,14
2026-02-02,S10,P5,3,11
2026-02-03,S10,P5,3,8
2026-02-04,S10,P5,1,7
2026-02-05,S10,P5,0,7
2026-02-06,S10,P5,1,6
2026-02-07,S10,P5,1,5
2026-02-08,S10,P5,3,20
2026-02-09,S10,P5,2,18
2026-02-10,S10,P5,4,14
2026-02-11,S10,P5,0,14
2026-02-12,S10,P5,0,14
2026-02-13,S10,P5,1,13
2026-02-14,S10,P5,1,12
2026-02-15,S10,P5,2,10
2026-02-16,S10,P5,1,9
2026-02-17,S10,P5,2,7
2026-02-18,S10,P5,0,7
2026-02-19,S10,P5,1,6
2026-02-20,S10,P5,1,5
2026-02-21,S10,P5,2,3
2026-02-22,S10,P5,1,20
2026-02-23,S10,P5,4,16
2026-02-24,S10,P5,0,16
2026-02-25,S10,P5,1,15
2026-02-26,S10,P5,1,14
2026-02-27,S10,P5,2,12
2026-02-28,S10,P5,3,9
2026-03-01,S10,P5,0,9
2026-03-02,S10,P5,1,8
2026-03-03,S10,P5,1,7
2026-03-04,S10,P5,2,5
2026-03-05,S10,P5,1,4
2026-03-06,S10,P5,2,12
2026-03-07,S10,P5,0,12
2026-03-08,S10,P5,1,11
2026-03-09,S10,P5,2,9
2026-03-10,S10,P5,0,9
2026-03-11,S10,P5,0,9
2026-03-12,S10,P5,1,8
2026-03-13,S10,P5,1,7
2026-03-14,S10,P5,0,7
2025-09-01,S10,P6,5,83
2025-09-02,S10,P6,2,81
2025-09-03,S10,P6,3,78
2025-09-04,S10,P6,3,75
2025-09-05,S10,P6,3,72
2025-09-06,S10,P6,6,66
2025-09-07,S10,P6,3,63
2025-09-08,S10,P6,5,58
2025-09-09,S10,P6,4,54
2025-09-10,S10,P6,4,50
2025-09-11,S10,P6,1,49
2025-09-12,S10,P6,6,43
2025-09-13,S10,P6,5,38
2025-09-14,S10,P6,3,35
2025-09-15,S10,P6,1,34
2025-09-16,S10,P6,5,29
2025-09-17,S10,P6,3,26
2025-09-18,S10,P6,1,25
2025-09-19,S10,P6,1,24
2025-09-20,S10,P6,6,18
2025-09-21,S10,P6,5,13
2025-09-22,S10,P6,3,55
2025-09-23,S10,P6,3,52
2025-09-24,S10,P6,3,49
2025-09-25,S10,P6,3,46
2025-09-26,S10,P6,6,40
2025-09-27,S10,P6,2,38
2025-09-28,S10,P6,9,29
2025-09-29,S10,P6,3,26
2025-09-30,S10,P6,4,22
2025-10-01,S10,P6,2,20
2025-10-02,S10,P6,4,16
2025-10-03,S10,P6,5,54
2025-10-04,S10,P6,4,50
2025-10-05,S10,P6,2,48
2025-10-06,S10,P6,1,47
2025-10-07,S10,P6,3,44
2025-10-08,S10,P6,4,40
2025-10-09,S10,P6,4,36
2025-10-10,S10,P6,5,31
2025-10-11,S10,P6,7,24
2025-10-12,S10,P6,5,19
2025-10-13,S10,P6,4,15
2025-10-14,S10,P6,1,14
2025-10-15,S10,P6,3,55
2025-10-16,S10,P6,1,54
2025-10-17,S10,P6,3,51
2025-10-18,S10,P6,6,45
2025-10-19,S10,P6,3,42
2025-10-20,S10,P6,6,36
2025-10-21,S10,P6,1,35
2025-10-22,S10,P6,1,34
2025-10-23,S10,P6,4,30
2025-10-24,S10,P6,7,23
2025-10-25,S10,P6,6,17
2025-10-26,S10,P6,4,13
2025-10-27,S10,P6,6,40
2025-10-28,S10,P6,4,36
2025-10-29,S10,P6,6,30
2025-10-30,S10,P6,7,23
2025-10-31,S10,P6,7,16
2025-11-01,S10,P6,7,71
2025-11-02,S10,P6,8,63
2025-11-03,S10,P6,8,55
2025-11-04,S10,P6,4,51
2025-11-05,S10,P6,5,46
2025-11-06,S10,P6,4,42
2025-11-07,S10,P6,1,41
2025-11-08,S10,P6,6,35
2025-11-09,S10,P6,3,32
2025-11-10,S10,P6,2,30
2025-11-11,S10,P6,2,28
2025-11-12,S10,P6,3,25
2025-11-13,S10,P6,0,25
2025-11-14,S10,P6,1,24
2025-11-15,S10,P6,6,18
2025-11-16,S10,P6,1,17
2025-11-17,S10,P6,4,13
2025-11-18,S10,P6,5,51
2025-11-19,S10,P6,5,46
2025-11-20,S10,P6,4,42
2025-11-21,S10,P6,1,41
2025-11-22,S10,P6,6,35
2025-11-23,S10,P6,3,32
2025-11-24,S10,P6,2,30
2025-11-25,S10,P6,2,28
2025-11-26,S10,P6,9,19
2025-11-27,S10,P6,7,12
2025-11-28,S10,P6,2,60
2025-11-29,S10,P6,1,59
2025-11-30,S10,P6,2,57
2025-12-01,S10,P6,3,54
2025-12-02,S10,P6,5,49
2025-12-03,S10,P6,3,46
2025-12-04,S10,P6,3,43
2025-12-05,S10,P6,7,36
2025-12-06,S10,P6,3,33
2025-12-07,S10,P6,5,28
2025-12-08,S10,P6,1,27
2025-12-09,S10,P6,7,20
2025-12-10,S10,P6,4,16
2025-12-11,S10,P6,3,13
2025-12-12,S10,P6,2,58
2025-12-13,S10,P6,5,53
2025-12-14,S10,P6,2,51
2025-12-15,S10,P6,4,47
2025-12-16,S10,P6,5,42
2025-12-17,S10,P6,3,39
2025-12-18,S10,P6,10,29
2025-12-19,S10,P6,4,25
2025-12-20,S10,P6,3,22
2025-12-21,S10,P6,4,18
2025-12-22,S10,P6,1,17
2025-12-23,S10,P6,2,15
2025-12-24,S10,P6,5,52
2025-12-25,S10,P6,3,49
2025-12-26,S10,P6,6,43
2025-12-27,S10,P6,6,37
2025-12-28,S10,P6,7,30
2025-12-29,S10,P6,1,29
2025-12-30,S10,P6,1,28
2025-12-31,S10,P6,4,24
2026-01-01,S10,P6,4,20
2026-01-02,S10,P6,6,14
2026-01-03,S10,P6,4,76
2026-01-04,S10,P6,2,74
2026-01-05,S10,P6,2,72
2026-01-06,S10,P6,3,69
2026-01-07,S10,P6,2,67
2026-01-08,S10,P6,5,62
2026-01-09,S10,P6,8,54
2026-01-10,S10,P6,6,48
2026-01-11,S10,P6,2,46
2026-01-12,S10,P6,8,38
2026-01-13,S10,P6,8,30
2026-01-14,S10,P6,4,26
2026-01-15,S10,P6,4,22
2026-01-16,S10,P6,8,14
2026-01-17,S10,P6,4,82
2026-01-18,S10,P6,4,78
2026-01-19,S10,P6,4,74
2026-01-20,S10,P6,8,66
2026-01-21,S10,P6,7,59
2026-01-22,S10,P6,5,54
2026-01-23,S10,P6,5,49
2026-01-24,S10,P6,2,47
2026-01-25,S10,P6,2,45
2026-01-26,S10,P6,0,45
2026-01-27,S10,P6,3,42
2026-01-28,S10,P6,2,40
2026-01-29,S10,P6,0,40
2026-01-30,S10,P6,6,34
2026-01-31,S10,P6,4,30
2026-02-01,S10,P6,2,28
2026-02-02,S10,P6,5,23
2026-02-03,S10,P6,5,18
2026-02-04,S10,P6,2,16
2026-02-05,S10,P6,7,49
2026-02-06,S10,P6,7,42
2026-02-07,S10,P6,9,33
2026-02-08,S10,P6,5,28
2026-02-09,S10,P6,11,17
2026-02-10,S10,P6,3,14
2026-02-11,S10,P6,4,82
2026-02-12,S10,P6,4,78
2026-02-13,S10,P6,3,75
2026-02-14,S10,P6,9,66
2026-02-15,S10,P6,6,60
2026-02-16,S10,P6,7,53
2026-02-17,S10,P6,3,50
2026-02-18,S10,P6,3,47
2026-02-19,S10,P6,3,44
2026-02-20,S10,P6,5,39
2026-02-21,S10,P6,3,36
2026-02-22,S10,P6,7,29
2026-02-23,S10,P6,0,29
2026-02-24,S10,P6,4,25
2026-02-25,S10,P6,5,20
2026-02-26,S10,P6,3,17
2026-02-27,S10,P6,5,12
2026-02-28,S10,P6,6,68
2026-03-01,S10,P6,1,67
2026-03-02,S10,P6,4,63
2026-03-03,S10,P6,5,58
2026-03-04,S10,P6,3,55
2026-03-05,S10,P6,5,50
2026-03-06,S10,P6,6,44
2026-03-07,S10,P6,6,38
2026-03-08,S10,P6,3,35
2026-03-09,S10,P6,6,29
2026-03-10,S10,P6,5,24
2026-03-11,S10,P6,6,18
2026-03-12,S10,P6,1,17
2026-03-13,S10,P6,5,12
2026-03-14,S10,P6,2,71
2025-09-01,S10,P7,2,110
2025-09-02,S10,P7,3,107
2025-09-03,S10,P7,4,103
2025-09-04,S10,P7,4,99
2025-09-05,S10,P7,3,96
2025-09-06,S10,P7,5,91
2025-09-07,S10,P7,4,87
2025-09-08,S10,P7,7,80
2025-09-09,S10,P7,4,76
2025-09-10,S10,P7,1,75
2025-09-11,S10,P7,4,71
2025-09-12,S10,P7,7,64
2025-09-13,S10,P7,0,64
2025-09-14,S10,P7,6,58
2025-09-15,S10,P7,4,54
2025-09-16,S10,P7,3,51
2025-09-17,S10,P7,7,44
2025-09-18,S10,P7,5,39
2025-09-19,S10,P7,5,34
2025-09-20,S10,P7,7,27
2025-09-21,S10,P7,4,23
2025-09-22,S10,P7,5,18
2025-09-23,S10,P7,5,13
2025-09-24,S10,P7,4,61
2025-09-25,S10,P7,4,57
2025-09-26,S10,P7,4,53
2025-09-27,S10,P7,4,49
2025-09-28,S10,P7,3,46
2025-09-29,S10,P7,4,42
2025-09-30,S10,P7,7,35
2025-10-01,S10,P7,8,27
2025-10-02,S10,P7,4,23
2025-10-03,S10,P7,4,19
2025-10-04,S10,P7,4,15
2025-10-05,S10,P7,10,70
2025-10-06,S10,P7,3,67
2025-10-07,S10,P7,7,60
2025-10-08,S10,P7,6,54
2025-10-09,S10,P7,3,51
2025-10-10,S10,P7,6,45
2025-10-11,S10,P7,9,36
2025-10-12,S10,P7,5,31
2025-10-13,S10,P7,5,26
2025-10-14,S10,P7,0,26
2025-10-15,S10,P7,7,19
2025-10-16,S10,P7,6,13
2025-10-17,S10,P7,3,71
2025-10-18,S10,P7,3,68
2025-10-19,S10,P7,7,61
2025-10-20,S10,P7,7,54
2025-10-21,S10,P7,3,51
2025-10-22,S10,P7,3,48
2025-10-23,S10,P7,2,46
2025-10-24,S10,P7,4,42
2025-10-25,S10,P7,7,35
2025-10-26,S10,P7,2,33
2025-10-27,S10,P7,6,27
2025-10-28,S10,P7,8,19
2025-10-29,S10,P7,2,17
2025-10-30,S10,P7,4,13
2025-10-31,S10,P7,7,87
2025-11-01,S10,P7,7,80
2025-11-02,S10,P7,3,77
2025-11-03,S10,P7,5,72
2025-11-04,S10,P7,1,71
2025-11-05,S10,P7,3,68
2025-11-06,S10,P7,1,67
2025-11-07,S10,P7,7,60
2025-11-08,S10,P7,5,55
2025-11-09,S10,P7,11,44
2025-11-10,S10,P7,12,32
2025-11-11,S10,P7,2,30
2025-11-12,S10,P7,5,25
2025-11-13,S10,P7,4,21
2025-11-14,S10,P7,5,16
2025-11-15,S10,P7,10,66
2025-11-16,S10,P7,3,63
2025-11-17,S10,P7,4,59
2025-11-18,S10,P7,2,57
2025-11-19,S10,P7,6,51
2025-11-20,S10,P7,4,47
2025-11-21,S10,P7,6,41
2025-11-22,S10,P7,3,38
2025-11-23,S10,P7,5,33
2025-11-24,S10,P7,8,25
2025-11-25,S10,P7,10,15
2025-11-26,S10,P7,1,14
2025-11-27,S10,P7,6,80
2025-11-28,S10,P7,7,73
2025-11-29,S10,P7,5,68
2025-11-30,S10,P7,3,65
2025-12-01,S10,P7,3,62
2025-12-02,S10,P7,6,56
2025-12-03,S10,P7,7,49
2025-12-04,S10,P7,6,43
2025-12-05,S10,P7,6,37
2025-12-06,S10,P7,3,34
2025-12-07,S10,P7,5,29
2025-12-08,S10,P7,5,24
2025-12-09,S10,P7,6,18
2025-12-10,S10,P7,4,14
2025-12-11,S10,P7,3,73
2025-12-12,S10,P7,4,69
2025-12-13,S10,P7,7,62
2025-12-14,S10,P7,4,58
2025-12-15,S10,P7,10,48
2025-12-16,S10,P7,3,45
2025-12-17,S10,P7,3,42
2025-12-18,S10,P7,7,35
2025-12-19,S10,P7,1,34
2025-12-20,S10,P7,5,29
2025-12-21,S10,P7,5,24
2025-12-22,S10,P7,7,17
2025-12-23,S10,P7,1,16
2025-12-24,S10,P7,4,81
2025-12-25,S10,P7,5,76
2025-12-26,S10,P7,9,67
2025-12-27,S10,P7,3,64
2025-12-28,S10,P7,0,64
2025-12-29,S10,P7,3,61
2025-12-30,S10,P7,4,57
2025-12-31,S10,P7,2,55
2026-01-01,S10,P7,6,49
2026-01-02,S10,P7,2,47
2026-01-03,S10,P7,5,42
2026-01-04,S10,P7,4,38
2026-01-05,S10,P7,1,37
2026-01-06,S10,P7,9,28
2026-01-07,S10,P7,8,20
2026-01-08,S10,P7,2,18
2026-01-09,S10,P7,3,15
2026-01-10,S10,P7,5,84
2026-01-11,S10,P7,4,80
2026-01-12,S10,P7,5,75
2026-01-13,S10,P7,5,70
2026-01-14,S10,P7,8,62
2026-01-15,S10,P7,5,57
2026-01-16,S10,P7,4,53
2026-01-17,S10,P7,5,48
2026-01-18,S10,P7,3,45
2026-01-19,S10,P7,5,40
2026-01-20,S10,P7,3,37
2026-01-21,S10,P7,3,34
2026-01-22,S10,P7,4,30
2026-01-23,S10,P7,3,27
2026-01-24,S10,P7,9,18
2026-01-25,S10,P7,6,82
2026-01-26,S10,P7,4,78
2026-01-27,S10,P7,6,72
2026-01-28,S10,P7,4,68
2026-01-29,S10,P7,7,61
2026-01-30,S10,P7,8,53
2026-01-31,S10,P7,8,45
2026-02-01,S10,P7,3,42
2026-02-02,S10,P7,5,37
2026-02-03,S10,P7,11,26
2026-02-04,S10,P7,4,22
2026-02-05,S10,P7,4,18
2026-02-06,S10,P7,2,16
2026-02-07,S10,P7,2,14
2026-02-08,S10,P7,6,54
2026-02-09,S10,P7,3,51
2026-02-10,S10,P7,3,48
2026-02-11,S10,P7,1,47
2026-02-12,S10,P7,6,41
2026-02-13,S10,P7,5,36
2026-02-14,S10,P7,6,30
2026-02-15,S10,P7,8,22
2026-02-16,S10,P7,4,18
2026-02-17,S10,P7,5,13
2026-02-18,S10,P7,3,82
2026-02-19,S10,P7,11,71
2026-02-20,S10,P7,7,64
2026-02-21,S10,P7,2,62
2026-02-22,S10,P7,7,55
2026-02-23,S10,P7,3,52
2026-02-24,S10,P7,6,46
2026-02-25,S10,P7,4,42
2026-02-26,S10,P7,4,38
2026-02-27,S10,P7,4,34
2026-02-28,S10,P7,6,28
2026-03-01,S10,P7,5,23
2026-03-02,S10,P7,6,17
2026-03-03,S10,P7,5,56
2026-03-04,S10,P7,3,53
2026-03-05,S10,P7,11,42
2026-03-06,S10,P7,7,35
2026-03-07,S10,P7,9,26
2026-03-08,S10,P7,4,22
2026-03-09,S10,P7,5,17
2026-03-10,S10,P7,8,48
2026-03-11,S10,P7,6,42
2026-03-12,S10,P7,6,36
2026-03-13,S10,P7,3,33
2026-03-14,S10,P7,7,26
2025-09-01,S10,P8,1,39
2025-09-02,S10,P8,0,39
2025-09-03,S10,P8,4,35
2025-09-04,S10,P8,1,34
2025-09-05,S10,P8,1,33
2025-09-06,S10,P8,0,33
2025-09-07,S10,P8,2,31
2025-09-08,S10,P8,1,30
2025-09-09,S10,P8,0,30
2025-09-10,S10,P8,2,28
2025-09-11,S10,P8,2,26
2025-09-12,S10,P8,2,24
2025-09-13,S10,P8,1,23
2025-09-14,S10,P8,3,20
2025-09-15,S10,P8,2,18
2025-09-16,S10,P8,0,18
2025-09-17,S10,P8,3,15
2025-09-18,S10,P8,2,13
2025-09-19,S10,P8,1,12
2025-09-20,S10,P8,2,10
2025-09-21,S10,P8,1,9
2025-09-22,S10,P8,0,9
2025-09-23,S10,P8,2,7
2025-09-24,S10,P8,2,5
2025-09-25,S10,P8,0,5
2025-09-26,S10,P8,3,28
2025-09-27,S10,P8,3,25
2025-09-28,S10,P8,2,23
2025-09-29,S10,P8,1,22
2025-09-30,S10,P8,0,22
2025-10-01,S10,P8,2,20
2025-10-02,S10,P8,1,19
2025-10-03,S10,P8,2,17
2025-10-04,S10,P8,1,16
2025-10-05,S10,P8,3,13
2025-10-06,S10,P8,2,11
2025-10-07,S10,P8,0,11
2025-10-08,S10,P8,3,8
2025-10-09,S10,P8,1,7
2025-10-10,S10,P8,2,5
2025-10-11,S10,P8,1,4
2025-10-12,S10,P8,3,23
2025-10-13,S10,P8,2,21
2025-10-14,S10,P8,2,19
2025-10-15,S10,P8,0,19
2025-10-16,S10,P8,0,19
2025-10-17,S10,P8,3,16
2025-10-18,S10,P8,1,15
2025-10-19,S10,P8,5,10
2025-10-20,S10,P8,1,9
2025-10-21,S10,P8,3,6
2025-10-22,S10,P8,1,5
2025-10-23,S10,P8,1,4
2025-10-24,S10,P8,0,4
2025-10-25,S10,P8,0,4
2025-10-26,S10,P8,0,4
2025-10-27,S10,P8,2,16
2025-10-28,S10,P8,2,14
2025-10-29,S10,P8,1,13
2025-10-30,S10,P8,1,12
2025-10-31,S10,P8,1,11
2025-11-01,S10,P8,3,8
2025-11-02,S10,P8,3,5
2025-11-03,S10,P8,2,22
2025-11-04,S10,P8,1,21
2025-11-05,S10,P8,5,16
2025-11-06,S10,P8,1,15
2025-11-07,S10,P8,0,15
2025-11-08,S10,P8,0,15
2025-11-09,S10,P8,1,14
2025-11-10,S10,P8,4,10
2025-11-11,S10,P8,1,9
2025-11-12,S10,P8,1,8
2025-11-13,S10,P8,2,6
2025-11-14,S10,P8,2,4
2025-11-15,S10,P8,0,4
2025-11-16,S10,P8,1,19
2025-11-17,S10,P8,1,18
2025-11-18,S10,P8,0,18
2025-11-19,S10,P8,3,15
2025-11-20,S10,P8,4,11
2025-11-21,S10,P8,2,9
2025-11-22,S10,P8,2,7
2025-11-23,S10,P8,0,7
2025-11-24,S10,P8,0,7
2025-11-25,S10,P8,1,6
2025-11-26,S10,P8,0,6
2025-11-27,S10,P8,3,25
2025-11-28,S10,P8,0,25
2025-11-29,S10,P8,2,23
2025-11-30,S10,P8,0,23
2025-12-01,S10,P8,0,23
2025-12-02,S10,P8,1,22
2025-12-03,S10,P8,0,22
2025-12-04,S10,P8,3,19
2025-12-05,S10,P8,3,16
2025-12-06,S10,P8,2,14
2025-12-07,S10,P8,2,12
2025-12-08,S10,P8,0,12
2025-12-09,S10,P8,2,10
2025-12-10,S10,P8,2,8
2025-12-11,S10,P8,2,6
2025-12-12,S10,P8,1,5
2025-12-13,S10,P8,1,4
2025-12-14,S10,P8,3,22
2025-12-15,S10,P8,1,21
2025-12-16,S10,P8,1,20
2025-12-17,S10,P8,1,19
2025-12-18,S10,P8,1,18
2025-12-19,S10,P8,3,15
2025-12-20,S10,P8,4,11
2025-12-21,S10,P8,3,8
2025-12-22,S10,P8,3,5
2025-12-23,S10,P8,1,4
2025-12-24,S10,P8,2,21
2025-12-25,S10,P8,4,17
2025-12-26,S10,P8,3,14
2025-12-27,S10,P8,2,12
2025-12-28,S10,P8,1,11
2025-12-29,S10,P8,0,11
2025-12-30,S10,P8,2,9
2025-12-31,S10,P8,2,7
2026-01-01,S10,P8,0,7
2026-01-02,S10,P8,1,6
2026-01-03,S10,P8,4,17
2026-01-04,S10,P8,2,15
2026-01-05,S10,P8,1,14
2026-01-06,S10,P8,0,14
2026-01-07,S10,P8,3,11
2026-01-08,S10,P8,3,8
2026-01-09,S10,P8,2,6
2026-01-10,S10,P8,2,4
2026-01-11,S10,P8,0,4
2026-01-12,S10,P8,2,17
2026-01-13,S10,P8,1,16
2026-01-14,S10,P8,1,15
2026-01-15,S10,P8,6,9
2026-01-16,S10,P8,0,9
2026-01-17,S10,P8,0,9
2026-01-18,S10,P8,1,8
2026-01-19,S10,P8,2,6
2026-01-20,S10,P8,0,6
2026-01-21,S10,P8,1,5
2026-01-22,S10,P8,2,22
2026-01-23,S10,P8,1,21
2026-01-24,S10,P8,0,21
2026-01-25,S10,P8,2,19
2026-01-26,S10,P8,2,17
2026-01-27,S10,P8,0,17
2026-01-28,S10,P8,2,15
2026-01-29,S10,P8,0,15
2026-01-30,S10,P8,2,13
2026-01-31,S10,P8,0,13
2026-02-01,S10,P8,0,13
2026-02-02,S10,P8,1,12
2026-02-03,S10,P8,1,11
2026-02-04,S10,P8,1,10
2026-02-05,S10,P8,3,7
2026-02-06,S10,P8,3,4
2026-02-07,S10,P8,2,16
2026-02-08,S10,P8,2,14
2026-02-09,S10,P8,1,13
2026-02-10,S10,P8,2,11
2026-02-11,S10,P8,5,6
2026-02-12,S10,P8,0,6
2026-02-13,S10,P8,1,5
2026-02-14,S10,P8,3,21
2026-02-15,S10,P8,2,19
2026-02-16,S10,P8,1,18
2026-02-17,S10,P8,3,15
2026-02-18,S10,P8,1,14
2026-02-19,S10,P8,1,13
2026-02-20,S10,P8,0,13
2026-02-21,S10,P8,2,11
2026-02-22,S10,P8,1,10
2026-02-23,S10,P8,1,9
2026-02-24,S10,P8,1,8
2026-02-25,S10,P8,2,6
2026-02-26,S10,P8,1,5
2026-02-27,S10,P8,1,4
2026-02-28,S10,P8,0,4
2026-03-01,S10,P8,1,18
2026-03-02,S10,P8,0,18
2026-03-03,S10,P8,2,16
2026-03-04,S10,P8,3,13
2026-03-05,S10,P8,3,10
2026-03-06,S10,P8,2,8
2026-03-07,S10,P8,2,6
2026-03-08,S10,P8,2,4
2026-03-09,S10,P8,3,27
2026-03-10,S10,P8,3,24
2026-03-11,S10,P8,1,23
2026-03-12,S10,P8,1,22
2026-03-13,S10,P8,0,22
2026-03-14,S10,P8,1,21
2025-09-01,S10,P9,2,12
2025-09-02,S10,P9,0,12
2025-09-03,S10,P9,1,11
2025-09-04,S10,P9,0,11
2025-09-05,S10,P9,0,11
2025-09-06,S10,P9,1,10
2025-09-07,S10,P9,0,10
2025-09-08,S10,P9,0,10
2025-09-09,S10,P9,1,9
2025-09-10,S10,P9,2,7
2025-09-11,S10,P9,0,7
2025-09-12,S10,P9,1,6
2025-09-13,S10,P9,1,5
2025-09-14,S10,P9,1,4
2025-09-15,S10,P9,1,3
2025-09-16,S10,P9,0,3
2025-09-17,S10,P9,0,3
2025-09-18,S10,P9,0,3
2025-09-19,S10,P9,1,12
2025-09-20,S10,P9,0,12
2025-09-21,S10,P9,1,11
2025-09-22,S10,P9,0,11
2025-09-23,S10,P9,1,10
2025-09-24,S10,P9,0,10
2025-09-25,S10,P9,1,9
2025-09-26,S10,P9,2,7
2025-09-27,S10,P9,0,7
2025-09-28,S10,P9,3,4
2025-09-29,S10,P9,0,4
2025-09-30,S10,P9,2,14
2025-10-01,S10,P9,0,14
2025-10-02,S10,P9,2,12
2025-10-03,S10,P9,0,12
2025-10-04,S10,P9,1,11
2025-10-05,S10,P9,1,10
2025-10-06,S10,P9,0,10
2025-10-07,S10,P9,1,9
2025-10-08,S10,P9,0,9
2025-10-09,S10,P9,1,8
2025-10-10,S10,P9,0,8
2025-10-11,S10,P9,1,7
2025-10-12,S10,P9,3,4
2025-10-13,S10,P9,0,4
2025-10-14,S10,P9,0,4
2025-10-15,S10,P9,1,3
2025-10-16,S10,P9,2,14
2025-10-17,S10,P9,0,14
2025-10-18,S10,P9,0,14
2025-10-19,S10,P9,1,13
2025-10-20,S10,P9,0,13
2025-10-21,S10,P9,1,12
2025-10-22,S10,P9,0,12
2025-10-23,S10,P9,0,12
2025-10-24,S10,P9,1,11
2025-10-25,S10,P9,2,9
2025-10-26,S10,P9,0,9
2025-10-27,S10,P9,0,9
2025-10-28,S10,P9,0,9
2025-10-29,S10,P9,1,8
2025-10-30,S10,P9,1,7
2025-10-31,S10,P9,0,7
2025-11-01,S10,P9,3,4
2025-11-02,S10,P9,0,4
2025-11-03,S10,P9,2,12
2025-11-04,S10,P9,0,12
2025-11-05,S10,P9,1,11
2025-11-06,S10,P9,1,10
2025-11-07,S10,P9,0,10
2025-11-08,S10,P9,0,10
2025-11-09,S10,P9,0,10
2025-11-10,S10,P9,1,9
2025-11-11,S10,P9,0,9
2025-11-12,S10,P9,1,8
2025-11-13,S10,P9,1,7
2025-11-14,S10,P9,1,6
2025-11-15,S10,P9,4,12
2025-11-16,S10,P9,0,12
2025-11-17,S10,P9,1,11
2025-11-18,S10,P9,2,9
2025-11-19,S10,P9,0,9
2025-11-20,S10,P9,0,9
2025-11-21,S10,P9,0,9
2025-11-22,S10,P9,1,8
2025-11-23,S10,P9,0,8
2025-11-24,S10,P9,2,6
2025-11-25,S10,P9,1,5
2025-11-26,S10,P9,0,5
2025-11-27,S10,P9,2,3
2025-11-28,S10,P9,0,3
2025-11-29,S10,P9,0,3
2025-11-30,S10,P9,0,3
2025-12-01,S10,P9,1,16
2025-12-02,S10,P9,1,15
2025-12-03,S10,P9,2,13
2025-12-04,S10,P9,1,12
2025-12-05,S10,P9,1,11
2025-12-06,S10,P9,3,8
2025-12-07,S10,P9,1,7
2025-12-08,S10,P9,0,7
2025-12-09,S10,P9,2,5
2025-12-10,S10,P9,1,4
2025-12-11,S10,P9,1,3
2025-12-12,S10,P9,1,12
2025-12-13,S10,P9,0,12
2025-12-14,S10,P9,2,10
2025-12-15,S10,P9,0,10
2025-12-16,S10,P9,0,10
2025-12-17,S10,P9,2,8
2025-12-18,S10,P9,0,8
2025-12-19,S10,P9,0,8
2025-12-20,S10,P9,1,7
2025-12-21,S10,P9,0,7
2025-12-22,S10,P9,0,7
2025-12-23,S10,P9,0,7
2025-12-24,S10,P9,0,7
2025-12-25,S10,P9,1,6
2025-12-26,S10,P9,0,6
2025-12-27,S10,P9,3,3
2025-12-28,S10,P9,3,10
2025-12-29,S10,P9,1,9
2025-12-30,S10,P9,0,9
2025-12-31,S10,P9,2,7
2026-01-01,S10,P9,0,7
2026-01-02,S10,P9,1,6
2026-01-03,S10,P9,3,3
2026-01-04,S10,P9,1,12
2026-01-05,S10,P9,1,11
2026-01-06,S10,P9,0,11
2026-01-07,S10,P9,1,10
2026-01-08,S10,P9,0,10
2026-01-09,S10,P9,0,10
2026-01-10,S10,P9,1,9
2026-01-11,S10,P9,1,8
2026-01-12,S10,P9,0,8
2026-01-13,S10,P9,2,6
2026-01-14,S10,P9,1,5
2026-01-15,S10,P9,1,4
2026-01-16,S10,P9,0,4
2026-01-17,S10,P9,2,14
2026-01-18,S10,P9,2,12
2026-01-19,S10,P9,1,11
2026-01-20,S10,P9,0,11
2026-01-21,S10,P9,0,11
2026-01-22,S10,P9,1,10
2026-01-23,S10,P9,0,10
2026-01-24,S10,P9,2,8
2026-01-25,S10,P9,2,6
2026-01-26,S10,P9,2,4
2026-01-27,S10,P9,0,4
2026-01-28,S10,P9,0,4
2026-01-29,S10,P9,2,12
2026-01-30,S10,P9,0,12
2026-01-31,S10,P9,2,10
2026-02-01,S10,P9,0,10
2026-02-02,S10,P9,0,10
2026-02-03,S10,P9,0,10
2026-02-04,S10,P9,0,10
2026-02-05,S10,P9,4,6
2026-02-06,S10,P9,1,5
2026-02-07,S10,P9,1,4
2026-02-08,S10,P9,0,4
2026-02-09,S10,P9,0,4
2026-02-10,S10,P9,1,3
2026-02-11,S10,P9,0,3
2026-02-12,S10,P9,2,12
2026-02-13,S10,P9,1,11
2026-02-14,S10,P9,0,11
2026-02-15,S10,P9,0,11
2026-02-16,S10,P9,1,10
2026-02-17,S10,P9,1,9
2026-02-18,S10,P9,0,9
2026-02-19,S10,P9,1,8
2026-02-20,S10,P9,2,6
2026-02-21,S10,P9,1,5
2026-02-22,S10,P9,0,5
2026-02-23,S10,P9,1,4
2026-02-24,S10,P9,2,15
2026-02-25,S10,P9,1,14
2026-02-26,S10,P9,0,14
2026-02-27,S10,P9,5,9
2026-02-28,S10,P9,2,7
2026-03-01,S10,P9,2,5
2026-03-02,S10,P9,1,4
2026-03-03,S10,P9,0,4
2026-03-04,S10,P9,0,4
2026-03-05,S10,P9,0,4
2026-03-06,S10,P9,2,12
2026-03-07,S10,P9,1,11
2026-03-08,S10,P9,1,10
2026-03-09,S10,P9,0,10
2026-03-10,S10,P9,2,8
2026-03-11,S10,P9,1,7
2026-03-12,S10,P9,0,7
2026-03-13,S10,P9,0,7
2026-03-14,S10,P9,1,6
2025-09-01,S10,P10,5,149
2025-09-02,S10,P10,11,138
2025-09-03,S10,P10,3,135
2025-09-04,S10,P10,4,131
2025-09-05,S10,P10,4,127
2025-09-06,S10,P10,7,120
2025-09-07,S10,P10,8,112
2025-09-08,S10,P10,9,103
2025-09-09,S10,P10,11,92
2025-09-10,S10,P10,6,86
2025-09-11,S10,P10,3,83
2025-09-12,S10,P10,11,72
2025-09-13,S10,P10,9,63
2025-09-14,S10,P10,13,50
2025-09-15,S10,P10,4,46
2025-09-16,S10,P10,9,37
2025-09-17,S10,P10,8,29
2025-09-18,S10,P10,8,21
2025-09-19,S10,P10,6,139
2025-09-20,S10,P10,8,131
2025-09-21,S10,P10,6,125
2025-09-22,S10,P10,5,120
2025-09-23,S10,P10,11,109
2025-09-24,S10,P10,4,105
2025-09-25,S10,P10,12,93
2025-09-26,S10,P10,8,85
2025-09-27,S10,P10,3,82
2025-09-28,S10,P10,8,74
2025-09-29,S10,P10,3,71
2025-09-30,S10,P10,5,66
2025-10-01,S10,P10,8,58
2025-10-02,S10,P10,11,47
2025-10-03,S10,P10,4,43
2025-10-04,S10,P10,7,36
2025-10-05,S10,P10,6,30
2025-10-06,S10,P10,7,23
2025-10-07,S10,P10,8,111
2025-10-08,S10,P10,10,101
2025-10-09,S10,P10,7,94
2025-10-10,S10,P10,12,82
2025-10-11,S10,P10,5,77
2025-10-12,S10,P10,15,62
2025-10-13,S10,P10,6,56
2025-10-14,S10,P10,7,49
2025-10-15,S10,P10,10,39
2025-10-16,S10,P10,9,30
2025-10-17,S10,P10,4,26
2025-10-18,S10,P10,9,74
2025-10-19,S10,P10,8,66
2025-10-20,S10,P10,4,62
2025-10-21,S10,P10,9,53
2025-10-22,S10,P10,5,48
2025-10-23,S10,P10,7,41
2025-10-24,S10,P10,7,34
2025-10-25,S10,P10,6,28
2025-10-26,S10,P10,8,102
2025-10-27,S10,P10,7,95
2025-10-28,S10,P10,10,85
2025-10-29,S10,P10,9,76
2025-10-30,S10,P10,7,69
2025-10-31,S10,P10,9,60
2025-11-01,S10,P10,9,51
2025-11-02,S10,P10,7,44
2025-11-03,S10,P10,5,39
2025-11-04,S10,P10,14,25
2025-11-05,S10,P10,6,138
2025-11-06,S10,P10,3,135
2025-11-07,S10,P10,3,132
2025-11-08,S10,P10,9,123
2025-11-09,S10,P10,9,114
2025-11-10,S10,P10,4,110
2025-11-11,S10,P10,4,106
2025-11-12,S10,P10,8,98
2025-11-13,S10,P10,8,90
2025-11-14,S10,P10,10,80
2025-11-15,S10,P10,6,74
2025-11-16,S10,P10,6,68
2025-11-17,S10,P10,5,63
2025-11-18,S10,P10,10,53
2025-11-19,S10,P10,10,43
2025-11-20,S10,P10,5,38
2025-11-21,S10,P10,13,25
2025-11-22,S10,P10,8,80
2025-11-23,S10,P10,5,75
2025-11-24,S10,P10,5,70
2025-11-25,S10,P10,7,63
2025-11-26,S10,P10,8,55
2025-11-27,S10,P10,7,48
2025-11-28,S10,P10,3,45
2025-11-29,S10,P10,11,34
2025-11-30,S10,P10,7,27
2025-12-01,S10,P10,6,21
2025-12-02,S10,P10,5,85
2025-12-03,S10,P10,9,76
2025-12-04,S10,P10,7,69
2025-12-05,S10,P10,11,58
2025-12-06,S10,P10,13,45
2025-12-07,S10,P10,9,36
2025-12-08,S10,P10,2,34
2025-12-09,S10,P10,10,24
2025-12-10,S10,P10,9,85
2025-12-11,S10,P10,2,83
2025-12-12,S10,P10,3,80
2025-12-13,S10,P10,7,73
2025-12-14,S10,P10,9,64
2025-12-15,S10,P10,10,54
2025-12-16,S10,P10,11,43
2025-12-17,S10,P10,8,35
2025-12-18,S10,P10,7,28
2025-12-19,S10,P10,3,25
2025-12-20,S10,P10,5,118
2025-12-21,S10,P10,11,107
2025-12-22,S10,P10,5,102
2025-12-23,S10,P10,5,97
2025-12-24,S10,P10,5,92
2025-12-25,S10,P10,9,83
2025-12-26,S10,P10,9,74
2025-12-27,S10,P10,12,62
2025-12-28,S10,P10,13,49
2025-12-29,S10,P10,5,44
2025-12-30,S10,P10,2,42
2025-12-31,S10,P10,5,37
2026-01-01,S10,P10,9,28
2026-01-02,S10,P10,11,80
2026-01-03,S10,P10,6,74
2026-01-04,S10,P10,14,60
2026-01-05,S10,P10,15,45
2026-01-06,S10,P10,8,37
2026-01-07,S10,P10,6,31
2026-01-08,S10,P10,12,138
2026-01-09,S10,P10,9,129
2026-01-10,S10,P10,6,123
2026-01-11,S10,P10,9,114
2026-01-12,S10,P10,5,109
2026-01-13,S10,P10,6,103
2026-01-14,S10,P10,12,91
2026-01-15,S10,P10,5,86
2026-01-16,S10,P10,14,72
2026-01-17,S10,P10,8,64
2026-01-18,S10,P10,7,57
2026-01-19,S10,P10,6,51
2026-01-20,S10,P10,4,47
2026-01-21,S10,P10,5,42
2026-01-22,S10,P10,7,35
2026-01-23,S10,P10,7,28
2026-01-24,S10,P10,5,23
2026-01-25,S10,P10,7,111
2026-01-26,S10,P10,8,103
2026-01-27,S10,P10,10,93
2026-01-28,S10,P10,4,89
2026-01-29,S10,P10,4,85
2026-01-30,S10,P10,3,82
2026-01-31,S10,P10,7,75
2026-02-01,S10,P10,11,64
2026-02-02,S10,P10,6,58
2026-02-03,S10,P10,7,51
2026-02-04,S10,P10,6,45
2026-02-05,S10,P10,9,36
2026-02-06,S10,P10,7,29
2026-02-07,S10,P10,13,85
2026-02-08,S10,P10,5,80
2026-02-09,S10,P10,6,74
2026-02-10,S10,P10,10,64
2026-02-11,S10,P10,4,60
2026-02-12,S10,P10,6,54
2026-02-13,S10,P10,9,45
2026-02-14,S10,P10,6,39
2026-02-15,S10,P10,11,28
2026-02-16,S10,P10,2,26
2026-02-17,S10,P10,5,21
2026-02-18,S10,P10,3,114
2026-02-19,S10,P10,7,107
2026-02-20,S10,P10,9,98
2026-02-21,S10,P10,9,89
2026-02-22,S10,P10,5,84
2026-02-23,S10,P10,5,79
2026-02-24,S10,P10,6,73
2026-02-25,S10,P10,5,68
2026-02-26,S10,P10,6,62
2026-02-27,S10,P10,9,53
2026-02-28,S10,P10,4,49
2026-03-01,S10,P10,4,45
2026-03-02,S10,P10,4,41
2026-03-03,S10,P10,3,38
2026-03-04,S10,P10,4,34
2026-03-05,S10,P10,5,29
2026-03-06,S10,P10,6,23
2026-03-07,S10,P10,14,122
2026-03-08,S10,P10,9,113
2026-03-09,S10,P10,7,106
2026-03-10,S10,P10,8,98
2026-03-11,S10,P10,7,91
2026-03-12,S10,P10,5,86
2026-03-13,S10,P10,12,74
2026-03-14,S10,P10,8,66
2025-09-01,S10,P11,1,36
2025-09-02,S10,P11,5,31
2025-09-03,S10,P11,5,26
2025-09-04,S10,P11,6,20
2025-09-05,S10,P11,2,18
2025-09-06,S10,P11,3,15
2025-09-07,S10,P11,4,11
2025-09-08,S10,P11,4,53
2025-09-09,S10,P11,5,48
2025-09-10,S10,P11,3,45
2025-09-11,S10,P11,1,44
2025-09-12,S10,P11,3,41
2025-09-13,S10,P11,7,34
2025-09-14,S10,P11,2,32
2025-09-15,S10,P11,4,28
2025-09-16,S10,P11,10,18
2025-09-17,S10,P11,2,16
2025-09-18,S10,P11,4,12
2025-09-19,S10,P11,2,10
2025-09-20,S10,P11,3,41
2025-09-21,S10,P11,1,40
2025-09-22,S10,P11,2,38
2025-09-23,S10,P11,4,34
2025-09-24,S10,P11,3,31
2025-09-25,S10,P11,2,29
2025-09-26,S10,P11,1,28
2025-09-27,S10,P11,3,25
2025-09-28,S10,P11,4,21
2025-09-29,S10,P11,1,20
2025-09-30,S10,P11,4,16
2025-10-01,S10,P11,4,12
2025-10-02,S10,P11,0,12
2025-10-03,S10,P11,3,9
2025-10-04,S10,P11,4,31
2025-10-05,S10,P11,3,28
2025-10-06,S10,P11,2,26
2025-10-07,S10,P11,1,25
2025-10-08,S10,P11,2,23
2025-10-09,S10,P11,2,21
2025-10-10,S10,P11,8,13
2025-10-11,S10,P11,2,11
2025-10-12,S10,P11,5,50
2025-10-13,S10,P11,2,48
2025-10-14,S10,P11,3,45
2025-10-15,S10,P11,3,42
2025-10-16,S10,P11,5,37
2025-10-17,S10,P11,6,31
2025-10-18,S10,P11,5,26
2025-10-19,S10,P11,4,22
2025-10-20,S10,P11,4,18
2025-10-21,S10,P11,3,15
2025-10-22,S10,P11,2,13
2025-10-23,S10,P11,3,10
2025-10-24,S10,P11,2,8
2025-10-25,S10,P11,3,49
2025-10-26,S10,P11,3,46
2025-10-27,S10,P11,5,41
2025-10-28,S10,P11,1,40
2025-10-29,S10,P11,3,37
2025-10-30,S10,P11,4,33
2025-10-31,S10,P11,2,31
2025-11-01,S10,P11,3,28
2025-11-02,S10,P11,4,24
2025-11-03,S10,P11,2,22
2025-11-04,S10,P11,6,16
2025-11-05,S10,P11,2,14
2025-11-06,S10,P11,4,10
2025-11-07,S10,P11,0,10
2025-11-08,S10,P11,0,10
2025-11-09,S10,P11,2,8
2025-11-10,S10,P11,2,39
2025-11-11,S10,P11,3,36
2025-11-12,S10,P11,1,35
2025-11-13,S10,P11,3,32
2025-11-14,S10,P11,5,27
2025-11-15,S10,P11,1,26
2025-11-16,S10,P11,3,23
2025-11-17,S10,P11,6,17
2025-11-18,S10,P11,1,16
2025-11-19,S10,P11,4,12
2025-11-20,S10,P11,1,11
2025-11-21,S10,P11,5,50
2025-11-22,S10,P11,1,49
2025-11-23,S10,P11,4,45
2025-11-24,S10,P11,4,41
2025-11-25,S10,P11,2,39
2025-11-26,S10,P11,3,36
2025-11-27,S10,P11,0,36
2025-11-28,S10,P11,5,31
2025-11-29,S10,P11,2,29
2025-11-30,S10,P11,0,29
2025-12-01,S10,P11,2,27
2025-12-02,S10,P11,0,27
2025-12-03,S10,P11,5,22
2025-12-04,S10,P11,1,21
2025-12-05,S10,P11,1,20
2025-12-06,S10,P11,5,15
2025-12-07,S10,P11,3,12
2025-12-08,S10,P11,5,43
2025-12-09,S10,P11,2,41
2025-12-10,S10,P11,3,38
2025-12-11,S10,P11,2,36
2025-12-12,S10,P11,3,33
2025-12-13,S10,P11,4,29
2025-12-14,S10,P11,3,26
2025-12-15,S10,P11,3,23
2025-12-16,S10,P11,2,21
2025-12-17,S10,P11,5,16
2025-12-18,S10,P11,1,15
2025-12-19,S10,P11,3,12
2025-12-20,S10,P11,1,11
2025-12-21,S10,P11,4,53
2025-12-22,S10,P11,2,51
2025-12-23,S10,P11,0,51
2025-12-24,S10,P11,4,47
2025-12-25,S10,P11,1,46
2025-12-26,S10,P11,5,41
2025-12-27,S10,P11,1,40
2025-12-28,S10,P11,0,40
2025-12-29,S10,P11,3,37
2025-12-30,S10,P11,2,35
2025-12-31,S10,P11,1,34
2026-01-01,S10,P11,2,32
2026-01-02,S10,P11,4,28
2026-01-03,S10,P11,1,27
2026-01-04,S10,P11,4,23
2026-01-05,S10,P11,2,21
2026-01-06,S10,P11,3,18
2026-01-07,S10,P11,3,15
2026-01-08,S10,P11,2,13
2026-01-09,S10,P11,3,10
2026-01-10,S10,P11,1,9
2026-01-11,S10,P11,4,32
2026-01-12,S10,P11,1,31
2026-01-13,S10,P11,0,31
2026-01-14,S10,P11,2,29
2026-01-15,S10,P11,2,27
2026-01-16,S10,P11,3,24
2026-01-17,S10,P11,3,21
2026-01-18,S10,P11,3,18
2026-01-19,S10,P11,0,18
2026-01-20,S10,P11,3,15
2026-01-21,S10,P11,1,14
2026-01-22,S10,P11,4,10
2026-01-23,S10,P11,2,8
2026-01-24,S10,P11,1,40
2026-01-25,S10,P11,2,38
2026-01-26,S10,P11,3,35
2026-01-27,S10,P11,3,32
2026-01-28,S10,P11,4,28
2026-01-29,S10,P11,2,26
2026-01-30,S10,P11,3,23
2026-01-31,S10,P11,5,18
2026-02-01,S10,P11,3,15
2026-02-02,S10,P11,2,13
2026-02-03,S10,P11,1,12
2026-02-04,S10,P11,4,8
2026-02-05,S10,P11,3,38
2026-02-06,S10,P11,1,37
2026-02-07,S10,P11,3,34
2026-02-08,S10,P11,4,30
2026-02-09,S10,P11,0,30
2026-02-10,S10,P11,6,24
2026-02-11,S10,P11,3,21
2026-02-12,S10,P11,3,18
2026-02-13,S10,P11,4,14
2026-02-14,S10,P11,5,9
2026-02-15,S10,P11,0,9
2026-02-16,S10,P11,3,41
2026-02-17,S10,P11,1,40
2026-02-18,S10,P11,2,38
2026-02-19,S10,P11,2,36
2026-02-20,S10,P11,6,30
2026-02-21,S10,P11,3,27
2026-02-22,S10,P11,4,23
2026-02-23,S10,P11,3,20
2026-02-24,S10,P11,6,14
2026-02-25,S10,P11,4,10
2026-02-26,S10,P11,0,10
2026-02-27,S10,P11,3,55
2026-02-28,S10,P11,4,51
2026-03-01,S10,P11,3,48
2026-03-02,S10,P11,3,45
2026-03-03,S10,P11,2,43
2026-03-04,S10,P11,2,41
2026-03-05,S10,P11,3,38
2026-03-06,S10,P11,8,30
2026-03-07,S10,P11,4,26
2026-03-08,S10,P11,7,19
2026-03-09,S10,P11,5,14
2026-03-10,S10,P11,6,8
2026-03-11,S10,P11,6,29
2026-03-12,S10,P11,5,24
2026-03-13,S10,P11,4,20
2026-03-14,S10,P11,4,16
2025-09-01,S10,P12,0,8
2025-09-02,S10,P12,1,7
2025-09-03,S10,P12,0,7
2025-09-04,S10,P12,0,7
2025-09-05,S10,P12,1,6
2025-09-06,S10,P12,0,6
2025-09-07,S10,P12,0,6
2025-09-08,S10,P12,1,5
2025-09-09,S10,P12,0,5
2025-09-10,S10,P12,0,5
2025-09-11,S10,P12,1,4
2025-09-12,S10,P12,0,4
2025-09-13,S10,P12,0,4
2025-09-14,S10,P12,0,4
2025-09-15,S10,P12,0,4
2025-09-16,S10,P12,0,4
2025-09-17,S10,P12,0,4
2025-09-18,S10,P12,0,4
2025-09-19,S10,P12,0,4
2025-09-20,S10,P12,0,4
2025-09-21,S10,P12,1,3
2025-09-22,S10,P12,1,12
2025-09-23,S10,P12,1,11
2025-09-24,S10,P12,0,11
2025-09-25,S10,P12,0,11
2025-09-26,S10,P12,0,11
2025-09-27,S10,P12,0,11
2025-09-28,S10,P12,0,11
2025-09-29,S10,P12,2,9
2025-09-30,S10,P12,0,9
2025-10-01,S10,P12,0,9
2025-10-02,S10,P12,0,9
2025-10-03,S10,P12,0,9
2025-10-04,S10,P12,0,9
2025-10-05,S10,P12,0,9
2025-10-06,S10,P12,0,9
2025-10-07,S10,P12,0,9
2025-10-08,S10,P12,0,9
2025-10-09,S10,P12,0,9
2025-10-10,S10,P12,0,9
2025-10-11,S10,P12,1,8
2025-10-12,S10,P12,1,7
2025-10-13,S10,P12,0,7
2025-10-14,S10,P12,0,7
2025-10-15,S10,P12,1,6
2025-10-16,S10,P12,0,6
2025-10-17,S10,P12,0,6
2025-10-18,S10,P12,0,6
2025-10-19,S10,P12,0,6
2025-10-20,S10,P12,1,5
2025-10-21,S10,P12,0,5
2025-10-22,S10,P12,1,4
2025-10-23,S10,P12,1,3
2025-10-24,S10,P12,0,3
2025-10-25,S10,P12,1,12
2025-10-26,S10,P12,0,12
2025-10-27,S10,P12,0,12
2025-10-28,S10,P12,0,12
2025-10-29,S10,P12,0,12
2025-10-30,S10,P12,0,12
2025-10-31,S10,P12,1,11
2025-11-01,S10,P12,0,11
2025-11-02,S10,P12,0,11
2025-11-03,S10,P12,0,11
2025-11-04,S10,P12,0,11
2025-11-05,S10,P12,0,11
2025-11-06,S10,P12,0,11
2025-11-07,S10,P12,0,11
2025-11-08,S10,P12,0,11
2025-11-09,S10,P12,0,11
2025-11-10,S10,P12,1,10
2025-11-11,S10,P12,1,9
2025-11-12,S10,P12,0,9
2025-11-13,S10,P12,0,9
2025-11-14,S10,P12,0,9
2025-11-15,S10,P12,2,7
2025-11-16,S10,P12,0,7
2025-11-17,S10,P12,0,7
2025-11-18,S10,P12,0,7
2025-11-19,S10,P12,0,7
2025-11-20,S10,P12,0,7
2025-11-21,S10,P12,0,7
2025-11-22,S10,P12,1,6
2025-11-23,S10,P12,0,6
2025-11-24,S10,P12,0,6
2025-11-25,S10,P12,0,6
2025-11-26,S10,P12,0,6
2025-11-27,S10,P12,0,6
2025-11-28,S10,P12,1,5
2025-11-29,S10,P12,2,3
2025-11-30,S10,P12,1,12
2025-12-01,S10,P12,0,12
2025-12-02,S10,P12,0,12
2025-12-03,S10,P12,0,12
2025-12-04,S10,P12,0,12
2025-12-05,S10,P12,0,12
2025-12-06,S10,P12,0,12
2025-12-07,S10,P12,0,12
2025-12-08,S10,P12,1,11
2025-12-09,S10,P12,1,10
2025-12-10,S10,P12,1,9
2025-12-11,S10,P12,1,8
2025-12-12,S10,P12,0,8
2025-12-13,S10,P12,0,8
2025-12-14,S10,P12,1,7
2025-12-15,S10,P12,0,7
2025-12-16,S10,P12,0,7
2025-12-17,S10,P12,0,7
2025-12-18,S10,P12,0,7
2025-12-19,S10,P12,1,6
2025-12-20,S10,P12,0,6
2025-12-21,S10,P12,3,3
2025-12-22,S10,P12,1,12
2025-12-23,S10,P12,0,12
2025-12-24,S10,P12,0,12
2025-12-25,S10,P12,1,11
2025-12-26,S10,P12,0,11
2025-12-27,S10,P12,1,10
2025-12-28,S10,P12,0,10
2025-12-29,S10,P12,0,10
2025-12-30,S10,P12,0,10
2025-12-31,S10,P12,1,9
2026-01-01,S10,P12,0,9
2026-01-02,S10,P12,0,9
2026-01-03,S10,P12,1,8
2026-01-04,S10,P12,0,8
2026-01-05,S10,P12,0,8
2026-01-06,S10,P12,0,8
2026-01-07,S10,P12,0,8
2026-01-08,S10,P12,0,8
2026-01-09,S10,P12,0,8
2026-01-10,S10,P12,1,7
2026-01-11,S10,P12,0,7
2026-01-12,S10,P12,0,7
2026-01-13,S10,P12,0,7
2026-01-14,S10,P12,0,7
2026-01-15,S10,P12,0,7
2026-01-16,S10,P12,0,7
2026-01-17,S10,P12,0,7
2026-01-18,S10,P12,0,7
2026-01-19,S10,P12,0,7
2026-01-20,S10,P12,2,5
2026-01-21,S10,P12,0,5
2026-01-22,S10,P12,0,5
2026-01-23,S10,P12,0,5
2026-01-24,S10,P12,0,5
2026-01-25,S10,P12,1,4
2026-01-26,S10,P12,0,4
2026-01-27,S10,P12,0,4
2026-01-28,S10,P12,0,4
2026-01-29,S10,P12,0,4
2026-01-30,S10,P12,0,4
2026-01-31,S10,P12,1,3
2026-02-01,S10,P12,0,3
2026-02-02,S10,P12,0,3
2026-02-03,S10,P12,1,12
2026-02-04,S10,P12,0,12
2026-02-05,S10,P12,1,11
2026-02-06,S10,P12,0,11
2026-02-07,S10,P12,0,11
2026-02-08,S10,P12,1,10
2026-02-09,S10,P12,0,10
2026-02-10,S10,P12,0,10
2026-02-11,S10,P12,0,10
2026-02-12,S10,P12,1,9
2026-02-13,S10,P12,0,9
2026-02-14,S10,P12,0,9
2026-02-15,S10,P12,0,9
2026-02-16,S10,P12,0,9
2026-02-17,S10,P12,0,9
2026-02-18,S10,P12,1,8
2026-02-19,S10,P12,0,8
2026-02-20,S10,P12,0,8
2026-02-21,S10,P12,0,8
2026-02-22,S10,P12,0,8
2026-02-23,S10,P12,0,8
2026-02-24,S10,P12,0,8
2026-02-25,S10,P12,0,8
2026-02-26,S10,P12,0,8
2026-02-27,S10,P12,0,8
2026-02-28,S10,P12,0,8
2026-03-01,S10,P12,0,8
2026-03-02,S10,P12,0,8
2026-03-03,S10,P12,0,8
2026-03-04,S10,P12,1,7
2026-03-05,S10,P12,0,7
2026-03-06,S10,P12,0,7
2026-03-07,S10,P12,2,5
2026-03-08,S10,P12,0,5
2026-03-09,S10,P12,2,3
2026-03-10,S10,P12,1,12
2026-03-11,S10,P12,0,12
2026-03-12,S10,P12,0,12
2026-03-13,S10,P12,0,12
2026-03-14,S10,P12,0,12
2025-09-01,S10,P13,7,137
2025-09-02,S10,P13,6,131
2025-09-03,S10,P13,6,125
2025-09-04,S10,P13,8,117
2025-09-05,S10,P13,3,114
2025-09-06,S10,P13,0,114
2025-09-07,S10,P13,14,100
2025-09-08,S10,P13,4,96
2025-09-09,S10,P13,16,80
2025-09-10,S10,P13,16,64
2025-09-11,S10,P13,6,58
2025-09-12,S10,P13,9,49
2025-09-13,S10,P13,7,42
2025-09-14,S10,P13,3,39
2025-09-15,S10,P13,5,34
2025-09-16,S10,P13,4,30
2025-09-17,S10,P13,9,21
2025-09-18,S10,P13,3,125
2025-09-19,S10,P13,9,116
2025-09-20,S10,P13,7,109
2025-09-21,S10,P13,7,102
2025-09-22,S10,P13,7,95
2025-09-23,S10,P13,7,88
2025-09-24,S10,P13,5,83
2025-09-25,S10,P13,4,79
2025-09-26,S10,P13,4,75
2025-09-27,S10,P13,10,65
2025-09-28,S10,P13,6,59
2025-09-29,S10,P13,2,57
2025-09-30,S10,P13,7,50
2025-10-01,S10,P13,6,44
2025-10-02,S10,P13,9,35
2025-10-03,S10,P13,5,30
2025-10-04,S10,P13,8,22
2025-10-05,S10,P13,7,117
2025-10-06,S10,P13,8,109
2025-10-07,S10,P13,8,101
2025-10-08,S10,P13,6,95
2025-10-09,S10,P13,5,90
2025-10-10,S10,P13,5,85
2025-10-11,S10,P13,9,76
2025-10-12,S10,P13,2,74
2025-10-13,S10,P13,6,68
2025-10-14,S10,P13,7,61
2025-10-15,S10,P13,8,53
2025-10-16,S10,P13,8,45
2025-10-17,S10,P13,10,35
2025-10-18,S10,P13,8,27
2025-10-19,S10,P13,9,108
2025-10-20,S10,P13,8,100
2025-10-21,S10,P13,9,91
2025-10-22,S10,P13,7,84
2025-10-23,S10,P13,6,78
2025-10-24,S10,P13,9,69
2025-10-25,S10,P13,6,63
2025-10-26,S10,P13,8,55
2025-10-27,S10,P13,8,47
2025-10-28,S10,P13,8,39
2025-10-29,S10,P13,9,30
2025-10-30,S10,P13,4,26
2025-10-31,S10,P13,9,79
2025-11-01,S10,P13,9,70
2025-11-02,S10,P13,10,60
2025-11-03,S10,P13,7,53
2025-11-04,S10,P13,2,51
2025-11-05,S10,P13,11,40
2025-11-06,S10,P13,0,40
2025-11-07,S10,P13,5,35
2025-11-08,S10,P13,10,25
2025-11-09,S10,P13,6,19
2025-11-10,S10,P13,12,121
2025-11-11,S10,P13,9,112
2025-11-12,S10,P13,6,106
2025-11-13,S10,P13,7,99
2025-11-14,S10,P13,5,94
2025-11-15,S10,P13,5,89
2025-11-16,S10,P13,9,80
2025-11-17,S10,P13,3,77
2025-11-18,S10,P13,6,71
2025-11-19,S10,P13,7,64
2025-11-20,S10,P13,9,55
2025-11-21,S10,P13,8,47
2025-11-22,S10,P13,9,38
2025-11-23,S10,P13,6,32
2025-11-24,S10,P13,3,29
2025-11-25,S10,P13,9,20
2025-11-26,S10,P13,9,113
2025-11-27,S10,P13,6,107
2025-11-28,S10,P13,7,100
2025-11-29,S10,P13,8,92
2025-11-30,S10,P13,11,81
2025-12-01,S10,P13,10,71
2025-12-02,S10,P13,9,62
2025-12-03,S10,P13,6,56
2025-12-04,S10,P13,9,47
2025-12-05,S10,P13,5,42
2025-12-06,S10,P13,8,34
2025-12-07,S10,P13,6,28
2025-12-08,S10,P13,7,21
2025-12-09,S10,P13,4,78
2025-12-10,S10,P13,7,71
2025-12-11,S10,P13,6,65
2025-12-12,S10,P13,10,55
2025-12-13,S10,P13,5,50
2025-12-14,S10,P13,2,48
2025-12-15,S10,P13,7,41
2025-12-16,S10,P13,8,33
2025-12-17,S10,P13,7,26
2025-12-18,S10,P13,9,88
2025-12-19,S10,P13,10,78
2025-12-20,S10,P13,7,71
2025-12-21,S10,P13,12,59
2025-12-22,S10,P13,4,55
2025-12-23,S10,P13,2,53
2025-12-24,S10,P13,4,49
2025-12-25,S10,P13,11,38
2025-12-26,S10,P13,8,30
2025-12-27,S10,P13,7,23
2025-12-28,S10,P13,6,116
2025-12-29,S10,P13,7,109
2025-12-30,S10,P13,4,105
2025-12-31,S10,P13,9,96
2026-01-01,S10,P13,8,88
2026-01-02,S10,P13,6,82
2026-01-03,S10,P13,8,74
2026-01-04,S10,P13,9,65
2026-01-05,S10,P13,9,56
2026-01-06,S10,P13,7,49
2026-01-07,S10,P13,9,40
2026-01-08,S10,P13,5,35
2026-01-09,S10,P13,3,32
2026-01-10,S10,P13,14,131
2026-01-11,S10,P13,4,127
2026-01-12,S10,P13,6,121
2026-01-13,S10,P13,5,116
2026-01-14,S10,P13,10,106
2026-01-15,S10,P13,8,98
2026-01-16,S10,P13,5,93
2026-01-17,S10,P13,7,86
2026-01-18,S10,P13,5,81
2026-01-19,S10,P13,7,74
2026-01-20,S10,P13,9,65
2026-01-21,S10,P13,4,61
2026-01-22,S10,P13,5,56
2026-01-23,S10,P13,6,50
2026-01-24,S10,P13,11,39
2026-01-25,S10,P13,3,36
2026-01-26,S10,P13,3,33
2026-01-27,S10,P13,9,24
2026-01-28,S10,P13,3,21
2026-01-29,S10,P13,6,76
2026-01-30,S10,P13,8,68
2026-01-31,S10,P13,5,63
2026-02-01,S10,P13,10,53
2026-02-02,S10,P13,7,46
2026-02-03,S10,P13,5,41
2026-02-04,S10,P13,3,38
2026-02-05,S10,P13,6,32
2026-02-06,S10,P13,7,25
2026-02-07,S10,P13,10,122
2026-02-08,S10,P13,4,118
2026-02-09,S10,P13,4,114
2026-02-10,S10,P13,2,112
2026-02-11,S10,P13,10,102
2026-02-12,S10,P13,3,99
2026-02-13,S10,P13,5,94
2026-02-14,S10,P13,6,88
2026-02-15,S10,P13,6,82
2026-02-16,S10,P13,7,75
2026-02-17,S10,P13,12,63
2026-02-18,S10,P13,6,57
2026-02-19,S10,P13,5,52
2026-02-20,S10,P13,9,43
2026-02-21,S10,P13,4,39
2026-02-22,S10,P13,7,32
2026-02-23,S10,P13,4,28
2026-02-24,S10,P13,2,26
2026-02-25,S10,P13,7,19
2026-02-26,S10,P13,6,103
2026-02-27,S10,P13,12,91
2026-02-28,S10,P13,5,86
2026-03-01,S10,P13,5,81
2026-03-02,S10,P13,7,74
2026-03-03,S10,P13,10,64
2026-03-04,S10,P13,7,57
2026-03-05,S10,P13,6,51
2026-03-06,S10,P13,7,44
2026-03-07,S10,P13,5,39
2026-03-08,S10,P13,13,26
2026-03-09,S10,P13,6,20
2026-03-10,S10,P13,4,127
2026-03-11,S10,P13,5,122
2026-03-12,S10,P13,11,111
2026-03-13,S10,P13,1,110
2026-03-14,S10,P13,13,97
2025-09-01,S10,P14,1,34
2025-09-02,S10,P14,1,33
2025-09-03,S10,P14,3,30
2025-09-04,S10,P14,3,27
2025-09-05,S10,P14,2,25
2025-09-06,S10,P14,5,20
2025-09-07,S10,P14,5,15
2025-09-08,S10,P14,0,15
2025-09-09,S10,P14,2,13
2025-09-10,S10,P14,3,10
2025-09-11,S10,P14,0,10
2025-09-12,S10,P14,5,27
2025-09-13,S10,P14,2,25
2025-09-14,S10,P14,2,23
2025-09-15,S10,P14,1,22
2025-09-16,S10,P14,4,18
2025-09-17,S10,P14,3,15
2025-09-18,S10,P14,0,15
2025-09-19,S10,P14,2,13
2025-09-20,S10,P14,4,9
2025-09-21,S10,P14,2,7
2025-09-22,S10,P14,0,7
2025-09-23,S10,P14,3,30
2025-09-24,S10,P14,1,29
2025-09-25,S10,P14,4,25
2025-09-26,S10,P14,3,22
2025-09-27,S10,P14,2,20
2025-09-28,S10,P14,2,18
2025-09-29,S10,P14,3,15
2025-09-30,S10,P14,1,14
2025-10-01,S10,P14,2,12
2025-10-02,S10,P14,2,10
2025-10-03,S10,P14,4,6
2025-10-04,S10,P14,1,27
2025-10-05,S10,P14,2,25
2025-10-06,S10,P14,1,24
2025-10-07,S10,P14,5,19
2025-10-08,S10,P14,4,15
2025-10-09,S10,P14,0,15
2025-10-10,S10,P14,4,11
2025-10-11,S10,P14,5,6
2025-10-12,S10,P14,1,32
2025-10-13,S10,P14,4,28
2025-10-14,S10,P14,2,26
2025-10-15,S10,P14,0,26
2025-10-16,S10,P14,3,23
2025-10-17,S10,P14,4,19
2025-10-18,S10,P14,3,16
2025-10-19,S10,P14,1,15
2025-10-20,S10,P14,3,12
2025-10-21,S10,P14,0,12
2025-10-22,S10,P14,1,11
2025-10-23,S10,P14,1,10
2025-10-24,S10,P14,2,8
2025-10-25,S10,P14,1,7
2025-10-26,S10,P14,2,39
2025-10-27,S10,P14,2,37
2025-10-28,S10,P14,1,36
2025-10-29,S10,P14,3,33
2025-10-30,S10,P14,3,30
2025-10-31,S10,P14,1,29
2025-11-01,S10,P14,2,27
2025-11-02,S10,P14,1,26
2025-11-03,S10,P14,2,24
2025-11-04,S10,P14,2,22
2025-11-05,S10,P14,1,21
2025-11-06,S10,P14,2,19
2025-11-07,S10,P14,3,16
2025-11-08,S10,P14,3,13
2025-11-09,S10,P14,4,9
2025-11-10,S10,P14,1,8
2025-11-11,S10,P14,0,8
2025-11-12,S10,P14,0,8
2025-11-13,S10,P14,1,7
2025-11-14,S10,P14,1,6
2025-11-15,S10,P14,3,21
2025-11-16,S10,P14,1,20
2025-11-17,S10,P14,2,18
2025-11-18,S10,P14,2,16
2025-11-19,S10,P14,1,15
2025-11-20,S10,P14,2,13
2025-11-21,S10,P14,4,9
2025-11-22,S10,P14,2,7
2025-11-23,S10,P14,2,30
2025-11-24,S10,P14,4,26
2025-11-25,S10,P14,1,25
2025-11-26,S10,P14,1,24
2025-11-27,S10,P14,4,20
2025-11-28,S10,P14,3,17
2025-11-29,S10,P14,5,12
2025-11-30,S10,P14,3,9
2025-12-01,S10,P14,0,9
2025-12-02,S10,P14,4,35
2025-12-03,S10,P14,3,32
2025-12-04,S10,P14,2,30
2025-12-05,S10,P14,2,28
2025-12-06,S10,P14,4,24
2025-12-07,S10,P14,0,24
2025-12-08,S10,P14,4,20
2025-12-09,S10,P14,3,17
2025-12-10,S10,P14,3,14
2025-12-11,S10,P14,1,13
2025-12-12,S10,P14,3,10
2025-12-13,S10,P14,1,9
2025-12-14,S10,P14,0,9
2025-12-15,S10,P14,1,8
2025-12-16,S10,P14,2,6
2025-12-17,S10,P14,4,26
2025-12-18,S10,P14,1,25
2025-12-19,S10,P14,4,21
2025-12-20,S10,P14,4,17
2025-12-21,S10,P14,3,14
2025-12-22,S10,P14,2,12
2025-12-23,S10,P14,0,12
2025-12-24,S10,P14,3,9
2025-12-25,S10,P14,3,6
2025-12-26,S10,P14,5,18
2025-12-27,S10,P14,4,14
2025-12-28,S10,P14,0,14
2025-12-29,S10,P14,2,12
2025-12-30,S10,P14,1,11
2025-12-31,S10,P14,6,23
2026-01-01,S10,P14,2,21
2026-01-02,S10,P14,3,18
2026-01-03,S10,P14,2,16
2026-01-04,S10,P14,4,12
2026-01-05,S10,P14,1,11
2026-01-06,S10,P14,0,11
2026-01-07,S10,P14,1,10
2026-01-08,S10,P14,5,25
2026-01-09,S10,P14,4,21
2026-01-10,S10,P14,3,18
2026-01-11,S10,P14,2,16
2026-01-12,S10,P14,3,13
2026-01-13,S10,P14,5,8
2026-01-14,S10,P14,1,7
2026-01-15,S10,P14,3,35
2026-01-16,S10,P14,4,31
2026-01-17,S10,P14,2,29
2026-01-18,S10,P14,0,29
2026-01-19,S10,P14,0,29
2026-01-20,S10,P14,2,27
2026-01-21,S10,P14,2,25
2026-01-22,S10,P14,3,22
2026-01-23,S10,P14,0,22
2026-01-24,S10,P14,4,18
2026-01-25,S10,P14,2,16
2026-01-26,S10,P14,0,16
2026-01-27,S10,P14,1,15
2026-01-28,S10,P14,0,15
2026-01-29,S10,P14,1,14
2026-01-30,S10,P14,6,8
2026-01-31,S10,P14,4,38
2026-02-01,S10,P14,4,34
2026-02-02,S10,P14,3,31
2026-02-03,S10,P14,1,30
2026-02-04,S10,P14,0,30
2026-02-05,S10,P14,0,30
2026-02-06,S10,P14,0,30
2026-02-07,S10,P14,4,26
2026-02-08,S10,P14,2,24
2026-02-09,S10,P14,2,22
2026-02-10,S10,P14,2,20
2026-02-11,S10,P14,2,18
2026-02-12,S10,P14,2,16
2026-02-13,S10,P14,6,10
2026-02-14,S10,P14,1,9
2026-02-15,S10,P14,1,8
2026-02-16,S10,P14,1,7
2026-02-17,S10,P14,1,6
2026-02-18,S10,P14,3,38
2026-02-19,S10,P14,2,36
2026-02-20,S10,P14,5,31
2026-02-21,S10,P14,1,30
2026-02-22,S10,P14,3,27
2026-02-23,S10,P14,3,24
2026-02-24,S10,P14,1,23
2026-02-25,S10,P14,2,21
2026-02-26,S10,P14,1,20
2026-02-27,S10,P14,4,16
2026-02-28,S10,P14,3,13
2026-03-01,S10,P14,1,12
2026-03-02,S10,P14,2,10
2026-03-03,S10,P14,4,6
2026-03-04,S10,P14,0,6
2026-03-05,S10,P14,4,22
2026-03-06,S10,P14,1,21
2026-03-07,S10,P14,1,20
2026-03-08,S10,P14,3,17
2026-03-09,S10,P14,1,16
2026-03-10,S10,P14,2,14
2026-03-11,S10,P14,2,12
2026-03-12,S10,P14,4,8
2026-03-13,S10,P14,3,22
2026-03-14,S10,P14,1,21
2025-09-01,S10,P15,4,69
2025-09-02,S10,P15,5,64
2025-09-03,S10,P15,7,57
2025-09-04,S10,P15,0,57
2025-09-05,S10,P15,2,55
2025-09-06,S10,P15,6,49
2025-09-07,S10,P15,2,47
2025-09-08,S10,P15,3,44
2025-09-09,S10,P15,5,39
2025-09-10,S10,P15,4,35
2025-09-11,S10,P15,4,31
2025-09-12,S10,P15,5,26
2025-09-13,S10,P15,6,20
2025-09-14,S10,P15,3,17
2025-09-15,S10,P15,3,14
2025-09-16,S10,P15,2,12
2025-09-17,S10,P15,5,64
2025-09-18,S10,P15,6,58
2025-09-19,S10,P15,2,56
2025-09-20,S10,P15,3,53
2025-09-21,S10,P15,3,50
2025-09-22,S10,P15,5,45
2025-09-23,S10,P15,3,42
2025-09-24,S10,P15,1,41
2025-09-25,S10,P15,3,38
2025-09-26,S10,P15,5,33
2025-09-27,S10,P15,4,29
2025-09-28,S10,P15,1,28
2025-09-29,S10,P15,2,26
2025-09-30,S10,P15,5,21
2025-10-01,S10,P15,4,17
2025-10-02,S10,P15,2,15
2025-10-03,S10,P15,8,44
2025-10-04,S10,P15,6,38
2025-10-05,S10,P15,2,36
2025-10-06,S10,P15,2,34
2025-10-07,S10,P15,5,29
2025-10-08,S10,P15,5,24
2025-10-09,S10,P15,4,20
2025-10-10,S10,P15,5,15
2025-10-11,S10,P15,0,15
2025-10-12,S10,P15,1,14
2025-10-13,S10,P15,1,13
2025-10-14,S10,P15,4,43
2025-10-15,S10,P15,3,40
2025-10-16,S10,P15,1,39
2025-10-17,S10,P15,5,34
2025-10-18,S10,P15,4,30
2025-10-19,S10,P15,3,27
2025-10-20,S10,P15,3,24
2025-10-21,S10,P15,4,20
2025-10-22,S10,P15,3,17
2025-10-23,S10,P15,3,14
2025-10-24,S10,P15,4,71
2025-10-25,S10,P15,3,68
2025-10-26,S10,P15,0,68
2025-10-27,S10,P15,1,67
2025-10-28,S10,P15,6,61
2025-10-29,S10,P15,5,56
2025-10-30,S10,P15,6,50
2025-10-31,S10,P15,2,48
2025-11-01,S10,P15,5,43
2025-11-02,S10,P15,6,37
2025-11-03,S10,P15,3,34
2025-11-04,S10,P15,1,33
2025-11-05,S10,P15,3,30
2025-11-06,S10,P15,3,27
2025-11-07,S10,P15,1,26
2025-11-08,S10,P15,2,24
2025-11-09,S10,P15,4,20
2025-11-10,S10,P15,0,20
2025-11-11,S10,P15,4,16
2025-11-12,S10,P15,1,15
2025-11-13,S10,P15,3,12
2025-11-14,S10,P15,2,47
2025-11-15,S10,P15,6,41
2025-11-16,S10,P15,3,38
2025-11-17,S10,P15,4,34
2025-11-18,S10,P15,2,32
2025-11-19,S10,P15,4,28
2025-11-20,S10,P15,2,26
2025-11-21,S10,P15,1,25
2025-11-22,S10,P15,5,20
2025-11-23,S10,P15,3,17
2025-11-24,S10,P15,3,14
2025-11-25,S10,P15,1,13
2025-11-26,S10,P15,7,36
2025-11-27,S10,P15,7,29
2025-11-28,S10,P15,6,23
2025-11-29,S10,P15,3,20
2025-11-30,S10,P15,5,15
2025-12-01,S10,P15,7,61
2025-12-02,S10,P15,6,55
2025-12-03,S10,P15,4,51
2025-12-04,S10,P15,6,45
2025-12-05,S10,P15,7,38
2025-12-06,S10,P15,4,34
2025-12-07,S10,P15,6,28
2025-12-08,S10,P15,3,25
2025-12-09,S10,P15,0,25
2025-12-10,S10,P15,4,21
2025-12-11,S10,P15,5,16
2025-12-12,S10,P15,1,15
2025-12-13,S10,P15,4,11
2025-12-14,S10,P15,2,60
2025-12-15,S10,P15,5,55
2025-12-16,S10,P15,2,53
2025-12-17,S10,P15,5,48
2025-12-18,S10,P15,5,43
2025-12-19,S10,P15,3,40
2025-12-20,S10,P15,5,35
2025-12-21,S10,P15,2,33
2025-12-22,S10,P15,4,29
2025-12-23,S10,P15,2,27
2025-12-24,S10,P15,3,24
2025-12-25,S10,P15,2,22
2025-12-26,S10,P15,2,20
2025-12-27,S10,P15,3,17
2025-12-28,S10,P15,4,13
2025-12-29,S10,P15,1,12
2025-12-30,S10,P15,3,57
2025-12-31,S10,P15,5,52
2026-01-01,S10,P15,1,51
2026-01-02,S10,P15,4,47
2026-01-03,S10,P15,4,43
2026-01-04,S10,P15,5,38
2026-01-05,S10,P15,4,34
2026-01-06,S10,P15,4,30
2026-01-07,S10,P15,2,28
2026-01-08,S10,P15,4,24
2026-01-09,S10,P15,3,21
2026-01-10,S10,P15,7,14
2026-01-11,S10,P15,3,11
2026-01-12,S10,P15,1,69
2026-01-13,S10,P15,4,65
2026-01-14,S10,P15,1,64
2026-01-15,S10,P15,1,63
2026-01-16,S10,P15,6,57
2026-01-17,S10,P15,3,54
2026-01-18,S10,P15,5,49
2026-01-19,S10,P15,6,43
2026-01-20,S10,P15,4,39
2026-01-21,S10,P15,3,36
2026-01-22,S10,P15,3,33
2026-01-23,S10,P15,1,32
2026-01-24,S10,P15,5,27
2026-01-25,S10,P15,2,25
2026-01-26,S10,P15,3,22
2026-01-27,S10,P15,4,18
2026-01-28,S10,P15,1,17
2026-01-29,S10,P15,6,11
2026-01-30,S10,P15,8,46
2026-01-31,S10,P15,3,43
2026-02-01,S10,P15,7,36
2026-02-02,S10,P15,4,32
2026-02-03,S10,P15,6,26
2026-02-04,S10,P15,9,17
2026-02-05,S10,P15,2,15
2026-02-06,S10,P15,4,11
2026-02-07,S10,P15,1,42
2026-02-08,S10,P15,10,32
2026-02-09,S10,P15,2,30
2026-02-10,S10,P15,4,26
2026-02-11,S10,P15,4,22
2026-02-12,S10,P15,3,19
2026-02-13,S10,P15,4,15
2026-02-14,S10,P15,6,39
2026-02-15,S10,P15,1,38
2026-02-16,S10,P15,5,33
2026-02-17,S10,P15,4,29
2026-02-18,S10,P15,6,23
2026-02-19,S10,P15,9,14
2026-02-20,S10,P15,6,45
2026-02-21,S10,P15,2,43
2026-02-22,S10,P15,2,41
2026-02-23,S10,P15,2,39
2026-02-24,S10,P15,1,38
2026-02-25,S10,P15,5,33
2026-02-26,S10,P15,3,30
2026-02-27,S10,P15,3,27
2026-02-28,S10,P15,6,21
2026-03-01,S10,P15,5,16
2026-03-02,S10,P15,2,14
2026-03-03,S10,P15,2,12
2026-03-04,S10,P15,3,56
2026-03-05,S10,P15,4,52
2026-03-06,S10,P15,5,47
2026-03-07,S10,P15,1,46
2026-03-08,S10,P15,3,43
2026-03-09,S10,P15,3,40
2026-03-10,S10,P15,3,37
2026-03-11,S10,P15,4,33
2026-03-12,S10,P15,3,30
2026-03-13,S10,P15,3,27
2026-03-14,S10,P15,1,26
2025-09-01,S10,P16,5,70
2025-09-02,S10,P16,0,70
2025-09-03,S10,P16,3,67
2025-09-04,S10,P16,5,62
2025-09-05,S10,P16,3,59
2025-09-06,S10,P16,3,56
2025-09-07,S10,P16,5,51
2025-09-08,S10,P16,7,44
2025-09-09,S10,P16,2,42
2025-09-10,S10,P16,3,39
2025-09-11,S10,P16,5,34
2025-09-12,S10,P16,5,29
2025-09-13,S10,P16,6,23
2025-09-14,S10,P16,2,21
2025-09-15,S10,P16,1,20
2025-09-16,S10,P16,3,17
2025-09-17,S10,P16,4,13
2025-09-18,S10,P16,4,9
2025-09-19,S10,P16,8,37
2025-09-20,S10,P16,8,29
2025-09-21,S10,P16,1,28
2025-09-22,S10,P16,0,28
2025-09-23,S10,P16,2,26
2025-09-24,S10,P16,2,24
2025-09-25,S10,P16,3,21
2025-09-26,S10,P16,1,20
2025-09-27,S10,P16,3,17
2025-09-28,S10,P16,3,14
2025-09-29,S10,P16,5,9
2025-09-30,S10,P16,6,47
2025-10-01,S10,P16,1,46
2025-10-02,S10,P16,2,44
2025-10-03,S10,P16,4,40
2025-10-04,S10,P16,3,37
2025-10-05,S10,P16,4,33
2025-10-06,S10,P16,0,33
2025-10-07,S10,P16,3,30
2025-10-08,S10,P16,5,25
2025-10-09,S10,P16,4,21
2025-10-10,S10,P16,4,17
2025-10-11,S10,P16,4,13
2025-10-12,S10,P16,6,52
2025-10-13,S10,P16,5,47
2025-10-14,S10,P16,4,43
2025-10-15,S10,P16,4,39
2025-10-16,S10,P16,0,39
2025-10-17,S10,P16,6,33
2025-10-18,S10,P16,2,31
2025-10-19,S10,P16,4,27
2025-10-20,S10,P16,2,25
2025-10-21,S10,P16,2,23
2025-10-22,S10,P16,2,21
2025-10-23,S10,P16,5,16
2025-10-24,S10,P16,4,12
2025-10-25,S10,P16,2,10
2025-10-26,S10,P16,2,52
2025-10-27,S10,P16,1,51
2025-10-28,S10,P16,3,48
2025-10-29,S10,P16,2,46
2025-10-30,S10,P16,3,43
2025-10-31,S10,P16,7,36
2025-11-01,S10,P16,4,32
2025-11-02,S10,P16,3,29
2025-11-03,S10,P16,1,28
2025-11-04,S10,P16,4,24
2025-11-05,S10,P16,2,22
2025-11-06,S10,P16,3,19
2025-11-07,S10,P16,8,11
2025-11-08,S10,P16,4,45
2025-11-09,S10,P16,1,44
2025-11-10,S10,P16,3,41
2025-11-11,S10,P16,1,40
2025-11-12,S10,P16,3,37
2025-11-13,S10,P16,4,33
2025-11-14,S10,P16,3,30
2025-11-15,S10,P16,1,29
2025-11-16,S10,P16,3,26
2025-11-17,S10,P16,0,26
2025-11-18,S10,P16,5,21
2025-11-19,S10,P16,5,16
2025-11-20,S10,P16,4,12
2025-11-21,S10,P16,2,10
2025-11-22,S10,P16,4,36
2025-11-23,S10,P16,5,31
2025-11-24,S10,P16,3,28
2025-11-25,S10,P16,2,26
2025-11-26,S10,P16,2,24
2025-11-27,S10,P16,3,21
2025-11-28,S10,P16,5,16
2025-11-29,S10,P16,0,16
2025-11-30,S10,P16,3,13
2025-12-01,S10,P16,3,10
2025-12-02,S10,P16,6,35
2025-12-03,S10,P16,5,30
2025-12-04,S10,P16,1,29
2025-12-05,S10,P16,4,25
2025-12-06,S10,P16,5,20
2025-12-07,S10,P16,6,14
2025-12-08,S10,P16,2,12
2025-12-09,S10,P16,6,42
2025-12-10,S10,P16,1,41
2025-12-11,S10,P16,3,38
2025-12-12,S10,P16,4,34
2025-12-13,S10,P16,1,33
2025-12-14,S10,P16,4,29
2025-12-15,S10,P16,2,27
2025-12-16,S10,P16,4,23
2025-12-17,S10,P16,4,19
2025-12-18,S10,P16,2,17
2025-12-19,S10,P16,5,12
2025-12-20,S10,P16,6,36
2025-12-21,S10,P16,2,34
2025-12-22,S10,P16,3,31
2025-12-23,S10,P16,5,26
2025-12-24,S10,P16,4,22
2025-12-25,S10,P16,3,19
2025-12-26,S10,P16,5,14
2025-12-27,S10,P16,4,10
2025-12-28,S10,P16,6,46
2025-12-29,S10,P16,3,43
2025-12-30,S10,P16,0,43
2025-12-31,S10,P16,5,38
2026-01-01,S10,P16,3,35
2026-01-02,S10,P16,7,28
2026-01-03,S10,P16,5,23
2026-01-04,S10,P16,5,18
2026-01-05,S10,P16,2,16
2026-01-06,S10,P16,2,14
2026-01-07,S10,P16,5,9
2026-01-08,S10,P16,1,64
2026-01-09,S10,P16,5,59
2026-01-10,S10,P16,5,54
2026-01-11,S10,P16,1,53
2026-01-12,S10,P16,4,49
2026-01-13,S10,P16,1,48
2026-01-14,S10,P16,2,46
2026-01-15,S10,P16,3,43
2026-01-16,S10,P16,4,39
2026-01-17,S10,P16,4,35
2026-01-18,S10,P16,5,30
2026-01-19,S10,P16,7,23
2026-01-20,S10,P16,3,20
2026-01-21,S10,P16,3,17
2026-01-22,S10,P16,1,16
2026-01-23,S10,P16,3,13
2026-01-24,S10,P16,2,11
2026-01-25,S10,P16,2,9
2026-01-26,S10,P16,3,53
2026-01-27,S10,P16,0,53
2026-01-28,S10,P16,3,50
2026-01-29,S10,P16,2,48
2026-01-30,S10,P16,6,42
2026-01-31,S10,P16,6,36
2026-02-01,S10,P16,2,34
2026-02-02,S10,P16,2,32
2026-02-03,S10,P16,8,24
2026-02-04,S10,P16,4,20
2026-02-05,S10,P16,3,17
2026-02-06,S10,P16,0,17
2026-02-07,S10,P16,3,14
2026-02-08,S10,P16,6,40
2026-02-09,S10,P16,6,34
2026-02-10,S10,P16,3,31
2026-02-11,S10,P16,2,29
2026-02-12,S10,P16,6,23
2026-02-13,S10,P16,5,18
2026-02-14,S10,P16,6,12
2026-02-15,S10,P16,4,55
2026-02-16,S10,P16,4,51
2026-02-17,S10,P16,4,47
2026-02-18,S10,P16,5,42
2026-02-19,S10,P16,1,41
2026-02-20,S10,P16,5,36
2026-02-21,S10,P16,6,30
2026-02-22,S10,P16,4,26
2026-02-23,S10,P16,1,25
2026-02-24,S10,P16,6,19
2026-02-25,S10,P16,5,14
2026-02-26,S10,P16,4,10
2026-02-27,S10,P16,5,39
2026-02-28,S10,P16,2,37
2026-03-01,S10,P16,6,31
2026-03-02,S10,P16,0,31
2026-03-03,S10,P16,4,27
2026-03-04,S10,P16,2,25
2026-03-05,S10,P16,2,23
2026-03-06,S10,P16,3,20
2026-03-07,S10,P16,4,16
2026-03-08,S10,P16,4,12
2026-03-09,S10,P16,3,9
2026-03-10,S10,P16,5,30
2026-03-11,S10,P16,3,27
2026-03-12,S10,P16,2,25
2026-03-13,S10,P16,2,23
2026-03-14,S10,P16,2,21
2025-09-01,S10,P17,1,17
2025-09-02,S10,P17,1,16
2025-09-03,S10,P17,0,16
2025-09-04,S10,P17,0,16
2025-09-05,S10,P17,0,16
2025-09-06,S10,P17,0,16
2025-09-07,S10,P17,1,15
2025-09-08,S10,P17,0,15
2025-09-09,S10,P17,2,13
2025-09-10,S10,P17,1,12
2025-09-11,S10,P17,2,10
2025-09-12,S10,P17,1,9
2025-09-13,S10,P17,3,6
2025-09-14,S10,P17,0,6
2025-09-15,S10,P17,2,4
2025-09-16,S10,P17,0,4
2025-09-17,S10,P17,0,4
2025-09-18,S10,P17,1,3
2025-09-19,S10,P17,0,3
2025-09-20,S10,P17,1,17
2025-09-21,S10,P17,0,17
2025-09-22,S10,P17,3,14
2025-09-23,S10,P17,2,12
2025-09-24,S10,P17,2,10
2025-09-25,S10,P17,1,9
2025-09-26,S10,P17,0,9
2025-09-27,S10,P17,4,5
2025-09-28,S10,P17,1,4
2025-09-29,S10,P17,0,4
2025-09-30,S10,P17,2,12
2025-10-01,S10,P17,2,10
2025-10-02,S10,P17,0,10
2025-10-03,S10,P17,0,10
2025-10-04,S10,P17,2,8
2025-10-05,S10,P17,0,8
2025-10-06,S10,P17,0,8
2025-10-07,S10,P17,2,6
2025-10-08,S10,P17,0,6
2025-10-09,S10,P17,0,6
2025-10-10,S10,P17,4,18
2025-10-11,S10,P17,0,18
2025-10-12,S10,P17,3,15
2025-10-13,S10,P17,0,15
2025-10-14,S10,P17,1,14
2025-10-15,S10,P17,1,13
2025-10-16,S10,P17,0,13
2025-10-17,S10,P17,4,9
2025-10-18,S10,P17,0,9
2025-10-19,S10,P17,1,8
2025-10-20,S10,P17,0,8
2025-10-21,S10,P17,1,7
2025-10-22,S10,P17,1,6
2025-10-23,S10,P17,0,6
2025-10-24,S10,P17,2,4
2025-10-25,S10,P17,1,3
2025-10-26,S10,P17,0,3
2025-10-27,S10,P17,3,14
2025-10-28,S10,P17,0,14
2025-10-29,S10,P17,1,13
2025-10-30,S10,P17,1,12
2025-10-31,S10,P17,2,10
2025-11-01,S10,P17,0,10
2025-11-02,S10,P17,0,10
2025-11-03,S10,P17,1,9
2025-11-04,S10,P17,1,8
2025-11-05,S10,P17,0,8
2025-11-06,S10,P17,3,5
2025-11-07,S10,P17,1,4
2025-11-08,S10,P17,0,4
2025-11-09,S10,P17,1,3
2025-11-10,S10,P17,1,18
2025-11-11,S10,P17,2,16
2025-11-12,S10,P17,4,12
2025-11-13,S10,P17,0,12
2025-11-14,S10,P17,1,11
2025-11-15,S10,P17,0,11
2025-11-16,S10,P17,1,10
2025-11-17,S10,P17,1,9
2025-11-18,S10,P17,2,7
2025-11-19,S10,P17,0,7
2025-11-20,S10,P17,1,6
2025-11-21,S10,P17,3,3
2025-11-22,S10,P17,0,3
2025-11-23,S10,P17,0,3
2025-11-24,S10,P17,2,11
2025-11-25,S10,P17,0,11
2025-11-26,S10,P17,1,10
2025-11-27,S10,P17,2,8
2025-11-28,S10,P17,1,7
2025-11-29,S10,P17,1,6
2025-11-30,S10,P17,0,6
2025-12-01,S10,P17,2,4
2025-12-02,S10,P17,1,3
2025-12-03,S10,P17,2,16
2025-12-04,S10,P17,1,15
2025-12-05,S10,P17,0,15
2025-12-06,S10,P17,0,15
2025-12-07,S10,P17,0,15
2025-12-08,S10,P17,0,15
2025-12-09,S10,P17,1,14
2025-12-10,S10,P17,0,14
2025-12-11,S10,P17,1,13
2025-12-12,S10,P17,1,12
2025-12-13,S10,P17,0,12
2025-12-14,S10,P17,1,11
2025-12-15,S10,P17,1,10
2025-12-16,S10,P17,0,10
2025-12-17,S10,P17,1,9
2025-12-18,S10,P17,1,8
2025-12-19,S10,P17,4,4
2025-12-20,S10,P17,0,4
2025-12-21,S10,P17,4,13
2025-12-22,S10,P17,4,9
2025-12-23,S10,P17,0,9
2025-12-24,S10,P17,1,8
2025-12-25,S10,P17,1,7
2025-12-26,S10,P17,2,5
2025-12-27,S10,P17,1,4
2025-12-28,S10,P17,0,4
2025-12-29,S10,P17,0,4
2025-12-30,S10,P17,1,3
2025-12-31,S10,P17,0,3
2026-01-01,S10,P17,1,14
2026-01-02,S10,P17,1,13
2026-01-03,S10,P17,0,13
2026-01-04,S10,P17,2,11
2026-01-05,S10,P17,0,11
2026-01-06,S10,P17,1,10
2026-01-07,S10,P17,0,10
2026-01-08,S10,P17,0,10
2026-01-09,S10,P17,0,10
2026-01-10,S10,P17,2,8
2026-01-11,S10,P17,1,7
2026-01-12,S10,P17,2,5
2026-01-13,S10,P17,2,3
2026-01-14,S10,P17,0,3
2026-01-15,S10,P17,1,16
2026-01-16,S10,P17,1,15
2026-01-17,S10,P17,0,15
2026-01-18,S10,P17,0,15
2026-01-19,S10,P17,1,14
2026-01-20,S10,P17,2,12
2026-01-21,S10,P17,2,10
2026-01-22,S10,P17,1,9
2026-01-23,S10,P17,1,8
2026-01-24,S10,P17,2,6
2026-01-25,S10,P17,0,6
2026-01-26,S10,P17,1,5
2026-01-27,S10,P17,1,4
2026-01-28,S10,P17,1,3
2026-01-29,S10,P17,1,13
2026-01-30,S10,P17,1,12
2026-01-31,S10,P17,2,10
2026-02-01,S10,P17,2,8
2026-02-02,S10,P17,2,6
2026-02-03,S10,P17,0,6
2026-02-04,S10,P17,1,5
2026-02-05,S10,P17,1,4
2026-02-06,S10,P17,1,3
2026-02-07,S10,P17,0,3
2026-02-08,S10,P17,0,3
2026-02-09,S10,P17,1,12
2026-02-10,S10,P17,2,10
2026-02-11,S10,P17,0,10
2026-02-12,S10,P17,0,10
2026-02-13,S10,P17,2,8
2026-02-14,S10,P17,2,6
2026-02-15,S10,P17,5,15
2026-02-16,S10,P17,2,13
2026-02-17,S10,P17,1,12
2026-02-18,S10,P17,1,11
2026-02-19,S10,P17,2,9
2026-02-20,S10,P17,0,9
2026-02-21,S10,P17,0,9
2026-02-22,S10,P17,3,6
2026-02-23,S10,P17,0,6
2026-02-24,S10,P17,0,6
2026-02-25,S10,P17,0,6
2026-02-26,S10,P17,0,6
2026-02-27,S10,P17,1,5
2026-02-28,S10,P17,3,14
2026-03-01,S10,P17,0,14
2026-03-02,S10,P17,1,13
2026-03-03,S10,P17,1,12
2026-03-04,S10,P17,1,11
2026-03-05,S10,P17,3,8
2026-03-06,S10,P17,1,7
2026-03-07,S10,P17,0,7
2026-03-08,S10,P17,0,7
2026-03-09,S10,P17,2,5
2026-03-10,S10,P17,0,5
2026-03-11,S10,P17,0,5
2026-03-12,S10,P17,0,5
2026-03-13,S10,P17,1,4
2026-03-14,S10,P17,0,4
2025-09-01,S10,P18,0,8
2025-09-02,S10,P18,0,8
2025-09-03,S10,P18,0,8
2025-09-04,S10,P18,0,8
2025-09-05,S10,P18,0,8
2025-09-06,S10,P18,0,8
2025-09-07,S10,P18,0,8
2025-09-08,S10,P18,0,8
2025-09-09,S10,P18,0,8
2025-09-10,S10,P18,0,8
2025-09-11,S10,P18,0,8
2025-09-12,S10,P18,1,7
2025-09-13,S10,P18,0,7
2025-09-14,S10,P18,0,7
2025-09-15,S10,P18,0,7
2025-09-16,S10,P18,0,7
2025-09-17,S10,P18,0,7
2025-09-18,S10,P18,0,7
2025-09-19,S10,P18,0,7
2025-09-20,S10,P18,1,6
2025-09-21,S10,P18,1,5
2025-09-22,S10,P18,2,3
2025-09-23,S10,P18,0,3
2025-09-24,S10,P18,0,3
2025-09-25,S10,P18,2,11
2025-09-26,S10,P18,0,11
2025-09-27,S10,P18,0,11
2025-09-28,S10,P18,0,11
2025-09-29,S10,P18,0,11
2025-09-30,S10,P18,1,10
2025-10-01,S10,P18,0,10
2025-10-02,S10,P18,0,10
2025-10-03,S10,P18,0,10
2025-10-04,S10,P18,1,9
2025-10-05,S10,P18,0,9
2025-10-06,S10,P18,1,8
2025-10-07,S10,P18,0,8
2025-10-08,S10,P18,0,8
2025-10-09,S10,P18,1,7
2025-10-10,S10,P18,1,6
2025-10-11,S10,P18,0,6
2025-10-12,S10,P18,1,5
2025-10-13,S10,P18,0,5
2025-10-14,S10,P18,0,5
2025-10-15,S10,P18,1,4
2025-10-16,S10,P18,0,4
2025-10-17,S10,P18,1,3
2025-10-18,S10,P18,2,11
2025-10-19,S10,P18,0,11
2025-10-20,S10,P18,0,11
2025-10-21,S10,P18,0,11
2025-10-22,S10,P18,0,11
2025-10-23,S10,P18,0,11
2025-10-24,S10,P18,0,11
2025-10-25,S10,P18,1,10
2025-10-26,S10,P18,0,10
2025-10-27,S10,P18,0,10
2025-10-28,S10,P18,2,8
2025-10-29,S10,P18,0,8
2025-10-30,S10,P18,0,8
2025-10-31,S10,P18,1,7
2025-11-01,S10,P18,1,6
2025-11-02,S10,P18,0,6
2025-11-03,S10,P18,0,6
2025-11-04,S10,P18,0,6
2025-11-05,S10,P18,0,6
2025-11-06,S10,P18,0,6
2025-11-07,S10,P18,1,5
2025-11-08,S10,P18,0,5
2025-11-09,S10,P18,1,4
2025-11-10,S10,P18,0,4
2025-11-11,S10,P18,0,4
2025-11-12,S10,P18,1,3
2025-11-13,S10,P18,0,3
2025-11-14,S10,P18,0,3
2025-11-15,S10,P18,0,3
2025-11-16,S10,P18,0,3
2025-11-17,S10,P18,0,3
2025-11-18,S10,P18,1,12
2025-11-19,S10,P18,0,12
2025-11-20,S10,P18,0,12
2025-11-21,S10,P18,0,12
2025-11-22,S10,P18,0,12
2025-11-23,S10,P18,0,12
2025-11-24,S10,P18,0,12
2025-11-25,S10,P18,0,12
2025-11-26,S10,P18,1,11
2025-11-27,S10,P18,0,11
2025-11-28,S10,P18,0,11
2025-11-29,S10,P18,0,11
2025-11-30,S10,P18,0,11
2025-12-01,S10,P18,1,10
2025-12-02,S10,P18,0,10
2025-12-03,S10,P18,1,9
2025-12-04,S10,P18,1,8
2025-12-05,S10,P18,1,7
2025-12-06,S10,P18,0,7
2025-12-07,S10,P18,2,5
2025-12-08,S10,P18,0,5
2025-12-09,S10,P18,0,5
2025-12-10,S10,P18,0,5
2025-12-11,S10,P18,0,5
2025-12-12,S10,P18,1,4
2025-12-13,S10,P18,1,3
2025-12-14,S10,P18,0,3
2025-12-15,S10,P18,1,12
2025-12-16,S10,P18,2,10
2025-12-17,S10,P18,0,10
2025-12-18,S10,P18,0,10
2025-12-19,S10,P18,1,9
2025-12-20,S10,P18,0,9
2025-12-21,S10,P18,0,9
2025-12-22,S10,P18,0,9
2025-12-23,S10,P18,0,9
2025-12-24,S10,P18,0,9
2025-12-25,S10,P18,0,9
2025-12-26,S10,P18,0,9
2025-12-27,S10,P18,0,9
2025-12-28,S10,P18,0,9
2025-12-29,S10,P18,0,9
2025-12-30,S10,P18,1,8
2025-12-31,S10,P18,0,8
2026-01-01,S10,P18,0,8
2026-01-02,S10,P18,0,8
2026-01-03,S10,P18,0,8
2026-01-04,S10,P18,0,8
2026-01-05,S10,P18,0,8
2026-01-06,S10,P18,0,8
2026-01-07,S10,P18,0,8
2026-01-08,S10,P18,0,8
2026-01-09,S10,P18,0,8
2026-01-10,S10,P18,0,8
2026-01-11,S10,P18,0,8
2026-01-12,S10,P18,2,6
2026-01-13,S10,P18,0,6
2026-01-14,S10,P18,1,5
2026-01-15,S10,P18,0,5
2026-01-16,S10,P18,0,5
2026-01-17,S10,P18,1,4
2026-01-18,S10,P18,1,3
2026-01-19,S10,P18,0,3
2026-01-20,S10,P18,0,3
2026-01-21,S10,P18,1,12
2026-01-22,S10,P18,1,11
2026-01-23,S10,P18,1,10
2026-01-24,S10,P18,0,10
2026-01-25,S10,P18,0,10
2026-01-26,S10,P18,0,10
2026-01-27,S10,P18,0,10
2026-01-28,S10,P18,0,10
2026-01-29,S10,P18,0,10
2026-01-30,S10,P18,0,10
2026-01-31,S10,P18,0,10
2026-02-01,S10,P18,0,10
2026-02-02,S10,P18,0,10
2026-02-03,S10,P18,0,10
2026-02-04,S10,P18,0,10
2026-02-05,S10,P18,0,10
2026-02-06,S10,P18,0,10
2026-02-07,S10,P18,1,9
2026-02-08,S10,P18,0,9
2026-02-09,S10,P18,0,9
2026-02-10,S10,P18,0,9
2026-02-11,S10,P18,0,9
2026-02-12,S10,P18,0,9
2026-02-13,S10,P18,0,9
2026-02-14,S10,P18,0,9
2026-02-15,S10,P18,0,9
2026-02-16,S10,P18,0,9
2026-02-17,S10,P18,1,8
2026-02-18,S10,P18,0,8
2026-02-19,S10,P18,0,8
2026-02-20,S10,P18,0,8
2026-02-21,S10,P18,0,8
2026-02-22,S10,P18,0,8
2026-02-23,S10,P18,0,8
2026-02-24,S10,P18,0,8
2026-02-25,S10,P18,1,7
2026-02-26,S10,P18,0,7
2026-02-27,S10,P18,0,7
2026-02-28,S10,P18,1,6
2026-03-01,S10,P18,0,6
2026-03-02,S10,P18,0,6
2026-03-03,S10,P18,1,5
2026-03-04,S10,P18,0,5
2026-03-05,S10,P18,0,5
2026-03-06,S10,P18,1,4
2026-03-07,S10,P18,0,4
2026-03-08,S10,P18,0,4
2026-03-09,S10,P18,1,3
2026-03-10,S10,P18,0,3
2026-03-11,S10,P18,0,3
2026-03-12,S10,P18,0,3
2026-03-13,S10,P18,1,12
2026-03-14,S10,P18,0,12
2025-09-01,S10,P19,2,55
2025-09-02,S10,P19,1,54
2025-09-03,S10,P19,9,45
2025-09-04,S10,P19,5,40
2025-09-05,S10,P19,9,31
2025-09-06,S10,P19,4,27
2025-09-07,S10,P19,5,22
2025-09-08,S10,P19,8,14
2025-09-09,S10,P19,7,70
2025-09-10,S10,P19,3,67
2025-09-11,S10,P19,8,59
2025-09-12,S10,P19,6,53
2025-09-13,S10,P19,4,49
2025-09-14,S10,P19,5,44
2025-09-15,S10,P19,3,41
2025-09-16,S10,P19,3,38
2025-09-17,S10,P19,8,30
2025-09-18,S10,P19,7,23
2025-09-19,S10,P19,6,17
2025-09-20,S10,P19,5,12
2025-09-21,S10,P19,5,71
2025-09-22,S10,P19,4,67
2025-09-23,S10,P19,4,63
2025-09-24,S10,P19,2,61
2025-09-25,S10,P19,3,58
2025-09-26,S10,P19,3,55
2025-09-27,S10,P19,1,54
2025-09-28,S10,P19,6,48
2025-09-29,S10,P19,5,43
2025-09-30,S10,P19,4,39
2025-10-01,S10,P19,8,31
2025-10-02,S10,P19,6,25
2025-10-03,S10,P19,4,21
2025-10-04,S10,P19,2,19
2025-10-05,S10,P19,3,16
2025-10-06,S10,P19,0,16
2025-10-07,S10,P19,5,11
2025-10-08,S10,P19,6,43
2025-10-09,S10,P19,6,37
2025-10-10,S10,P19,7,30
2025-10-11,S10,P19,3,27
2025-10-12,S10,P19,5,22
2025-10-13,S10,P19,3,19
2025-10-14,S10,P19,2,17
2025-10-15,S10,P19,2,15
2025-10-16,S10,P19,4,11
2025-10-17,S10,P19,2,49
2025-10-18,S10,P19,5,44
2025-10-19,S10,P19,7,37
2025-10-20,S10,P19,4,33
2025-10-21,S10,P19,3,30
2025-10-22,S10,P19,4,26
2025-10-23,S10,P19,11,15
2025-10-24,S10,P19,0,15
2025-10-25,S10,P19,8,49
2025-10-26,S10,P19,8,41
2025-10-27,S10,P19,3,38
2025-10-28,S10,P19,9,29
2025-10-29,S10,P19,6,23
2025-10-30,S10,P19,4,19
2025-10-31,S10,P19,3,16
2025-11-01,S10,P19,3,13
2025-11-02,S10,P19,8,55
2025-11-03,S10,P19,3,52
2025-11-04,S10,P19,4,48
2025-11-05,S10,P19,5,43
2025-11-06,S10,P19,6,37
2025-11-07,S10,P19,3,34
2025-11-08,S10,P19,2,32
2025-11-09,S10,P19,4,28
2025-11-10,S10,P19,3,25
2025-11-11,S10,P19,7,18
2025-11-12,S10,P19,5,13
2025-11-13,S10,P19,5,67
2025-11-14,S10,P19,7,60
2025-11-15,S10,P19,8,52
2025-11-16,S10,P19,2,50
2025-11-17,S10,P19,3,47
2025-11-18,S10,P19,5,42
2025-11-19,S10,P19,2,40
2025-11-20,S10,P19,3,37
2025-11-21,S10,P19,7,30
2025-11-22,S10,P19,5,25
2025-11-23,S10,P19,2,23
2025-11-24,S10,P19,5,18
2025-11-25,S10,P19,6,12
2025-11-26,S10,P19,8,63
2025-11-27,S10,P19,5,58
2025-11-28,S10,P19,6,52
2025-11-29,S10,P19,10,42
2025-11-30,S10,P19,4,38
2025-12-01,S10,P19,3,35
2025-12-02,S10,P19,2,33
2025-12-03,S10,P19,5,28
2025-12-04,S10,P19,4,24
2025-12-05,S10,P19,5,19
2025-12-06,S10,P19,7,12
2025-12-07,S10,P19,10,44
2025-12-08,S10,P19,3,41
2025-12-09,S10,P19,2,39
2025-12-10,S10,P19,8,31
2025-12-11,S10,P19,0,31
2025-12-12,S10,P19,3,28
2025-12-13,S10,P19,3,25
2025-12-14,S10,P19,3,22
2025-12-15,S10,P19,1,21
2025-12-16,S10,P19,1,20
2025-12-17,S10,P19,4,16
2025-12-18,S10,P19,2,14
2025-12-19,S10,P19,1,13
2025-12-20,S10,P19,4,74
2025-12-21,S10,P19,2,72
2025-12-22,S10,P19,1,71
2025-12-23,S10,P19,2,69
2025-12-24,S10,P19,2,67
2025-12-25,S10,P19,1,66
2025-12-26,S10,P19,3,63
2025-12-27,S10,P19,4,59
2025-12-28,S10,P19,5,54
2025-12-29,S10,P19,2,52
2025-12-30,S10,P19,1,51
2025-12-31,S10,P19,1,50
2026-01-01,S10,P19,4,46
2026-01-02,S10,P19,6,40
2026-01-03,S10,P19,4,36
2026-01-04,S10,P19,2,34
2026-01-05,S10,P19,1,33
2026-01-06,S10,P19,5,28
2026-01-07,S10,P19,2,26
2026-01-08,S10,P19,3,23
2026-01-09,S10,P19,6,17
2026-01-10,S10,P19,4,13
2026-01-11,S10,P19,3,62
2026-01-12,S10,P19,2,60
2026-01-13,S10,P19,3,57
2026-01-14,S10,P19,1,56
2026-01-15,S10,P19,1,55
2026-01-16,S10,P19,5,50
2026-01-17,S10,P19,3,47
2026-01-18,S10,P19,6,41
2026-01-19,S10,P19,2,39
2026-01-20,S10,P19,2,37
2026-01-21,S10,P19,4,33
2026-01-22,S10,P19,3,30
2026-01-23,S10,P19,4,26
2026-01-24,S10,P19,6,20
2026-01-25,S10,P19,4,16
2026-01-26,S10,P19,3,13
2026-01-27,S10,P19,5,69
2026-01-28,S10,P19,2,67
2026-01-29,S10,P19,5,62
2026-01-30,S10,P19,8,54
2026-01-31,S10,P19,2,52
2026-02-01,S10,P19,6,46
2026-02-02,S10,P19,1,45
2026-02-03,S10,P19,0,45
2026-02-04,S10,P19,4,41
2026-02-05,S10,P19,6,35
2026-02-06,S10,P19,4,31
2026-02-07,S10,P19,2,29
2026-02-08,S10,P19,2,27
2026-02-09,S10,P19,6,21
2026-02-10,S10,P19,4,17
2026-02-11,S10,P19,5,12
2026-02-12,S10,P19,7,37
2026-02-13,S10,P19,2,35
2026-02-14,S10,P19,5,30
2026-02-15,S10,P19,3,27
2026-02-16,S10,P19,3,24
2026-02-17,S10,P19,5,19
2026-02-18,S10,P19,6,13
2026-02-19,S10,P19,7,55
2026-02-20,S10,P19,6,49
2026-02-21,S10,P19,4,45
2026-02-22,S10,P19,3,42
2026-02-23,S10,P19,2,40
2026-02-24,S10,P19,1,39
2026-02-25,S10,P19,1,38
2026-02-26,S10,P19,3,35
2026-02-27,S10,P19,4,31
2026-02-28,S10,P19,7,24
2026-03-01,S10,P19,4,20
2026-03-02,S10,P19,2,18
2026-03-03,S10,P19,3,15
2026-03-04,S10,P19,3,12
2026-03-05,S10,P19,6,41
2026-03-06,S10,P19,4,37
2026-03-07,S10,P19,3,34
2026-03-08,S10,P19,5,29
2026-03-09,S10,P19,3,26
2026-03-10,S10,P19,2,24
2026-03-11,S10,P19,5,19
2026-03-12,S10,P19,3,16
2026-03-13,S10,P19,7,58
2026-03-14,S10,P19,6,52
2025-09-01,S10,P20,4,48
2025-09-02,S10,P20,1,47
2025-09-03,S10,P20,1,46
2025-09-04,S10,P20,2,44
2025-09-05,S10,P20,2,42
2025-09-06,S10,P20,5,37
2025-09-07,S10,P20,2,35
2025-09-08,S10,P20,3,32
2025-09-09,S10,P20,1,31
2025-09-10,S10,P20,1,30
2025-09-11,S10,P20,6,24
2025-09-12,S10,P20,4,20
2025-09-13,S10,P20,6,14
2025-09-14,S10,P20,1,13
2025-09-15,S10,P20,4,9
2025-09-16,S10,P20,3,45
2025-09-17,S10,P20,2,43
2025-09-18,S10,P20,1,42
2025-09-19,S10,P20,6,36
2025-09-20,S10,P20,3,33
2025-09-21,S10,P20,1,32
2025-09-22,S10,P20,4,28
2025-09-23,S10,P20,2,26
2025-09-24,S10,P20,2,24
2025-09-25,S10,P20,3,21
2025-09-26,S10,P20,2,19
2025-09-27,S10,P20,5,14
2025-09-28,S10,P20,1,13
2025-09-29,S10,P20,2,11
2025-09-30,S10,P20,4,41
2025-10-01,S10,P20,3,38
2025-10-02,S10,P20,2,36
2025-10-03,S10,P20,1,35
2025-10-04,S10,P20,0,35
2025-10-05,S10,P20,1,34
2025-10-06,S10,P20,4,30
2025-10-07,S10,P20,7,23
2025-10-08,S10,P20,3,20
2025-10-09,S10,P20,4,16
2025-10-10,S10,P20,2,14
2025-10-11,S10,P20,5,9
2025-10-12,S10,P20,3,52
2025-10-13,S10,P20,3,49
2025-10-14,S10,P20,2,47
2025-10-15,S10,P20,4,43
2025-10-16,S10,P20,2,41
2025-10-17,S10,P20,2,39
2025-10-18,S10,P20,4,35
2025-10-19,S10,P20,5,30
2025-10-20,S10,P20,6,24
2025-10-21,S10,P20,4,20
2025-10-22,S10,P20,3,17
2025-10-23,S10,P20,3,14
2025-10-24,S10,P20,6,8
2025-10-25,S10,P20,3,27
2025-10-26,S10,P20,1,26
2025-10-27,S10,P20,2,24
2025-10-28,S10,P20,1,23
2025-10-29,S10,P20,2,21
2025-10-30,S10,P20,2,19
2025-10-31,S10,P20,3,16
2025-11-01,S10,P20,6,10
2025-11-02,S10,P20,1,9
2025-11-03,S10,P20,4,45
2025-11-04,S10,P20,3,42
2025-11-05,S10,P20,5,37
2025-11-06,S10,P20,6,31
2025-11-07,S10,P20,4,27
2025-11-08,S10,P20,6,21
2025-11-09,S10,P20,1,20
2025-11-10,S10,P20,6,14
2025-11-11,S10,P20,1,13
2025-11-12,S10,P20,1,12
2025-11-13,S10,P20,2,10
2025-11-14,S10,P20,3,29
2025-11-15,S10,P20,3,26
2025-11-16,S10,P20,3,23
2025-11-17,S10,P20,2,21
2025-11-18,S10,P20,0,21
2025-11-19,S10,P20,3,18
2025-11-20,S10,P20,1,17
2025-11-21,S10,P20,2,15
2025-11-22,S10,P20,7,8
2025-11-23,S10,P20,3,45
2025-11-24,S10,P20,1,44
2025-11-25,S10,P20,7,37
2025-11-26,S10,P20,1,36
2025-11-27,S10,P20,2,34
2025-11-28,S10,P20,1,33
2025-11-29,S10,P20,4,29
2025-11-30,S10,P20,3,26
2025-12-01,S10,P20,1,25
2025-12-02,S10,P20,3,22
2025-12-03,S10,P20,4,18
2025-12-04,S10,P20,3,15
2025-12-05,S10,P20,2,13
2025-12-06,S10,P20,5,8
2025-12-07,S10,P20,2,39
2025-12-08,S10,P20,3,36
2025-12-09,S10,P20,2,34
2025-12-10,S10,P20,6,28
2025-12-11,S10,P20,0,28
2025-12-12,S10,P20,3,25
2025-12-13,S10,P20,3,22
2025-12-14,S10,P20,5,17
2025-12-15,S10,P20,5,12
2025-12-16,S10,P20,7,47
2025-12-17,S10,P20,4,43
2025-12-18,S10,P20,1,42
2025-12-19,S10,P20,1,41
2025-12-20,S10,P20,5,36
2025-12-21,S10,P20,6,30
2025-12-22,S10,P20,0,30
2025-12-23,S10,P20,0,30
2025-12-24,S10,P20,3,27
2025-12-25,S10,P20,1,26
2025-12-26,S10,P20,4,22
2025-12-27,S10,P20,3,19
2025-12-28,S10,P20,1,18
2025-12-29,S10,P20,5,13
2025-12-30,S10,P20,3,10
2025-12-31,S10,P20,2,8
2026-01-01,S10,P20,2,49
2026-01-02,S10,P20,2,47
2026-01-03,S10,P20,6,41
2026-01-04,S10,P20,2,39
2026-01-05,S10,P20,2,37
2026-01-06,S10,P20,2,35
2026-01-07,S10,P20,3,32
2026-01-08,S10,P20,5,27
2026-01-09,S10,P20,2,25
2026-01-10,S10,P20,6,19
2026-01-11,S10,P20,2,17
2026-01-12,S10,P20,4,13
2026-01-13,S10,P20,0,13
2026-01-14,S10,P20,2,11
2026-01-15,S10,P20,3,8
2026-01-16,S10,P20,2,49
2026-01-17,S10,P20,4,45
2026-01-18,S10,P20,3,42
2026-01-19,S10,P20,2,40
2026-01-20,S10,P20,3,37
2026-01-21,S10,P20,3,34
2026-01-22,S10,P20,3,31
2026-01-23,S10,P20,3,28
2026-01-24,S10,P20,1,27
2026-01-25,S10,P20,2,25
2026-01-26,S10,P20,4,21
2026-01-27,S10,P20,0,21
2026-01-28,S10,P20,6,15
2026-01-29,S10,P20,0,15
2026-01-30,S10,P20,5,10
2026-01-31,S10,P20,4,33
2026-02-01,S10,P20,5,28
2026-02-02,S10,P20,3,25
2026-02-03,S10,P20,5,20
2026-02-04,S10,P20,2,18
2026-02-05,S10,P20,1,17
2026-02-06,S10,P20,4,13
2026-02-07,S10,P20,1,12
2026-02-08,S10,P20,4,8
2026-02-09,S10,P20,3,53
2026-02-10,S10,P20,4,49
2026-02-11,S10,P20,3,46
2026-02-12,S10,P20,1,45
2026-02-13,S10,P20,5,40
2026-02-14,S10,P20,5,35
2026-02-15,S10,P20,1,34
2026-02-16,S10,P20,3,31
2026-02-17,S10,P20,1,30
2026-02-18,S10,P20,3,27
2026-02-19,S10,P20,2,25
2026-02-20,S10,P20,8,17
2026-02-21,S10,P20,4,13
2026-02-22,S10,P20,2,11
2026-02-23,S10,P20,2,9
2026-02-24,S10,P20,3,43
2026-02-25,S10,P20,3,40
2026-02-26,S10,P20,1,39
2026-02-27,S10,P20,4,35
2026-02-28,S10,P20,2,33
2026-03-01,S10,P20,8,25
2026-03-02,S10,P20,3,22
2026-03-03,S10,P20,3,19
2026-03-04,S10,P20,1,18
2026-03-05,S10,P20,1,17
2026-03-06,S10,P20,1,16
2026-03-07,S10,P20,2,14
2026-03-08,S10,P20,0,14
2026-03-09,S10,P20,2,12
2026-03-10,S10,P20,1,11
2026-03-11,S10,P20,2,9
2026-03-12,S10,P20,2,32
2026-03-13,S10,P20,2,30
2026-03-14,S10,P20,5,25
2025-09-01,S2,P1,1,100
2025-09-02,S2,P1,3,97
2025-09-03,S2,P1,3,94
2025-09-04,S2,P1,1,93
2025-09-05,S2,P1,8,85
2025-09-06,S2,P1,6,79
2025-09-07,S2,P1,3,76
2025-09-08,S2,P1,4,72
2025-09-09,S2,P1,2,70
2025-09-10,S2,P1,6,64
2025-09-11,S2,P1,2,62
2025-09-12,S2,P1,2,60
2025-09-13,S2,P1,5,55
2025-09-14,S2,P1,5,50
2025-09-15,S2,P1,2,48
2025-09-16,S2,P1,2,46
2025-09-17,S2,P1,2,44
2025-09-18,S2,P1,4,40
2025-09-19,S2,P1,6,34
2025-09-20,S2,P1,4,30
2025-09-21,S2,P1,5,25
2025-09-22,S2,P1,2,23
2025-09-23,S2,P1,1,22
2025-09-24,S2,P1,3,19
2025-09-25,S2,P1,5,14
2025-09-26,S2,P1,11,42
2025-09-27,S2,P1,8,34
2025-09-28,S2,P1,3,31
2025-09-29,S2,P1,4,27
2025-09-30,S2,P1,4,23
2025-10-01,S2,P1,10,13
2025-10-02,S2,P1,3,73
2025-10-03,S2,P1,7,66
2025-10-04,S2,P1,5,61
2025-10-05,S2,P1,5,56
2025-10-06,S2,P1,2,54
2025-10-07,S2,P1,6,48
2025-10-08,S2,P1,2,46
2025-10-09,S2,P1,3,43
2025-10-10,S2,P1,7,36
2025-10-11,S2,P1,6,30
2025-10-12,S2,P1,3,27
2025-10-13,S2,P1,3,24
2025-10-14,S2,P1,3,21
2025-10-15,S2,P1,4,17
2025-10-16,S2,P1,2,15
2025-10-17,S2,P1,3,72
2025-10-18,S2,P1,8,64
2025-10-19,S2,P1,2,62
2025-10-20,S2,P1,4,58
2025-10-21,S2,P1,5,53
2025-10-22,S2,P1,6,47
2025-10-23,S2,P1,2,45
2025-10-24,S2,P1,7,38
2025-10-25,S2,P1,8,30
2025-10-26,S2,P1,4,26
2025-10-27,S2,P1,2,24
2025-10-28,S2,P1,2,22
2025-10-29,S2,P1,2,20
2025-10-30,S2,P1,2,18
2025-10-31,S2,P1,5,13
2025-11-01,S2,P1,7,44
2025-11-02,S2,P1,9,35
2025-11-03,S2,P1,4,31
2025-11-04,S2,P1,2,29
2025-11-05,S2,P1,5,24
2025-11-06,S2,P1,2,22
2025-11-07,S2,P1,11,72
2025-11-08,S2,P1,4,68
2025-11-09,S2,P1,5,63
2025-11-10,S2,P1,6,57
2025-11-11,S2,P1,5,52
2025-11-12,S2,P1,4,48
2025-11-13,S2,P1,5,43
2025-11-14,S2,P1,3,40
2025-11-15,S2,P1,2,38
2025-11-16,S2,P1,12,26
2025-11-17,S2,P1,4,22
2025-11-18,S2,P1,9,13
2025-11-19,S2,P1,2,57
2025-11-20,S2,P1,3,54
2025-11-21,S2,P1,10,44
2025-11-22,S2,P1,2,42
2025-11-23,S2,P1,2,40
2025-11-24,S2,P1,5,35
2025-11-25,S2,P1,1,34
2025-11-26,S2,P1,6,28
2025-11-27,S2,P1,9,19
2025-11-28,S2,P1,5,14
2025-11-29,S2,P1,2,63
2025-11-30,S2,P1,4,59
2025-12-01,S2,P1,6,53
2025-12-02,S2,P1,4,49
2025-12-03,S2,P1,4,45
2025-12-04,S2,P1,3,42
2025-12-05,S2,P1,10,32
2025-12-06,S2,P1,3,29
2025-12-07,S2,P1,5,24
2025-12-08,S2,P1,4,20
2025-12-09,S2,P1,6,14
2025-12-10,S2,P1,3,66
2025-12-11,S2,P1,1,65
2025-12-12,S2,P1,3,62
2025-12-13,S2,P1,3,59
2025-12-14,S2,P1,1,58
2025-12-15,S2,P1,4,54
2025-12-16,S2,P1,5,49
2025-12-17,S2,P1,3,46
2025-12-18,S2,P1,4,42
2025-12-19,S2,P1,1,41
2025-12-20,S2,P1,4,37
2025-12-21,S2,P1,5,32
2025-12-22,S2,P1,5,27
2025-12-23,S2,P1,7,20
2025-12-24,S2,P1,5,15
2025-12-25,S2,P1,6,66
2025-12-26,S2,P1,3,63
2025-12-27,S2,P1,1,62
2025-12-28,S2,P1,5,57
2025-12-29,S2,P1,5,52
2025-12-30,S2,P1,6,46
2025-12-31,S2,P1,4,42
2026-01-01,S2,P1,7,35
2026-01-02,S2,P1,5,30
2026-01-03,S2,P1,8,22
2026-01-04,S2,P1,7,15
2026-01-05,S2,P1,7,77
2026-01-06,S2,P1,10,67
2026-01-07,S2,P1,4,63
2026-01-08,S2,P1,2,61
2026-01-09,S2,P1,3,58
2026-01-10,S2,P1,4,54
2026-01-11,S2,P1,2,52
2026-01-12,S2,P1,4,48
2026-01-13,S2,P1,3,45
2026-01-14,S2,P1,3,42
2026-01-15,S2,P1,6,36
2026-01-16,S2,P1,8,28
2026-01-17,S2,P1,2,26
2026-01-18,S2,P1,2,24
2026-01-19,S2,P1,5,19
2026-01-20,S2,P1,2,17
2026-01-21,S2,P1,2,15
2026-01-22,S2,P1,7,85
2026-01-23,S2,P1,6,79
2026-01-24,S2,P1,6,73
2026-01-25,S2,P1,5,68
2026-01-26,S2,P1,8,60
2026-01-27,S2,P1,3,57
2026-01-28,S2,P1,6,51
2026-01-29,S2,P1,2,49
2026-01-30,S2,P1,5,44
2026-01-31,S2,P1,5,39
2026-02-01,S2,P1,7,32
2026-02-02,S2,P1,6,26
2026-02-03,S2,P1,4,22
2026-02-04,S2,P1,8,14
2026-02-05,S2,P1,5,83
2026-02-06,S2,P1,3,80
2026-02-07,S2,P1,5,75
2026-02-08,S2,P1,9,66
2026-02-09,S2,P1,1,65
2026-02-10,S2,P1,5,60
2026-02-11,S2,P1,3,57
2026-02-12,S2,P1,2,55
2026-02-13,S2,P1,3,52
2026-02-14,S2,P1,7,45
2026-02-15,S2,P1,4,41
2026-02-16,S2,P1,6,35
2026-02-17,S2,P1,4,31
2026-02-18,S2,P1,6,25
2026-02-19,S2,P1,2,23
2026-02-20,S2,P1,3,20
2026-02-21,S2,P1,4,16
2026-02-22,S2,P1,4,78
2026-02-23,S2,P1,3,75
2026-02-24,S2,P1,5,70
2026-02-25,S2,P1,4,66
2026-02-26,S2,P1,5,61
2026-02-27,S2,P1,3,58
2026-02-28,S2,P1,7,51
2026-03-01,S2,P1,5,46
2026-03-02,S2,P1,1,45
2026-03-03,S2,P1,5,40
2026-03-04,S2,P1,3,37
2026-03-05,S2,P1,9,28
2026-03-06,S2,P1,4,24
2026-03-07,S2,P1,5,19
2026-03-08,S2,P1,4,15
2026-03-09,S2,P1,5,56
2026-03-10,S2,P1,4,52
2026-03-11,S2,P1,7,45
2026-03-12,S2,P1,4,41
2026-03-13,S2,P1,6,35
2026-03-14,S2,P1,6,29
2025-09-01,S2,P2,0,18
2025-09-02,S2,P2,1,17
2025-09-03,S2,P2,1,16
2025-09-04,S2,P2,1,15
2025-09-05,S2,P2,2,13
2025-09-06,S2,P2,0,13
2025-09-07,S2,P2,1,12
2025-09-08,S2,P2,1,11
2025-09-09,S2,P2,3,8
2025-09-10,S2,P2,0,8
2025-09-11,S2,P2,0,8
2025-09-12,S2,P2,2,6
2025-09-13,S2,P2,2,4
2025-09-14,S2,P2,2,14
2025-09-15,S2,P2,0,14
2025-09-16,S2,P2,0,14
2025-09-17,S2,P2,1,13
2025-09-18,S2,P2,0,13
2025-09-19,S2,P2,0,13
2025-09-20,S2,P2,1,12
2025-09-21,S2,P2,2,10
2025-09-22,S2,P2,1,9
2025-09-23,S2,P2,2,7
2025-09-24,S2,P2,0,7
2025-09-25,S2,P2,0,7
2025-09-26,S2,P2,2,5
2025-09-27,S2,P2,1,4
2025-09-28,S2,P2,0,4
2025-09-29,S2,P2,1,3
2025-09-30,S2,P2,0,3
2025-10-01,S2,P2,0,3
2025-10-02,S2,P2,0,3
2025-10-03,S2,P2,0,3
2025-10-04,S2,P2,2,11
2025-10-05,S2,P2,0,11
2025-10-06,S2,P2,0,11
2025-10-07,S2,P2,1,10
2025-10-08,S2,P2,3,7
2025-10-09,S2,P2,1,6
2025-10-10,S2,P2,0,6
2025-10-11,S2,P2,4,13
2025-10-12,S2,P2,5,8
2025-10-13,S2,P2,1,7
2025-10-14,S2,P2,0,7
2025-10-15,S2,P2,1,6
2025-10-16,S2,P2,3,3
2025-10-17,S2,P2,1,12
2025-10-18,S2,P2,0,12
2025-10-19,S2,P2,1,11
2025-10-20,S2,P2,1,10
2025-10-21,S2,P2,0,10
2025-10-22,S2,P2,1,9
2025-10-23,S2,P2,3,6
2025-10-24,S2,P2,1,5
2025-10-25,S2,P2,1,4
2025-10-26,S2,P2,2,12
2025-10-27,S2,P2,2,10
2025-10-28,S2,P2,1,9
2025-10-29,S2,P2,2,7
2025-10-30,S2,P2,0,7
2025-10-31,S2,P2,2,5
2025-11-01,S2,P2,0,5
2025-11-02,S2,P2,0,5
2025-11-03,S2,P2,2,3
2025-11-04,S2,P2,1,12
2025-11-05,S2,P2,0,12
2025-11-06,S2,P2,1,11
2025-11-07,S2,P2,0,11
2025-11-08,S2,P2,0,11
2025-11-09,S2,P2,2,9
2025-11-10,S2,P2,1,8
2025-11-11,S2,P2,0,8
2025-11-12,S2,P2,2,6
2025-11-13,S2,P2,0,6
2025-11-14,S2,P2,1,5
2025-11-15,S2,P2,0,5
2025-11-16,S2,P2,0,5
2025-11-17,S2,P2,0,5
2025-11-18,S2,P2,0,5
2025-11-19,S2,P2,0,5
2025-11-20,S2,P2,0,5
2025-11-21,S2,P2,1,4
2025-11-22,S2,P2,2,12
2025-11-23,S2,P2,2,10
2025-11-24,S2,P2,1,9
2025-11-25,S2,P2,1,8
2025-11-26,S2,P2,0,8
2025-11-27,S2,P2,1,7
2025-11-28,S2,P2,2,5
2025-11-29,S2,P2,1,4
2025-11-30,S2,P2,0,4
2025-12-01,S2,P2,1,3
2025-12-02,S2,P2,1,13
2025-12-03,S2,P2,1,12
2025-12-04,S2,P2,1,11
2025-12-05,S2,P2,1,10
2025-12-06,S2,P2,0,10
2025-12-07,S2,P2,0,10
2025-12-08,S2,P2,1,9
2025-12-09,S2,P2,1,8
2025-12-10,S2,P2,1,7
2025-12-11,S2,P2,2,5
2025-12-12,S2,P2,2,3
2025-12-13,S2,P2,0,3
2025-12-14,S2,P2,2,11
2025-12-15,S2,P2,1,10
2025-12-16,S2,P2,0,10
2025-12-17,S2,P2,1,9
2025-12-18,S2,P2,0,9
2025-12-19,S2,P2,0,9
2025-12-20,S2,P2,1,8
2025-12-21,S2,P2,0,8
2025-12-22,S2,P2,1,7
2025-12-23,S2,P2,1,6
2025-12-24,S2,P2,0,6
2025-12-25,S2,P2,1,5
2025-12-26,S2,P2,0,5
2025-12-27,S2,P2,0,5
2025-12-28,S2,P2,0,5
2025-12-29,S2,P2,1,4
2025-12-30,S2,P2,1,3
2025-12-31,S2,P2,1,12
2026-01-01,S2,P2,1,11
2026-01-02,S2,P2,1,10
2026-01-03,S2,P2,0,10
2026-01-04,S2,P2,1,9
2026-01-05,S2,P2,1,8
2026-01-06,S2,P2,2,6
2026-01-07,S2,P2,0,6
2026-01-08,S2,P2,0,6
2026-01-09,S2,P2,0,6
2026-01-10,S2,P2,0,6
2026-01-11,S2,P2,0,6
2026-01-12,S2,P2,0,6
2026-01-13,S2,P2,0,6
2026-01-14,S2,P2,1,5
2026-01-15,S2,P2,0,5
2026-01-16,S2,P2,1,4
2026-01-17,S2,P2,3,11
2026-01-18,S2,P2,1,10
2026-01-19,S2,P2,1,9
2026-01-20,S2,P2,0,9
2026-01-21,S2,P2,0,9
2026-01-22,S2,P2,3,6
2026-01-23,S2,P2,1,5
2026-01-24,S2,P2,0,5
2026-01-25,S2,P2,0,5
2026-01-26,S2,P2,1,4
2026-01-27,S2,P2,2,13
2026-01-28,S2,P2,1,12
2026-01-29,S2,P2,1,11
2026-01-30,S2,P2,2,9
2026-01-31,S2,P2,0,9
2026-02-01,S2,P2,3,6
2026-02-02,S2,P2,3,3
2026-02-03,S2,P2,0,3
2026-02-04,S2,P2,0,3
2026-02-05,S2,P2,1,14
2026-02-06,S2,P2,1,13
2026-02-07,S2,P2,2,11
2026-02-08,S2,P2,0,11
2026-02-09,S2,P2,2,9
2026-02-10,S2,P2,0,9
2026-02-11,S2,P2,0,9
2026-02-12,S2,P2,2,7
2026-02-13,S2,P2,1,6
2026-02-14,S2,P2,2,4
2026-02-15,S2,P2,0,4
2026-02-16,S2,P2,2,14
2026-02-17,S2,P2,0,14
2026-02-18,S2,P2,0,14
2026-02-19,S2,P2,0,14
2026-02-20,S2,P2,0,14
2026-02-21,S2,P2,1,13
2026-02-22,S2,P2,1,12
2026-02-23,S2,P2,0,12
2026-02-24,S2,P2,0,12
2026-02-25,S2,P2,0,12
2026-02-26,S2,P2,0,12
2026-02-27,S2,P2,0,12
2026-02-28,S2,P2,1,11
2026-03-01,S2,P2,1,10
2026-03-02,S2,P2,0,10
2026-03-03,S2,P2,1,9
2026-03-04,S2,P2,1,8
2026-03-05,S2,P2,0,8
2026-03-06,S2,P2,2,6
2026-03-07,S2,P2,1,5
2026-03-08,S2,P2,2,3
2026-03-09,S2,P2,0,3
2026-03-10,S2,P2,2,11
2026-03-11,S2,P2,0,11
2026-03-12,S2,P2,0,11
2026-03-13,S2,P2,1,10
2026-03-14,S2,P2,1,9
2025-09-01,S2,P3,1,51
2025-09-02,S2,P3,4,47
2025-09-03,S2,P3,2,45
2025-09-04,S2,P3,4,41
2025-09-05,S2,P3,3,38
2025-09-06,S2,P3,6,32
2025-09-07,S2,P3,2,30
2025-09-08,S2,P3,3,27
2025-09-09,S2,P3,1,26
2025-09-10,S2,P3,2,24
2025-09-11,S2,P3,2,22
2025-09-12,S2,P3,4,18
2025-09-13,S2,P3,2,16
2025-09-14,S2,P3,0,16
2025-09-15,S2,P3,5,11
2025-09-16,S2,P3,2,9
2025-09-17,S2,P3,1,8
2025-09-18,S2,P3,2,47
2025-09-19,S2,P3,4,43
2025-09-20,S2,P3,5,38
2025-09-21,S2,P3,1,37
2025-09-22,S2,P3,2,35
2025-09-23,S2,P3,2,33
2025-09-24,S2,P3,3,30
2025-09-25,S2,P3,0,30
2025-09-26,S2,P3,2,28
2025-09-27,S2,P3,3,25
2025-09-28,S2,P3,0,25
2025-09-29,S2,P3,1,24
2025-09-30,S2,P3,0,24
2025-10-01,S2,P3,6,18
2025-10-02,S2,P3,2,16
2025-10-03,S2,P3,3,13
2025-10-04,S2,P3,0,13
2025-10-05,S2,P3,0,13
2025-10-06,S2,P3,0,13
2025-10-07,S2,P3,1,12
2025-10-08,S2,P3,2,10
2025-10-09,S2,P3,3,38
2025-10-10,S2,P3,5,33
2025-10-11,S2,P3,2,31
2025-10-12,S2,P3,3,28
2025-10-13,S2,P3,4,24
2025-10-14,S2,P3,0,24
2025-10-15,S2,P3,1,23
2025-10-16,S2,P3,1,22
2025-10-17,S2,P3,7,15
2025-10-18,S2,P3,2,13
2025-10-19,S2,P3,3,10
2025-10-20,S2,P3,0,10
2025-10-21,S2,P3,7,48
2025-10-22,S2,P3,4,44
2025-10-23,S2,P3,3,41
2025-10-24,S2,P3,6,35
2025-10-25,S2,P3,6,29
2025-10-26,S2,P3,2,27
2025-10-27,S2,P3,2,25
2025-10-28,S2,P3,2,23
2025-10-29,S2,P3,4,19
2025-10-30,S2,P3,3,16
2025-10-31,S2,P3,1,15
2025-11-01,S2,P3,4,11
2025-11-02,S2,P3,2,9
2025-11-03,S2,P3,5,41
2025-11-04,S2,P3,4,37
2025-11-05,S2,P3,2,35
2025-11-06,S2,P3,2,33
2025-11-07,S2,P3,0,33
2025-11-08,S2,P3,4,29
2025-11-09,S2,P3,1,28
2025-11-10,S2,P3,5,23
2025-11-11,S2,P3,3,20
2025-11-12,S2,P3,5,15
2025-11-13,S2,P3,3,12
2025-11-14,S2,P3,1,11
2025-11-15,S2,P3,1,10
2025-11-16,S2,P3,2,8
2025-11-17,S2,P3,3,28
2025-11-18,S2,P3,3,25
2025-11-19,S2,P3,4,21
2025-11-20,S2,P3,2,19
2025-11-21,S2,P3,2,17
2025-11-22,S2,P3,4,13
2025-11-23,S2,P3,6,41
2025-11-24,S2,P3,0,41
2025-11-25,S2,P3,5,36
2025-11-26,S2,P3,3,33
2025-11-27,S2,P3,3,30
2025-11-28,S2,P3,4,26
2025-11-29,S2,P3,0,26
2025-11-30,S2,P3,4,22
2025-12-01,S2,P3,1,21
2025-12-02,S2,P3,2,19
2025-12-03,S2,P3,6,13
2025-12-04,S2,P3,1,12
2025-12-05,S2,P3,4,8
2025-12-06,S2,P3,0,8
2025-12-07,S2,P3,4,35
2025-12-08,S2,P3,4,31
2025-12-09,S2,P3,8,23
2025-12-10,S2,P3,7,16
2025-12-11,S2,P3,3,13
2025-12-12,S2,P3,4,9
2025-12-13,S2,P3,4,50
2025-12-14,S2,P3,1,49
2025-12-15,S2,P3,2,47
2025-12-16,S2,P3,2,45
2025-12-17,S2,P3,4,41
2025-12-18,S2,P3,5,36
2025-12-19,S2,P3,6,30
2025-12-20,S2,P3,6,24
2025-12-21,S2,P3,2,22
2025-12-22,S2,P3,6,16
2025-12-23,S2,P3,1,15
2025-12-24,S2,P3,1,14
2025-12-25,S2,P3,2,12
2025-12-26,S2,P3,5,36
2025-12-27,S2,P3,1,35
2025-12-28,S2,P3,3,32
2025-12-29,S2,P3,1,31
2025-12-30,S2,P3,4,27
2025-12-31,S2,P3,6,21
2026-01-01,S2,P3,0,21
2026-01-02,S2,P3,1,20
2026-01-03,S2,P3,3,17
2026-01-04,S2,P3,2,15
2026-01-05,S2,P3,0,15
2026-01-06,S2,P3,3,12
2026-01-07,S2,P3,5,31
2026-01-08,S2,P3,4,27
2026-01-09,S2,P3,2,25
2026-01-10,S2,P3,0,25
2026-01-11,S2,P3,2,23
2026-01-12,S2,P3,3,20
2026-01-13,S2,P3,2,18
2026-01-14,S2,P3,3,15
2026-01-15,S2,P3,3,12
2026-01-16,S2,P3,4,8
2026-01-17,S2,P3,8,28
2026-01-18,S2,P3,4,24
2026-01-19,S2,P3,2,22
2026-01-20,S2,P3,4,18
2026-01-21,S2,P3,4,14
2026-01-22,S2,P3,5,9
2026-01-23,S2,P3,5,30
2026-01-24,S2,P3,6,24
2026-01-25,S2,P3,2,22
2026-01-26,S2,P3,3,19
2026-01-27,S2,P3,2,17
2026-01-28,S2,P3,0,17
2026-01-29,S2,P3,6,11
2026-01-30,S2,P3,1,10
2026-01-31,S2,P3,4,31
2026-02-01,S2,P3,1,30
2026-02-02,S2,P3,1,29
2026-02-03,S2,P3,4,25
2026-02-04,S2,P3,3,22
2026-02-05,S2,P3,6,16
2026-02-06,S2,P3,6,10
2026-02-07,S2,P3,2,8
2026-02-08,S2,P3,4,53
2026-02-09,S2,P3,4,49
2026-02-10,S2,P3,3,46
2026-02-11,S2,P3,4,42
2026-02-12,S2,P3,3,39
2026-02-13,S2,P3,1,38
2026-02-14,S2,P3,3,35
2026-02-15,S2,P3,1,34
2026-02-16,S2,P3,1,33
2026-02-17,S2,P3,1,32
2026-02-18,S2,P3,2,30
2026-02-19,S2,P3,0,30
2026-02-20,S2,P3,1,29
2026-02-21,S2,P3,3,26
2026-02-22,S2,P3,2,24
2026-02-23,S2,P3,1,23
2026-02-24,S2,P3,4,19
2026-02-25,S2,P3,4,15
2026-02-26,S2,P3,1,14
2026-02-27,S2,P3,5,9
2026-02-28,S2,P3,1,8
2026-03-01,S2,P3,2,36
2026-03-02,S2,P3,0,36
2026-03-03,S2,P3,3,33
2026-03-04,S2,P3,6,27
2026-03-05,S2,P3,2,25
2026-03-06,S2,P3,4,21
2026-03-07,S2,P3,3,18
2026-03-08,S2,P3,0,18
2026-03-09,S2,P3,0,18
2026-03-10,S2,P3,3,15
2026-03-11,S2,P3,2,13
2026-03-12,S2,P3,3,10
2026-03-13,S2,P3,2,8
2026-03-14,S2,P3,1,32
2025-09-01,S2,P4,1,36
2025-09-02,S2,P4,1,35
2025-09-03,S2,P4,3,32
2025-09-04,S2,P4,1,31
2025-09-05,S2,P4,2,29
2025-09-06,S2,P4,1,28
2025-09-07,S2,P4,2,26
2025-09-08,S2,P4,2,24
2025-09-09,S2,P4,5,19
2025-09-10,S2,P4,0,19
2025-09-11,S2,P4,0,19
2025-09-12,S2,P4,2,17
2025-09-13,S2,P4,6,11
2025-09-14,S2,P4,4,7
2025-09-15,S2,P4,4,26
2025-09-16,S2,P4,4,22
2025-09-17,S2,P4,4,18
2025-09-18,S2,P4,2,16
2025-09-19,S2,P4,1,15
2025-09-20,S2,P4,1,14
2025-09-21,S2,P4,1,13
2025-09-22,S2,P4,0,13
2025-09-23,S2,P4,1,12
2025-09-24,S2,P4,2,10
2025-09-25,S2,P4,0,10
2025-09-26,S2,P4,2,8
2025-09-27,S2,P4,1,7
2025-09-28,S2,P4,2,5
2025-09-29,S2,P4,3,19
2025-09-30,S2,P4,0,19
2025-10-01,S2,P4,2,17
2025-10-02,S2,P4,2,15
2025-10-03,S2,P4,2,13
2025-10-04,S2,P4,2,11
2025-10-05,S2,P4,2,9
2025-10-06,S2,P4,4,5
2025-10-07,S2,P4,2,27
2025-10-08,S2,P4,4,23
2025-10-09,S2,P4,1,22
2025-10-10,S2,P4,0,22
2025-10-11,S2,P4,0,22
2025-10-12,S2,P4,2,20
2025-10-13,S2,P4,2,18
2025-10-14,S2,P4,2,16
2025-10-15,S2,P4,0,16
2025-10-16,S2,P4,3,13
2025-10-17,S2,P4,1,12
2025-10-18,S2,P4,3,9
2025-10-19,S2,P4,0,9
2025-10-20,S2,P4,0,9
2025-10-21,S2,P4,1,8
2025-10-22,S2,P4,0,8
2025-10-23,S2,P4,1,7
2025-10-24,S2,P4,2,5
2025-10-25,S2,P4,2,22
2025-10-26,S2,P4,0,22
2025-10-27,S2,P4,3,19
2025-10-28,S2,P4,1,18
2025-10-29,S2,P4,0,18
2025-10-30,S2,P4,1,17
2025-10-31,S2,P4,0,17
2025-11-01,S2,P4,0,17
2025-11-02,S2,P4,4,13
2025-11-03,S2,P4,2,11
2025-11-04,S2,P4,1,10
2025-11-05,S2,P4,0,10
2025-11-06,S2,P4,1,9
2025-11-07,S2,P4,0,9
2025-11-08,S2,P4,4,5
2025-11-09,S2,P4,1,4
2025-11-10,S2,P4,1,25
2025-11-11,S2,P4,2,23
2025-11-12,S2,P4,1,22
2025-11-13,S2,P4,1,21
2025-11-14,S2,P4,0,21
2025-11-15,S2,P4,1,20
2025-11-16,S2,P4,0,20
2025-11-17,S2,P4,3,17
2025-11-18,S2,P4,1,16
2025-11-19,S2,P4,1,15
2025-11-20,S2,P4,1,14
2025-11-21,S2,P4,2,12
2025-11-22,S2,P4,4,8
2025-11-23,S2,P4,3,5
2025-11-24,S2,P4,1,4
2025-11-25,S2,P4,2,21
2025-11-26,S2,P4,4,17
2025-11-27,S2,P4,3,14
2025-11-28,S2,P4,1,13
2025-11-29,S2,P4,2,11
2025-11-30,S2,P4,3,8
2025-12-01,S2,P4,2,6
2025-12-02,S2,P4,0,6
2025-12-03,S2,P4,1,5
2025-12-04,S2,P4,2,24
2025-12-05,S2,P4,1,23
2025-12-06,S2,P4,2,21
2025-12-07,S2,P4,0,21
2025-12-08,S2,P4,1,20
2025-12-09,S2,P4,1,19
2025-12-10,S2,P4,2,17
2025-12-11,S2,P4,1,16
2025-12-12,S2,P4,2,14
2025-12-13,S2,P4,1,13
2025-12-14,S2,P4,2,11
2025-12-15,S2,P4,1,10
2025-12-16,S2,P4,0,10
2025-12-17,S2,P4,1,9
2025-12-18,S2,P4,0,9
2025-12-19,S2,P4,1,8
2025-12-20,S2,P4,2,6
2025-12-21,S2,P4,2,4
2025-12-22,S2,P4,0,4
2025-12-23,S2,P4,0,4
2025-12-24,S2,P4,2,20
2025-12-25,S2,P4,3,17
2025-12-26,S2,P4,1,16
2025-12-27,S2,P4,1,15
2025-12-28,S2,P4,3,12
2025-12-29,S2,P4,0,12
2025-12-30,S2,P4,3,9
2025-12-31,S2,P4,2,7
2026-01-01,S2,P4,2,5
2026-01-02,S2,P4,0,5
2026-01-03,S2,P4,2,30
2026-01-04,S2,P4,3,27
2026-01-05,S2,P4,3,24
2026-01-06,S2,P4,2,22
2026-01-07,S2,P4,0,22
2026-01-08,S2,P4,1,21
2026-01-09,S2,P4,3,18
2026-01-10,S2,P4,1,17
2026-01-11,S2,P4,3,14
2026-01-12,S2,P4,4,10
2026-01-13,S2,P4,6,4
2026-01-14,S2,P4,0,4
2026-01-15,S2,P4,2,20
2026-01-16,S2,P4,0,20
2026-01-17,S2,P4,2,18
2026-01-18,S2,P4,2,16
2026-01-19,S2,P4,0,16
2026-01-20,S2,P4,0,16
2026-01-21,S2,P4,1,15
2026-01-22,S2,P4,1,14
2026-01-23,S2,P4,0,14
2026-01-24,S2,P4,2,12
2026-01-25,S2,P4,4,8
2026-01-26,S2,P4,2,6
2026-01-27,S2,P4,2,4
2026-01-28,S2,P4,3,23
2026-01-29,S2,P4,2,21
2026-01-30,S2,P4,4,17
2026-01-31,S2,P4,0,17
2026-02-01,S2,P4,1,16
2026-02-02,S2,P4,4,12
2026-02-03,S2,P4,2,10
2026-02-04,S2,P4,0,10
2026-02-05,S2,P4,4,6
2026-02-06,S2,P4,2,4
2026-02-07,S2,P4,2,18
2026-02-08,S2,P4,0,18
2026-02-09,S2,P4,1,17
2026-02-10,S2,P4,2,15
2026-02-11,S2,P4,0,15
2026-02-12,S2,P4,2,13
2026-02-13,S2,P4,4,9
2026-02-14,S2,P4,1,8
2026-02-15,S2,P4,0,8
2026-02-16,S2,P4,1,7
2026-02-17,S2,P4,1,6
2026-02-18,S2,P4,3,26
2026-02-19,S2,P4,1,25
2026-02-20,S2,P4,0,25
2026-02-21,S2,P4,3,22
2026-02-22,S2,P4,0,22
2026-02-23,S2,P4,0,22
2026-02-24,S2,P4,0,22
2026-02-25,S2,P4,1,21
2026-02-26,S2,P4,0,21
2026-02-27,S2,P4,3,18
2026-02-28,S2,P4,3,15
2026-03-01,S2,P4,1,14
2026-03-02,S2,P4,1,13
2026-03-03,S2,P4,2,11
2026-03-04,S2,P4,1,10
2026-03-05,S2,P4,0,10
2026-03-06,S2,P4,0,10
2026-03-07,S2,P4,1,9
2026-03-08,S2,P4,2,7
2026-03-09,S2,P4,2,5
2026-03-10,S2,P4,4,14
2026-03-11,S2,P4,3,11
2026-03-12,S2,P4,3,8
2026-03-13,S2,P4,3,5
2026-03-14,S2,P4,1,4
2025-09-01,S2,P5,2,31
2025-09-02,S2,P5,5,26
2025-09-03,S2,P5,1,25
2025-09-04,S2,P5,0,25
2025-09-05,S2,P5,1,24
2025-09-06,S2,P5,0,24
2025-09-07,S2,P5,3,21
2025-09-08,S2,P5,2,19
2025-09-09,S2,P5,2,17
2025-09-10,S2,P5,2,15
2025-09-11,S2,P5,2,13
2025-09-12,S2,P5,0,13
2025-09-13,S2,P5,2,11
2025-09-14,S2,P5,5,6
2025-09-15,S2,P5,1,5
2025-09-16,S2,P5,3,19
2025-09-17,S2,P5,0,19
2025-09-18,S2,P5,3,16
2025-09-19,S2,P5,1,15
2025-09-20,S2,P5,2,13
2025-09-21,S2,P5,0,13
2025-09-22,S2,P5,0,13
2025-09-23,S2,P5,3,10
2025-09-24,S2,P5,2,8
2025-09-25,S2,P5,0,8
2025-09-26,S2,P5,2,6
2025-09-27,S2,P5,1,5
2025-09-28,S2,P5,1,4
2025-09-29,S2,P5,4,13
2025-09-30,S2,P5,3,10
2025-10-01,S2,P5,1,9
2025-10-02,S2,P5,1,8
2025-10-03,S2,P5,3,5
2025-10-04,S2,P5,2,22
2025-10-05,S2,P5,0,22
2025-10-06,S2,P5,2,20
2025-10-07,S2,P5,2,18
2025-10-08,S2,P5,4,14
2025-10-09,S2,P5,0,14
2025-10-10,S2,P5,2,12
2025-10-11,S2,P5,5,7
2025-10-12,S2,P5,1,6
2025-10-13,S2,P5,2,4
2025-10-14,S2,P5,1,26
2025-10-15,S2,P5,2,24
2025-10-16,S2,P5,0,24
2025-10-17,S2,P5,0,24
2025-10-18,S2,P5,5,19
2025-10-19,S2,P5,1,18
2025-10-20,S2,P5,2,16
2025-10-21,S2,P5,2,14
2025-10-22,S2,P5,2,12
2025-10-23,S2,P5,0,12
2025-10-24,S2,P5,0,12
2025-10-25,S2,P5,3,9
2025-10-26,S2,P5,0,9
2025-10-27,S2,P5,2,7
2025-10-28,S2,P5,0,7
2025-10-29,S2,P5,2,5
2025-10-30,S2,P5,1,4
2025-10-31,S2,P5,0,4
2025-11-01,S2,P5,2,19
2025-11-02,S2,P5,2,17
2025-11-03,S2,P5,0,17
2025-11-04,S2,P5,1,16
2025-11-05,S2,P5,3,13
2025-11-06,S2,P5,0,13
2025-11-07,S2,P5,1,12
2025-11-08,S2,P5,2,10
2025-11-09,S2,P5,2,8
2025-11-10,S2,P5,1,7
2025-11-11,S2,P5,5,17
2025-11-12,S2,P5,0,17
2025-11-13,S2,P5,0,17
2025-11-14,S2,P5,3,14
2025-11-15,S2,P5,3,11
2025-11-16,S2,P5,3,8
2025-11-17,S2,P5,1,7
2025-11-18,S2,P5,1,6
2025-11-19,S2,P5,3,21
2025-11-20,S2,P5,2,19
2025-11-21,S2,P5,0,19
2025-11-22,S2,P5,3,16
2025-11-23,S2,P5,0,16
2025-11-24,S2,P5,3,13
2025-11-25,S2,P5,2,11
2025-11-26,S2,P5,2,9
2025-11-27,S2,P5,2,7
2025-11-28,S2,P5,3,4
2025-11-29,S2,P5,2,15
2025-11-30,S2,P5,3,12
2025-12-01,S2,P5,1,11
2025-12-02,S2,P5,2,9
2025-12-03,S2,P5,2,7
2025-12-04,S2,P5,1,6
2025-12-05,S2,P5,1,5
2025-12-06,S2,P5,1,4
2025-12-07,S2,P5,3,22
2025-12-08,S2,P5,0,22
2025-12-09,S2,P5,0,22
2025-12-10,S2,P5,1,21
2025-12-11,S2,P5,0,21
2025-12-12,S2,P5,1,20
2025-12-13,S2,P5,4,16
2025-12-14,S2,P5,2,14
2025-12-15,S2,P5,5,9
2025-12-16,S2,P5,3,6
2025-12-17,S2,P5,0,6
2025-12-18,S2,P5,3,29
2025-12-19,S2,P5,2,27
2025-12-20,S2,P5,2,25
2025-12-21,S2,P5,1,24
2025-12-22,S2,P5,1,23
2025-12-23,S2,P5,0,23
2025-12-24,S2,P5,2,21
2025-12-25,S2,P5,0,21
2025-12-26,S2,P5,1,20
2025-12-27,S2,P5,2,18
2025-12-28,S2,P5,2,16
2025-12-29,S2,P5,0,16
2025-12-30,S2,P5,1,15
2025-12-31,S2,P5,3,12
2026-01-01,S2,P5,2,10
2026-01-02,S2,P5,3,7
2026-01-03,S2,P5,4,17
2026-01-04,S2,P5,1,16
2026-01-05,S2,P5,2,14
2026-01-06,S2,P5,1,13
2026-01-07,S2,P5,0,13
2026-01-08,S2,P5,0,13
2026-01-09,S2,P5,1,12
2026-01-10,S2,P5,1,11
2026-01-11,S2,P5,0,11
2026-01-12,S2,P5,1,10
2026-01-13,S2,P5,1,9
2026-01-14,S2,P5,1,8
2026-01-15,S2,P5,2,6
2026-01-16,S2,P5,0,6
2026-01-17,S2,P5,1,5
2026-01-18,S2,P5,2,16
2026-01-19,S2,P5,1,15
2026-01-20,S2,P5,1,14
2026-01-21,S2,P5,2,12
2026-01-22,S2,P5,4,8
2026-01-23,S2,P5,1,7
2026-01-24,S2,P5,1,6
2026-01-25,S2,P5,3,26
2026-01-26,S2,P5,2,24
2026-01-27,S2,P5,5,19
2026-01-28,S2,P5,1,18
2026-01-29,S2,P5,1,17
2026-01-30,S2,P5,2,15
2026-01-31,S2,P5,3,12
2026-02-01,S2,P5,1,11
2026-02-02,S2,P5,2,9
2026-02-03,S2,P5,3,6
2026-02-04,S2,P5,2,4
2026-02-05,S2,P5,0,4
2026-02-06,S2,P5,0,4
2026-02-07,S2,P5,1,20
2026-02-08,S2,P5,1,19
2026-02-09,S2,P5,1,18
2026-02-10,S2,P5,0,18
2026-02-11,S2,P5,1,17
2026-02-12,S2,P5,4,13
2026-02-13,S2,P5,1,12
2026-02-14,S2,P5,0,12
2026-02-15,S2,P5,1,11
2026-02-16,S2,P5,1,10
2026-02-17,S2,P5,1,9
2026-02-18,S2,P5,1,8
2026-02-19,S2,P5,1,7
2026-02-20,S2,P5,2,5
2026-02-21,S2,P5,4,20
2026-02-22,S2,P5,0,20
2026-02-23,S2,P5,1,19
2026-02-24,S2,P5,2,17
2026-02-25,S2,P5,1,16
2026-02-26,S2,P5,1,15
2026-02-27,S2,P5,2,13
2026-02-28,S2,P5,2,11
2026-03-01,S2,P5,2,9
2026-03-02,S2,P5,0,9
2026-03-03,S2,P5,0,9
2026-03-04,S2,P5,1,8
2026-03-05,S2,P5,1,7
2026-03-06,S2,P5,3,4
2026-03-07,S2,P5,0,4
2026-03-08,S2,P5,0,4
2026-03-09,S2,P5,3,24
2026-03-10,S2,P5,0,24
2026-03-11,S2,P5,0,24
2026-03-12,S2,P5,2,22
2026-03-13,S2,P5,0,22
2026-03-14,S2,P5,3,19
2025-09-01,S2,P6,6,122
2025-09-02,S2,P6,4,118
2025-09-03,S2,P6,2,116
2025-09-04,S2,P6,2,114
2025-09-05,S2,P6,7,107
2025-09-06,S2,P6,1,106
2025-09-07,S2,P6,5,101
2025-09-08,S2,P6,5,96
2025-09-09,S2,P6,2,94
2025-09-10,S2,P6,9,85
2025-09-11,S2,P6,5,80
2025-09-12,S2,P6,5,75
2025-09-13,S2,P6,9,66
2025-09-14,S2,P6,6,60
2025-09-15,S2,P6,4,56
2025-09-16,S2,P6,10,46
2025-09-17,S2,P6,3,43
2025-09-18,S2,P6,3,40
2025-09-19,S2,P6,7,33
2025-09-20,S2,P6,4,29
2025-09-21,S2,P6,5,24
2025-09-22,S2,P6,6,18
2025-09-23,S2,P6,4,93
2025-09-24,S2,P6,8,85
2025-09-25,S2,P6,2,83
2025-09-26,S2,P6,4,79
2025-09-27,S2,P6,5,74
2025-09-28,S2,P6,6,68
2025-09-29,S2,P6,6,62
2025-09-30,S2,P6,4,58
2025-10-01,S2,P6,4,54
2025-10-02,S2,P6,8,46
2025-10-03,S2,P6,6,40
2025-10-04,S2,P6,4,36
2025-10-05,S2,P6,5,31
2025-10-06,S2,P6,9,22
2025-10-07,S2,P6,4,18
2025-10-08,S2,P6,8,76
2025-10-09,S2,P6,3,73
2025-10-10,S2,P6,5,68
2025-10-11,S2,P6,5,63
2025-10-12,S2,P6,13,50
2025-10-13,S2,P6,2,48
2025-10-14,S2,P6,8,40
2025-10-15,S2,P6,3,37
2025-10-16,S2,P6,8,29
2025-10-17,S2,P6,5,24
2025-10-18,S2,P6,6,18
2025-10-19,S2,P6,6,85
2025-10-20,S2,P6,9,76
2025-10-21,S2,P6,8,68
2025-10-22,S2,P6,5,63
2025-10-23,S2,P6,10,53
2025-10-24,S2,P6,6,47
2025-10-25,S2,P6,3,44
2025-10-26,S2,P6,4,40
2025-10-27,S2,P6,4,36
2025-10-28,S2,P6,13,23
2025-10-29,S2,P6,5,18
2025-10-30,S2,P6,4,100
2025-10-31,S2,P6,6,94
2025-11-01,S2,P6,8,86
2025-11-02,S2,P6,3,83
2025-11-03,S2,P6,6,77
2025-11-04,S2,P6,3,74
2025-11-05,S2,P6,11,63
2025-11-06,S2,P6,6,57
2025-11-07,S2,P6,6,51
2025-11-08,S2,P6,7,44
2025-11-09,S2,P6,5,39
2025-11-10,S2,P6,10,29
2025-11-11,S2,P6,5,24
2025-11-12,S2,P6,6,18
2025-11-13,S2,P6,8,66
2025-11-14,S2,P6,8,58
2025-11-15,S2,P6,5,53
2025-11-16,S2,P6,8,45
2025-11-17,S2,P6,8,37
2025-11-18,S2,P6,5,32
2025-11-19,S2,P6,7,25
2025-11-20,S2,P6,8,17
2025-11-21,S2,P6,4,83
2025-11-22,S2,P6,6,77
2025-11-23,S2,P6,6,71
2025-11-24,S2,P6,4,67
2025-11-25,S2,P6,3,64
2025-11-26,S2,P6,4,60
2025-11-27,S2,P6,4,56
2025-11-28,S2,P6,5,51
2025-11-29,S2,P6,4,47
2025-11-30,S2,P6,7,40
2025-12-01,S2,P6,6,34
2025-12-02,S2,P6,6,28
2025-12-03,S2,P6,7,21
2025-12-04,S2,P6,7,62
2025-12-05,S2,P6,5,57
2025-12-06,S2,P6,7,50
2025-12-07,S2,P6,10,40
2025-12-08,S2,P6,2,38
2025-12-09,S2,P6,2,36
2025-12-10,S2,P6,4,32
2025-12-11,S2,P6,3,29
2025-12-12,S2,P6,4,25
2025-12-13,S2,P6,7,18
2025-12-14,S2,P6,4,83
2025-12-15,S2,P6,5,78
2025-12-16,S2,P6,8,70
2025-12-17,S2,P6,3,67
2025-12-18,S2,P6,8,59
2025-12-19,S2,P6,6,53
2025-12-20,S2,P6,2,51
2025-12-21,S2,P6,1,50
2025-12-22,S2,P6,4,46
2025-12-23,S2,P6,5,41
2025-12-24,S2,P6,5,36
2025-12-25,S2,P6,2,34
2025-12-26,S2,P6,6,28
2025-12-27,S2,P6,4,24
2025-12-28,S2,P6,10,79
2025-12-29,S2,P6,9,70
2025-12-30,S2,P6,4,66
2025-12-31,S2,P6,6,60
2026-01-01,S2,P6,3,57
2026-01-02,S2,P6,10,47
2026-01-03,S2,P6,8,39
2026-01-04,S2,P6,6,33
2026-01-05,S2,P6,6,27
2026-01-06,S2,P6,2,25
2026-01-07,S2,P6,3,22
2026-01-08,S2,P6,4,18
2026-01-09,S2,P6,4,63
2026-01-10,S2,P6,6,57
2026-01-11,S2,P6,3,54
2026-01-12,S2,P6,5,49
2026-01-13,S2,P6,2,47
2026-01-14,S2,P6,6,41
2026-01-15,S2,P6,5,36
2026-01-16,S2,P6,7,29
2026-01-17,S2,P6,9,20
2026-01-18,S2,P6,2,18
2026-01-19,S2,P6,6,95
2026-01-20,S2,P6,9,86
2026-01-21,S2,P6,3,83
2026-01-22,S2,P6,1,82
2026-01-23,S2,P6,6,76
2026-01-24,S2,P6,5,71
2026-01-25,S2,P6,7,64
2026-01-26,S2,P6,2,62
2026-01-27,S2,P6,5,57
2026-01-28,S2,P6,6,51
2026-01-29,S2,P6,8,43
2026-01-30,S2,P6,2,41
2026-01-31,S2,P6,6,35
2026-02-01,S2,P6,7,28
2026-02-02,S2,P6,6,22
2026-02-03,S2,P6,3,19
2026-02-04,S2,P6,3,16
2026-02-05,S2,P6,5,53
2026-02-06,S2,P6,4,49
2026-02-07,S2,P6,2,47
2026-02-08,S2,P6,7,40
2026-02-09,S2,P6,4,36
2026-02-10,S2,P6,8,28
2026-02-11,S2,P6,6,22
2026-02-12,S2,P6,5,17
2026-02-13,S2,P6,5,78
2026-02-14,S2,P6,5,73
2026-02-15,S2,P6,8,65
2026-02-16,S2,P6,3,62
2026-02-17,S2,P6,6,56
2026-02-18,S2,P6,4,52
2026-02-19,S2,P6,8,44
2026-02-20,S2,P6,6,38
2026-02-21,S2,P6,10,28
2026-02-22,S2,P6,6,22
2026-02-23,S2,P6,6,16
2026-02-24,S2,P6,10,55
2026-02-25,S2,P6,3,52
2026-02-26,S2,P6,3,49
2026-02-27,S2,P6,5,44
2026-02-28,S2,P6,6,38
2026-03-01,S2,P6,2,36
2026-03-02,S2,P6,2,34
2026-03-03,S2,P6,5,29
2026-03-04,S2,P6,4,25
2026-03-05,S2,P6,3,22
2026-03-06,S2,P6,4,18
2026-03-07,S2,P6,7,95
2026-03-08,S2,P6,2,93
2026-03-09,S2,P6,3,90
2026-03-10,S2,P6,9,81
2026-03-11,S2,P6,1,80
2026-03-12,S2,P6,3,77
2026-03-13,S2,P6,10,67
2026-03-14,S2,P6,5,62
2025-09-01,S2,P7,7,82
2025-09-02,S2,P7,5,77
2025-09-03,S2,P7,5,72
2025-09-04,S2,P7,5,67
2025-09-05,S2,P7,2,65
2025-09-06,S2,P7,6,59
2025-09-07,S2,P7,7,52
2025-09-08,S2,P7,4,48
2025-09-09,S2,P7,4,44
2025-09-10,S2,P7,8,36
2025-09-11,S2,P7,5,31
2025-09-12,S2,P7,10,21
2025-09-13,S2,P7,7,70
2025-09-14,S2,P7,4,66
2025-09-15,S2,P7,9,57
2025-09-16,S2,P7,4,53
2025-09-17,S2,P7,10,43
2025-09-18,S2,P7,3,40
2025-09-19,S2,P7,12,28
2025-09-20,S2,P7,10,18
2025-09-21,S2,P7,5,76
2025-09-22,S2,P7,6,70
2025-09-23,S2,P7,3,67
2025-09-24,S2,P7,7,60
2025-09-25,S2,P7,7,53
2025-09-26,S2,P7,7,46
2025-09-27,S2,P7,6,40
2025-09-28,S2,P7,8,32
2025-09-29,S2,P7,11,21
2025-09-30,S2,P7,6,78
2025-10-01,S2,P7,6,72
2025-10-02,S2,P7,2,70
2025-10-03,S2,P7,4,66
2025-10-04,S2,P7,5,61
2025-10-05,S2,P7,6,55
2025-10-06,S2,P7,7,48
2025-10-07,S2,P7,6,42
2025-10-08,S2,P7,8,34
2025-10-09,S2,P7,7,27
2025-10-10,S2,P7,6,21
2025-10-11,S2,P7,4,17
2025-10-12,S2,P7,3,76
2025-10-13,S2,P7,4,72
2025-10-14,S2,P7,6,66
2025-10-15,S2,P7,9,57
2025-10-16,S2,P7,3,54
2025-10-17,S2,P7,10,44
2025-10-18,S2,P7,6,38
2025-10-19,S2,P7,10,28
2025-10-20,S2,P7,7,21
2025-10-21,S2,P7,4,17
2025-10-22,S2,P7,9,71
2025-10-23,S2,P7,6,65
2025-10-24,S2,P7,9,56
2025-10-25,S2,P7,4,52
2025-10-26,S2,P7,6,46
2025-10-27,S2,P7,8,38
2025-10-28,S2,P7,9,29
2025-10-29,S2,P7,4,25
2025-10-30,S2,P7,10,100
2025-10-31,S2,P7,6,94
2025-11-01,S2,P7,6,88
2025-11-02,S2,P7,7,81
2025-11-03,S2,P7,6,75
2025-11-04,S2,P7,7,68
2025-11-05,S2,P7,9,59
2025-11-06,S2,P7,6,53
2025-11-07,S2,P7,3,50
2025-11-08,S2,P7,9,41
2025-11-09,S2,P7,2,39
2025-11-10,S2,P7,4,35
2025-11-11,S2,P7,6,29
2025-11-12,S2,P7,2,27
2025-11-13,S2,P7,5,22
2025-11-14,S2,P7,3,19
2025-11-15,S2,P7,6,78
2025-11-16,S2,P7,2,76
2025-11-17,S2,P7,9,67
2025-11-18,S2,P7,7,60
2025-11-19,S2,P7,8,52
2025-11-20,S2,P7,4,48
2025-11-21,S2,P7,5,43
2025-11-22,S2,P7,7,36
2025-11-23,S2,P7,2,34
2025-11-24,S2,P7,8,26
2025-11-25,S2,P7,12,84
2025-11-26,S2,P7,4,80
2025-11-27,S2,P7,3,77
2025-11-28,S2,P7,7,70
2025-11-29,S2,P7,3,67
2025-11-30,S2,P7,11,56
2025-12-01,S2,P7,3,53
2025-12-02,S2,P7,2,51
2025-12-03,S2,P7,2,49
2025-12-04,S2,P7,5,44
2025-12-05,S2,P7,7,37
2025-12-06,S2,P7,7,30
2025-12-07,S2,P7,5,25
2025-12-08,S2,P7,4,21
2025-12-09,S2,P7,4,17
2025-12-10,S2,P7,8,111
2025-12-11,S2,P7,4,107
2025-12-12,S2,P7,5,102
2025-12-13,S2,P7,5,97
2025-12-14,S2,P7,0,97
2025-12-15,S2,P7,8,89
2025-12-16,S2,P7,5,84
2025-12-17,S2,P7,6,78
2025-12-18,S2,P7,6,72
2025-12-19,S2,P7,13,59
2025-12-20,S2,P7,11,48
2025-12-21,S2,P7,3,45
2025-12-22,S2,P7,6,39
2025-12-23,S2,P7,4,35
2025-12-24,S2,P7,3,32
2025-12-25,S2,P7,5,27
2025-12-26,S2,P7,10,17
2025-12-27,S2,P7,5,81
2025-12-28,S2,P7,8,73
2025-12-29,S2,P7,7,66
2025-12-30,S2,P7,8,58
2025-12-31,S2,P7,9,49
2026-01-01,S2,P7,8,41
2026-01-02,S2,P7,10,31
2026-01-03,S2,P7,2,29
2026-01-04,S2,P7,2,27
2026-01-05,S2,P7,4,23
2026-01-06,S2,P7,5,18
2026-01-07,S2,P7,6,84
2026-01-08,S2,P7,8,76
2026-01-09,S2,P7,6,70
2026-01-10,S2,P7,6,64
2026-01-11,S2,P7,5,59
2026-01-12,S2,P7,4,55
2026-01-13,S2,P7,5,50
2026-01-14,S2,P7,7,43
2026-01-15,S2,P7,15,28
2026-01-16,S2,P7,5,23
2026-01-17,S2,P7,8,73
2026-01-18,S2,P7,3,70
2026-01-19,S2,P7,5,65
2026-01-20,S2,P7,5,60
2026-01-21,S2,P7,7,53
2026-01-22,S2,P7,7,46
2026-01-23,S2,P7,8,38
2026-01-24,S2,P7,4,34
2026-01-25,S2,P7,9,25
2026-01-26,S2,P7,7,18
2026-01-27,S2,P7,8,69
2026-01-28,S2,P7,5,64
2026-01-29,S2,P7,7,57
2026-01-30,S2,P7,7,50
2026-01-31,S2,P7,11,39
2026-02-01,S2,P7,5,34
2026-02-02,S2,P7,5,29
2026-02-03,S2,P7,6,23
2026-02-04,S2,P7,13,81
2026-02-05,S2,P7,3,78
2026-02-06,S2,P7,0,78
2026-02-07,S2,P7,3,75
2026-02-08,S2,P7,8,67
2026-02-09,S2,P7,7,60
2026-02-10,S2,P7,8,52
2026-02-11,S2,P7,4,48
2026-02-12,S2,P7,3,45
2026-02-13,S2,P7,7,38
2026-02-14,S2,P7,6,32
2026-02-15,S2,P7,5,27
2026-02-16,S2,P7,6,21
2026-02-17,S2,P7,3,18
2026-02-18,S2,P7,6,66
2026-02-19,S2,P7,3,63
2026-02-20,S2,P7,6,57
2026-02-21,S2,P7,7,50
2026-02-22,S2,P7,8,42
2026-02-23,S2,P7,5,37
2026-02-24,S2,P7,5,32
2026-02-25,S2,P7,6,26
2026-02-26,S2,P7,7,19
2026-02-27,S2,P7,5,69
2026-02-28,S2,P7,6,63
2026-03-01,S2,P7,5,58
2026-03-02,S2,P7,5,53
2026-03-03,S2,P7,5,48
2026-03-04,S2,P7,2,46
2026-03-05,S2,P7,5,41
2026-03-06,S2,P7,5,36
2026-03-07,S2,P7,6,30
2026-03-08,S2,P7,5,25
2026-03-09,S2,P7,4,21
2026-03-10,S2,P7,4,17
2026-03-11,S2,P7,6,109
2026-03-12,S2,P7,8,101
2026-03-13,S2,P7,9,92
2026-03-14,S2,P7,6,86
2025-09-01,S2,P8,1,47
2025-09-02,S2,P8,5,42
2025-09-03,S2,P8,1,41
2025-09-04,S2,P8,1,40
2025-09-05,S2,P8,0,40
2025-09-06,S2,P8,3,37
2025-09-07,S2,P8,2,35
2025-09-08,S2,P8,0,35
2025-09-09,S2,P8,2,33
2025-09-10,S2,P8,4,29
2025-09-11,S2,P8,1,28
2025-09-12,S2,P8,0,28
2025-09-13,S2,P8,0,28
2025-09-14,S2,P8,1,27
2025-09-15,S2,P8,0,27
2025-09-16,S2,P8,3,24
2025-09-17,S2,P8,4,20
2025-09-18,S2,P8,1,19
2025-09-19,S2,P8,2,17
2025-09-20,S2,P8,2,15
2025-09-21,S2,P8,0,15
2025-09-22,S2,P8,2,13
2025-09-23,S2,P8,2,11
2025-09-24,S2,P8,1,10
2025-09-25,S2,P8,1,9
2025-09-26,S2,P8,1,8
2025-09-27,S2,P8,3,22
2025-09-28,S2,P8,3,19
2025-09-29,S2,P8,3,16
2025-09-30,S2,P8,2,14
2025-10-01,S2,P8,1,13
2025-10-02,S2,P8,2,11
2025-10-03,S2,P8,4,7
2025-10-04,S2,P8,0,7
2025-10-05,S2,P8,3,35
2025-10-06,S2,P8,2,33
2025-10-07,S2,P8,5,28
2025-10-08,S2,P8,0,28
2025-10-09,S2,P8,2,26
2025-10-10,S2,P8,4,22
2025-10-11,S2,P8,3,19
2025-10-12,S2,P8,2,17
2025-10-13,S2,P8,3,14
2025-10-14,S2,P8,3,11
2025-10-15,S2,P8,2,9
2025-10-16,S2,P8,0,9
2025-10-17,S2,P8,5,28
2025-10-18,S2,P8,4,24
2025-10-19,S2,P8,1,23
2025-10-20,S2,P8,0,23
2025-10-21,S2,P8,3,20
2025-10-22,S2,P8,3,17
2025-10-23,S2,P8,2,15
2025-10-24,S2,P8,4,11
2025-10-25,S2,P8,1,10
2025-10-26,S2,P8,0,10
2025-10-27,S2,P8,0,10
2025-10-28,S2,P8,2,8
2025-10-29,S2,P8,3,33
2025-10-30,S2,P8,2,31
2025-10-31,S2,P8,1,30
2025-11-01,S2,P8,3,27
2025-11-02,S2,P8,2,25
2025-11-03,S2,P8,1,24
2025-11-04,S2,P8,2,22
2025-11-05,S2,P8,2,20
2025-11-06,S2,P8,2,18
2025-11-07,S2,P8,1,17
2025-11-08,S2,P8,3,14
2025-11-09,S2,P8,2,12
2025-11-10,S2,P8,0,12
2025-11-11,S2,P8,4,8
2025-11-12,S2,P8,1,7
2025-11-13,S2,P8,2,35
2025-11-14,S2,P8,1,34
2025-11-15,S2,P8,4,30
2025-11-16,S2,P8,0,30
2025-11-17,S2,P8,2,28
2025-11-18,S2,P8,3,25
2025-11-19,S2,P8,1,24
2025-11-20,S2,P8,1,23
2025-11-21,S2,P8,1,22
2025-11-22,S2,P8,2,20
2025-11-23,S2,P8,3,17
2025-11-24,S2,P8,0,17
2025-11-25,S2,P8,2,15
2025-11-26,S2,P8,3,12
2025-11-27,S2,P8,4,8
2025-11-28,S2,P8,0,8
2025-11-29,S2,P8,3,27
2025-11-30,S2,P8,2,25
2025-12-01,S2,P8,1,24
2025-12-02,S2,P8,2,22
2025-12-03,S2,P8,3,19
2025-12-04,S2,P8,1,18
2025-12-05,S2,P8,2,16
2025-12-06,S2,P8,1,15
2025-12-07,S2,P8,3,12
2025-12-08,S2,P8,1,11
2025-12-09,S2,P8,2,9
2025-12-10,S2,P8,0,9
2025-12-11,S2,P8,2,7
2025-12-12,S2,P8,2,22
2025-12-13,S2,P8,3,19
2025-12-14,S2,P8,2,17
2025-12-15,S2,P8,1,16
2025-12-16,S2,P8,2,14
2025-12-17,S2,P8,3,11
2025-12-18,S2,P8,2,9
2025-12-19,S2,P8,3,6
2025-12-20,S2,P8,2,34
2025-12-21,S2,P8,2,32
2025-12-22,S2,P8,2,30
2025-12-23,S2,P8,4,26
2025-12-24,S2,P8,2,24
2025-12-25,S2,P8,2,22
2025-12-26,S2,P8,3,19
2025-12-27,S2,P8,5,14
2025-12-28,S2,P8,2,12
2025-12-29,S2,P8,5,7
2025-12-30,S2,P8,1,6
2025-12-31,S2,P8,2,33
2026-01-01,S2,P8,1,32
2026-01-02,S2,P8,0,32
2026-01-03,S2,P8,3,29
2026-01-04,S2,P8,4,25
2026-01-05,S2,P8,1,24
2026-01-06,S2,P8,2,22
2026-01-07,S2,P8,3,19
2026-01-08,S2,P8,7,12
2026-01-09,S2,P8,2,10
2026-01-10,S2,P8,2,8
2026-01-11,S2,P8,0,8
2026-01-12,S2,P8,4,35
2026-01-13,S2,P8,1,34
2026-01-14,S2,P8,1,33
2026-01-15,S2,P8,3,30
2026-01-16,S2,P8,2,28
2026-01-17,S2,P8,1,27
2026-01-18,S2,P8,2,25
2026-01-19,S2,P8,6,19
2026-01-20,S2,P8,1,18
2026-01-21,S2,P8,2,16
2026-01-22,S2,P8,1,15
2026-01-23,S2,P8,2,13
2026-01-24,S2,P8,5,8
2026-01-25,S2,P8,5,38
2026-01-26,S2,P8,2,36
2026-01-27,S2,P8,1,35
2026-01-28,S2,P8,2,33
2026-01-29,S2,P8,2,31
2026-01-30,S2,P8,2,29
2026-01-31,S2,P8,5,24
2026-02-01,S2,P8,2,22
2026-02-02,S2,P8,2,20
2026-02-03,S2,P8,0,20
2026-02-04,S2,P8,1,19
2026-02-05,S2,P8,3,16
2026-02-06,S2,P8,6,10
2026-02-07,S2,P8,3,7
2026-02-08,S2,P8,0,7
2026-02-09,S2,P8,0,7
2026-02-10,S2,P8,2,34
2026-02-11,S2,P8,1,33
2026-02-12,S2,P8,0,33
2026-02-13,S2,P8,0,33
2026-02-14,S2,P8,2,31
2026-02-15,S2,P8,3,28
2026-02-16,S2,P8,1,27
2026-02-17,S2,P8,4,23
2026-02-18,S2,P8,4,19
2026-02-19,S2,P8,3,16
2026-02-20,S2,P8,3,13
2026-02-21,S2,P8,0,13
2026-02-22,S2,P8,0,13
2026-02-23,S2,P8,2,11
2026-02-24,S2,P8,6,29
2026-02-25,S2,P8,3,26
2026-02-26,S2,P8,3,23
2026-02-27,S2,P8,3,20
2026-02-28,S2,P8,0,20
2026-03-01,S2,P8,5,15
2026-03-02,S2,P8,1,14
2026-03-03,S2,P8,0,14
2026-03-04,S2,P8,3,11
2026-03-05,S2,P8,2,9
2026-03-06,S2,P8,0,9
2026-03-07,S2,P8,3,6
2026-03-08,S2,P8,3,38
2026-03-09,S2,P8,0,38
2026-03-10,S2,P8,2,36
2026-03-11,S2,P8,2,34
2026-03-12,S2,P8,6,28
2026-03-13,S2,P8,0,28
2026-03-14,S2,P8,0,28
2025-09-01,S2,P9,1,15
2025-09-02,S2,P9,1,14
2025-09-03,S2,P9,3,11
2025-09-04,S2,P9,3,8
2025-09-05,S2,P9,0,8
2025-09-06,S2,P9,1,7
2025-09-07,S2,P9,2,5
2025-09-08,S2,P9,0,5
2025-09-09,S2,P9,0,5
2025-09-10,S2,P9,3,12
2025-09-11,S2,P9,0,12
2025-09-12,S2,P9,0,12
2025-09-13,S2,P9,0,12
2025-09-14,S2,P9,1,11
2025-09-15,S2,P9,1,10
2025-09-16,S2,P9,0,10
2025-09-17,S2,P9,1,9
2025-09-18,S2,P9,1,8
2025-09-19,S2,P9,0,8
2025-09-20,S2,P9,2,6
2025-09-21,S2,P9,1,5
2025-09-22,S2,P9,1,4
2025-09-23,S2,P9,0,4
2025-09-24,S2,P9,0,4
2025-09-25,S2,P9,1,3
2025-09-26,S2,P9,2,11
2025-09-27,S2,P9,1,10
2025-09-28,S2,P9,2,8
2025-09-29,S2,P9,1,7
2025-09-30,S2,P9,1,6
2025-10-01,S2,P9,1,5
2025-10-02,S2,P9,1,4
2025-10-03,S2,P9,1,3
2025-10-04,S2,P9,1,12
2025-10-05,S2,P9,1,11
2025-10-06,S2,P9,0,11
2025-10-07,S2,P9,1,10
2025-10-08,S2,P9,1,9
2025-10-09,S2,P9,2,7
2025-10-10,S2,P9,2,5
2025-10-11,S2,P9,2,3
2025-10-12,S2,P9,0,3
2025-10-13,S2,P9,1,12
2025-10-14,S2,P9,3,9
2025-10-15,S2,P9,1,8
2025-10-16,S2,P9,1,7
2025-10-17,S2,P9,1,6
2025-10-18,S2,P9,0,6
2025-10-19,S2,P9,0,6
2025-10-20,S2,P9,4,14
2025-10-21,S2,P9,1,13
2025-10-22,S2,P9,0,13
2025-10-23,S2,P9,1,12
2025-10-24,S2,P9,2,10
2025-10-25,S2,P9,2,8
2025-10-26,S2,P9,0,8
2025-10-27,S2,P9,1,7
2025-10-28,S2,P9,0,7
2025-10-29,S2,P9,2,5
2025-10-30,S2,P9,2,3
2025-10-31,S2,P9,3,18
2025-11-01,S2,P9,5,13
2025-11-02,S2,P9,0,13
2025-11-03,S2,P9,3,10
2025-11-04,S2,P9,2,8
2025-11-05,S2,P9,1,7
2025-11-06,S2,P9,2,5
2025-11-07,S2,P9,0,5
2025-11-08,S2,P9,1,4
2025-11-09,S2,P9,0,4
2025-11-10,S2,P9,0,4
2025-11-11,S2,P9,0,4
2025-11-12,S2,P9,0,4
2025-11-13,S2,P9,1,3
2025-11-14,S2,P9,0,3
2025-11-15,S2,P9,3,10
2025-11-16,S2,P9,1,9
2025-11-17,S2,P9,0,9
2025-11-18,S2,P9,0,9
2025-11-19,S2,P9,2,7
2025-11-20,S2,P9,0,7
2025-11-21,S2,P9,0,7
2025-11-22,S2,P9,2,5
2025-11-23,S2,P9,3,16
2025-11-24,S2,P9,0,16
2025-11-25,S2,P9,1,15
2025-11-26,S2,P9,3,12
2025-11-27,S2,P9,0,12
2025-11-28,S2,P9,2,10
2025-11-29,S2,P9,1,9
2025-11-30,S2,P9,2,7
2025-12-01,S2,P9,0,7
2025-12-02,S2,P9,1,6
2025-12-03,S2,P9,0,6
2025-12-04,S2,P9,1,5
2025-12-05,S2,P9,2,3
2025-12-06,S2,P9,1,12
2025-12-07,S2,P9,0,12
2025-12-08,S2,P9,1,11
2025-12-09,S2,P9,1,10
2025-12-10,S2,P9,0,10
2025-12-11,S2,P9,3,7
2025-12-12,S2,P9,0,7
2025-12-13,S2,P9,0,7
2025-12-14,S2,P9,0,7
2025-12-15,S2,P9,2,5
2025-12-16,S2,P9,1,4
2025-12-17,S2,P9,0,4
2025-12-18,S2,P9,0,4
2025-12-19,S2,P9,1,3
2025-12-20,S2,P9,0,3
2025-12-21,S2,P9,2,16
2025-12-22,S2,P9,2,14
2025-12-23,S2,P9,1,13
2025-12-24,S2,P9,0,13
2025-12-25,S2,P9,2,11
2025-12-26,S2,P9,0,11
2025-12-27,S2,P9,2,9
2025-12-28,S2,P9,0,9
2025-12-29,S2,P9,1,8
2025-12-30,S2,P9,2,6
2025-12-31,S2,P9,2,4
2026-01-01,S2,P9,2,15
2026-01-02,S2,P9,1,14
2026-01-03,S2,P9,1,13
2026-01-04,S2,P9,2,11
2026-01-05,S2,P9,2,9
2026-01-06,S2,P9,2,7
2026-01-07,S2,P9,3,4
2026-01-08,S2,P9,1,3
2026-01-09,S2,P9,0,3
2026-01-10,S2,P9,1,16
2026-01-11,S2,P9,2,14
2026-01-12,S2,P9,0,14
2026-01-13,S2,P9,0,14
2026-01-14,S2,P9,2,12
2026-01-15,S2,P9,3,9
2026-01-16,S2,P9,1,8
2026-01-17,S2,P9,1,7
2026-01-18,S2,P9,0,7
2026-01-19,S2,P9,2,5
2026-01-20,S2,P9,2,3
2026-01-21,S2,P9,2,19
2026-01-22,S2,P9,0,19
2026-01-23,S2,P9,1,18
2026-01-24,S2,P9,5,13
2026-01-25,S2,P9,2,11
2026-01-26,S2,P9,2,9
2026-01-27,S2,P9,0,9
2026-01-28,S2,P9,1,8
2026-01-29,S2,P9,1,7
2026-01-30,S2,P9,1,6
2026-01-31,S2,P9,2,4
2026-02-01,S2,P9,1,3
2026-02-02,S2,P9,1,12
2026-02-03,S2,P9,2,10
2026-02-04,S2,P9,0,10
2026-02-05,S2,P9,0,10
2026-02-06,S2,P9,0,10
2026-02-07,S2,P9,1,9
2026-02-08,S2,P9,1,8
2026-02-09,S2,P9,1,7
2026-02-10,S2,P9,1,6
2026-02-11,S2,P9,2,4
2026-02-12,S2,P9,0,4
2026-02-13,S2,P9,2,12
2026-02-14,S2,P9,0,12
2026-02-15,S2,P9,1,11
2026-02-16,S2,P9,1,10
2026-02-17,S2,P9,0,10
2026-02-18,S2,P9,0,10
2026-02-19,S2,P9,0,10
2026-02-20,S2,P9,2,8
2026-02-21,S2,P9,0,8
2026-02-22,S2,P9,1,7
2026-02-23,S2,P9,3,4
2026-02-24,S2,P9,2,19
2026-02-25,S2,P9,1,18
2026-02-26,S2,P9,0,18
2026-02-27,S2,P9,2,16
2026-02-28,S2,P9,0,16
2026-03-01,S2,P9,2,14
2026-03-02,S2,P9,2,12
2026-03-03,S2,P9,0,12
2026-03-04,S2,P9,0,12
2026-03-05,S2,P9,0,12
2026-03-06,S2,P9,6,6
2026-03-07,S2,P9,1,5
2026-03-08,S2,P9,1,4
2026-03-09,S2,P9,3,16
2026-03-10,S2,P9,2,14
2026-03-11,S2,P9,1,13
2026-03-12,S2,P9,1,12
2026-03-13,S2,P9,3,9
2026-03-14,S2,P9,0,9
2025-09-01,S2,P10,8,188
2025-09-02,S2,P10,2,186
2025-09-03,S2,P10,9,177
2025-09-04,S2,P10,11,166
2025-09-05,S2,P10,15,151
2025-09-06,S2,P10,10,141
2025-09-07,S2,P10,10,131
2025-09-08,S2,P10,13,118
2025-09-09,S2,P10,12,106
2025-09-10,S2,P10,12,94
2025-09-11,S2,P10,8,86
2025-09-12,S2,P10,12,74
2025-09-13,S2,P10,8,66
2025-09-14,S2,P10,6,60
2025-09-15,S2,P10,10,50
2025-09-16,S2,P10,10,40
2025-09-17,S2,P10,10,30
2025-09-18,S2,P10,5,155
2025-09-19,S2,P10,9,146
2025-09-20,S2,P10,8,138
2025-09-21,S2,P10,7,131
2025-09-22,S2,P10,9,122
2025-09-23,S2,P10,5,117
2025-09-24,S2,P10,5,112
2025-09-25,S2,P10,8,104
2025-09-26,S2,P10,7,97
2025-09-27,S2,P10,14,83
2025-09-28,S2,P10,13,70
2025-09-29,S2,P10,7,63
2025-09-30,S2,P10,11,52
2025-10-01,S2,P10,8,44
2025-10-02,S2,P10,13,31
2025-10-03,S2,P10,11,117
2025-10-04,S2,P10,9,108
2025-10-05,S2,P10,8,100
2025-10-06,S2,P10,8,92
2025-10-07,S2,P10,15,77
2025-10-08,S2,P10,9,68
2025-10-09,S2,P10,9,59
2025-10-10,S2,P10,12,47
2025-10-11,S2,P10,14,33
2025-10-12,S2,P10,7,181
2025-10-13,S2,P10,9,172
2025-10-14,S2,P10,5,167
2025-10-15,S2,P10,16,151
2025-10-16,S2,P10,11,140
2025-10-17,S2,P10,13,127
2025-10-18,S2,P10,11,116
2025-10-19,S2,P10,7,109
2025-10-20,S2,P10,8,101
2025-10-21,S2,P10,13,88
2025-10-22,S2,P10,9,79
2025-10-23,S2,P10,11,68
2025-10-24,S2,P10,13,55
2025-10-25,S2,P10,4,51
2025-10-26,S2,P10,5,46
2025-10-27,S2,P10,9,37
2025-10-28,S2,P10,9,28
2025-10-29,S2,P10,9,132
2025-10-30,S2,P10,12,120
2025-10-31,S2,P10,10,110
2025-11-01,S2,P10,12,98
2025-11-02,S2,P10,8,90
2025-11-03,S2,P10,13,77
2025-11-04,S2,P10,8,69
2025-11-05,S2,P10,9,60
2025-11-06,S2,P10,6,54
2025-11-07,S2,P10,7,47
2025-11-08,S2,P10,20,27
2025-11-09,S2,P10,8,156
2025-11-10,S2,P10,15,141
2025-11-11,S2,P10,15,126
2025-11-12,S2,P10,10,116
2025-11-13,S2,P10,9,107
2025-11-14,S2,P10,10,97
2025-11-15,S2,P10,14,83
2025-11-16,S2,P10,7,76
2025-11-17,S2,P10,4,72
2025-11-18,S2,P10,7,65
2025-11-19,S2,P10,5,60
2025-11-20,S2,P10,7,53
2025-11-21,S2,P10,11,42
2025-11-22,S2,P10,13,29
2025-11-23,S2,P10,7,159
2025-11-24,S2,P10,6,153
2025-11-25,S2,P10,8,145
2025-11-26,S2,P10,8,137
2025-11-27,S2,P10,7,130
2025-11-28,S2,P10,9,121
2025-11-29,S2,P10,10,111
2025-11-30,S2,P10,7,104
2025-12-01,S2,P10,9,95
2025-12-02,S2,P10,10,85
2025-12-03,S2,P10,11,74
2025-12-04,S2,P10,7,67
2025-12-05,S2,P10,9,58
2025-12-06,S2,P10,7,51
2025-12-07,S2,P10,7,44
2025-12-08,S2,P10,15,29
2025-12-09,S2,P10,6,150
2025-12-10,S2,P10,16,134
2025-12-11,S2,P10,9,125
2025-12-12,S2,P10,7,118
2025-12-13,S2,P10,14,104
2025-12-14,S2,P10,7,97
2025-12-15,S2,P10,6,91
2025-12-16,S2,P10,13,78
2025-12-17,S2,P10,11,67
2025-12-18,S2,P10,12,55
2025-12-19,S2,P10,11,44
2025-12-20,S2,P10,11,33
2025-12-21,S2,P10,7,104
2025-12-22,S2,P10,11,93
2025-12-23,S2,P10,7,86
2025-12-24,S2,P10,6,80
2025-12-25,S2,P10,8,72
2025-12-26,S2,P10,14,58
2025-12-27,S2,P10,12,46
2025-12-28,S2,P10,9,37
2025-12-29,S2,P10,7,30
2025-12-30,S2,P10,13,164
2025-12-31,S2,P10,10,154
2026-01-01,S2,P10,11,143
2026-01-02,S2,P10,7,136
2026-01-03,S2,P10,5,131
2026-01-04,S2,P10,8,123
2026-01-05,S2,P10,6,117
2026-01-06,S2,P10,8,109
2026-01-07,S2,P10,12,97
2026-01-08,S2,P10,4,93
2026-01-09,S2,P10,9,84
2026-01-10,S2,P10,7,77
2026-01-11,S2,P10,7,70
2026-01-12,S2,P10,7,63
2026-01-13,S2,P10,13,50
2026-01-14,S2,P10,7,43
2026-01-15,S2,P10,8,35
2026-01-16,S2,P10,11,183
2026-01-17,S2,P10,8,175
2026-01-18,S2,P10,8,167
2026-01-19,S2,P10,10,157
2026-01-20,S2,P10,12,145
2026-01-21,S2,P10,5,140
2026-01-22,S2,P10,7,133
2026-01-23,S2,P10,9,124
2026-01-24,S2,P10,14,110
2026-01-25,S2,P10,7,103
2026-01-26,S2,P10,9,94
2026-01-27,S2,P10,7,87
2026-01-28,S2,P10,12,75
2026-01-29,S2,P10,12,63
2026-01-30,S2,P10,10,53
2026-01-31,S2,P10,12,41
2026-02-01,S2,P10,13,28
2026-02-02,S2,P10,6,169
2026-02-03,S2,P10,17,152
2026-02-04,S2,P10,7,145
2026-02-05,S2,P10,8,137
2026-02-06,S2,P10,10,127
2026-02-07,S2,P10,20,107
2026-02-08,S2,P10,6,101
2026-02-09,S2,P10,7,94
2026-02-10,S2,P10,7,87
2026-02-11,S2,P10,12,75
2026-02-12,S2,P10,3,72
2026-02-13,S2,P10,8,64
2026-02-14,S2,P10,17,47
2026-02-15,S2,P10,6,41
2026-02-16,S2,P10,11,30
2026-02-17,S2,P10,7,96
2026-02-18,S2,P10,9,87
2026-02-19,S2,P10,8,79
2026-02-20,S2,P10,11,68
2026-02-21,S2,P10,11,57
2026-02-22,S2,P10,6,51
2026-02-23,S2,P10,5,46
2026-02-24,S2,P10,8,38
2026-02-25,S2,P10,6,32
2026-02-26,S2,P10,9,168
2026-02-27,S2,P10,7,161
2026-02-28,S2,P10,6,155
2026-03-01,S2,P10,11,144
2026-03-02,S2,P10,14,130
2026-03-03,S2,P10,18,112
2026-03-04,S2,P10,10,102
2026-03-05,S2,P10,3,99
2026-03-06,S2,P10,15,84
2026-03-07,S2,P10,17,67
2026-03-08,S2,P10,10,57
2026-03-09,S2,P10,6,51
2026-03-10,S2,P10,12,39
2026-03-11,S2,P10,8,31
2026-03-12,S2,P10,5,112
2026-03-13,S2,P10,12,100
2026-03-14,S2,P10,14,86
2025-09-01,S2,P11,3,81
2025-09-02,S2,P11,3,78
2025-09-03,S2,P11,5,73
2025-09-04,S2,P11,4,69
2025-09-05,S2,P11,2,67
2025-09-06,S2,P11,8,59
2025-09-07,S2,P11,2,57
2025-09-08,S2,P11,3,54
2025-09-09,S2,P11,2,52
2025-09-10,S2,P11,4,48
2025-09-11,S2,P11,1,47
2025-09-12,S2,P11,6,41
2025-09-13,S2,P11,1,40
2025-09-14,S2,P11,2,38
2025-09-15,S2,P11,7,31
2025-09-16,S2,P11,4,27
2025-09-17,S2,P11,5,22
2025-09-18,S2,P11,3,19
2025-09-19,S2,P11,1,18
2025-09-20,S2,P11,4,14
2025-09-21,S2,P11,7,62
2025-09-22,S2,P11,3,59
2025-09-23,S2,P11,2,57
2025-09-24,S2,P11,3,54
2025-09-25,S2,P11,1,53
2025-09-26,S2,P11,5,48
2025-09-27,S2,P11,8,40
2025-09-28,S2,P11,1,39
2025-09-29,S2,P11,2,37
2025-09-30,S2,P11,1,36
2025-10-01,S2,P11,4,32
2025-10-02,S2,P11,3,29
2025-10-03,S2,P11,4,25
2025-10-04,S2,P11,2,23
2025-10-05,S2,P11,1,22
2025-10-06,S2,P11,2,20
2025-10-07,S2,P11,1,19
2025-10-08,S2,P11,6,13
2025-10-09,S2,P11,8,48
2025-10-10,S2,P11,2,46
2025-10-11,S2,P11,4,42
2025-10-12,S2,P11,1,41
2025-10-13,S2,P11,7,34
2025-10-14,S2,P11,5,29
2025-10-15,S2,P11,6,23
2025-10-16,S2,P11,2,21
2025-10-17,S2,P11,10,11
2025-10-18,S2,P11,2,42
2025-10-19,S2,P11,2,40
2025-10-20,S2,P11,1,39
2025-10-21,S2,P11,6,33
2025-10-22,S2,P11,4,29
2025-10-23,S2,P11,1,28
2025-10-24,S2,P11,1,27
2025-10-25,S2,P11,4,23
2025-10-26,S2,P11,9,14
2025-10-27,S2,P11,5,46
2025-10-28,S2,P11,2,44
2025-10-29,S2,P11,3,41
2025-10-30,S2,P11,3,38
2025-10-31,S2,P11,6,32
2025-11-01,S2,P11,3,29
2025-11-02,S2,P11,5,24
2025-11-03,S2,P11,3,21
2025-11-04,S2,P11,0,21
2025-11-05,S2,P11,3,18
2025-11-06,S2,P11,2,16
2025-11-07,S2,P11,1,15
2025-11-08,S2,P11,6,63
2025-11-09,S2,P11,2,61
2025-11-10,S2,P11,4,57
2025-11-11,S2,P11,4,53
2025-11-12,S2,P11,3,50
2025-11-13,S2,P11,9,41
2025-11-14,S2,P11,4,37
2025-11-15,S2,P11,3,34
2025-11-16,S2,P11,5,29
2025-11-17,S2,P11,3,26
2025-11-18,S2,P11,6,20
2025-11-19,S2,P11,4,16
2025-11-20,S2,P11,3,13
2025-11-21,S2,P11,8,37
2025-11-22,S2,P11,5,32
2025-11-23,S2,P11,2,30
2025-11-24,S2,P11,1,29
2025-11-25,S2,P11,8,21
2025-11-26,S2,P11,2,19
2025-11-27,S2,P11,5,14
2025-11-28,S2,P11,3,11
2025-11-29,S2,P11,3,46
2025-11-30,S2,P11,3,43
2025-12-01,S2,P11,2,41
2025-12-02,S2,P11,4,37
2025-12-03,S2,P11,4,33
2025-12-04,S2,P11,5,28
2025-12-05,S2,P11,3,25
2025-12-06,S2,P11,9,16
2025-12-07,S2,P11,4,12
2025-12-08,S2,P11,6,46
2025-12-09,S2,P11,2,44
2025-12-10,S2,P11,2,42
2025-12-11,S2,P11,6,36
2025-12-12,S2,P11,4,32
2025-12-13,S2,P11,1,31
2025-12-14,S2,P11,2,29
2025-12-15,S2,P11,4,25
2025-12-16,S2,P11,2,23
2025-12-17,S2,P11,2,21
2025-12-18,S2,P11,4,17
2025-12-19,S2,P11,4,13
2025-12-20,S2,P11,1,12
2025-12-21,S2,P11,6,43
2025-12-22,S2,P11,2,41
2025-12-23,S2,P11,7,34
2025-12-24,S2,P11,2,32
2025-12-25,S2,P11,0,32
2025-12-26,S2,P11,3,29
2025-12-27,S2,P11,3,26
2025-12-28,S2,P11,4,22
2025-12-29,S2,P11,4,18
2025-12-30,S2,P11,2,16
2025-12-31,S2,P11,2,14
2026-01-01,S2,P11,3,11
2026-01-02,S2,P11,3,53
2026-01-03,S2,P11,2,51
2026-01-04,S2,P11,3,48
2026-01-05,S2,P11,0,48
2026-01-06,S2,P11,3,45
2026-01-07,S2,P11,1,44
2026-01-08,S2,P11,7,37
2026-01-09,S2,P11,4,33
2026-01-10,S2,P11,6,27
2026-01-11,S2,P11,1,26
2026-01-12,S2,P11,3,23
2026-01-13,S2,P11,3,20
2026-01-14,S2,P11,4,16
2026-01-15,S2,P11,1,15
2026-01-16,S2,P11,6,67
2026-01-17,S2,P11,5,62
2026-01-18,S2,P11,5,57
2026-01-19,S2,P11,2,55
2026-01-20,S2,P11,3,52
2026-01-21,S2,P11,5,47
2026-01-22,S2,P11,3,44
2026-01-23,S2,P11,6,38
2026-01-24,S2,P11,3,35
2026-01-25,S2,P11,4,31
2026-01-26,S2,P11,4,27
2026-01-27,S2,P11,6,21
2026-01-28,S2,P11,3,18
2026-01-29,S2,P11,2,16
2026-01-30,S2,P11,5,11
2026-01-31,S2,P11,4,36
2026-02-01,S2,P11,4,32
2026-02-02,S2,P11,4,28
2026-02-03,S2,P11,0,28
2026-02-04,S2,P11,3,25
2026-02-05,S2,P11,2,23
2026-02-06,S2,P11,6,17
2026-02-07,S2,P11,1,16
2026-02-08,S2,P11,5,11
2026-02-09,S2,P11,1,10
2026-02-10,S2,P11,4,53
2026-02-11,S2,P11,6,47
2026-02-12,S2,P11,2,45
2026-02-13,S2,P11,4,41
2026-02-14,S2,P11,4,37
2026-02-15,S2,P11,3,34
2026-02-16,S2,P11,2,32
2026-02-17,S2,P11,4,28
2026-02-18,S2,P11,3,25
2026-02-19,S2,P11,3,22
2026-02-20,S2,P11,3,19
2026-02-21,S2,P11,2,17
2026-02-22,S2,P11,3,14
2026-02-23,S2,P11,4,10
2026-02-24,S2,P11,1,48
2026-02-25,S2,P11,3,45
2026-02-26,S2,P11,4,41
2026-02-27,S2,P11,1,40
2026-02-28,S2,P11,1,39
2026-03-01,S2,P11,1,38
2026-03-02,S2,P11,3,35
2026-03-03,S2,P11,2,33
2026-03-04,S2,P11,4,29
2026-03-05,S2,P11,5,24
2026-03-06,S2,P11,5,19
2026-03-07,S2,P11,5,14
2026-03-08,S2,P11,2,12
2026-03-09,S2,P11,3,41
2026-03-10,S2,P11,7,34
2026-03-11,S2,P11,5,29
2026-03-12,S2,P11,2,27
2026-03-13,S2,P11,6,21
2026-03-14,S2,P11,4,17
2025-09-01,S2,P12,0,8
2025-09-02,S2,P12,0,8
2025-09-03,S2,P12,0,8
2025-09-04,S2,P12,0,8
2025-09-05,S2,P12,0,8
2025-09-06,S2,P12,0,8
2025-09-07,S2,P12,0,8
2025-09-08,S2,P12,0,8
2025-09-09,S2,P12,0,8
2025-09-10,S2,P12,0,8
2025-09-11,S2,P12,1,7
2025-09-12,S2,P12,2,5
2025-09-13,S2,P12,0,5
2025-09-14,S2,P12,0,5
2025-09-15,S2,P12,2,3
2025-09-16,S2,P12,0,3
2025-09-17,S2,P12,2,11
2025-09-18,S2,P12,0,11
2025-09-19,S2,P12,0,11
2025-09-20,S2,P12,0,11
2025-09-21,S2,P12,1,10
2025-09-22,S2,P12,1,9
2025-09-23,S2,P12,0,9
2025-09-24,S2,P12,0,9
2025-09-25,S2,P12,0,9
2025-09-26,S2,P12,1,8
2025-09-27,S2,P12,0,8
2025-09-28,S2,P12,1,7
2025-09-29,S2,P12,1,6
2025-09-30,S2,P12,3,3
2025-10-01,S2,P12,0,3
2025-10-02,S2,P12,0,3
2025-10-03,S2,P12,0,3
2025-10-04,S2,P12,0,3
2025-10-05,S2,P12,1,12
2025-10-06,S2,P12,0,12
2025-10-07,S2,P12,0,12
2025-10-08,S2,P12,0,12
2025-10-09,S2,P12,0,12
2025-10-10,S2,P12,0,12
2025-10-11,S2,P12,1,11
2025-10-12,S2,P12,0,11
2025-10-13,S2,P12,0,11
2025-10-14,S2,P12,0,11
2025-10-15,S2,P12,0,11
2025-10-16,S2,P12,1,10
2025-10-17,S2,P12,0,10
2025-10-18,S2,P12,0,10
2025-10-19,S2,P12,2,8
2025-10-20,S2,P12,0,8
2025-10-21,S2,P12,0,8
2025-10-22,S2,P12,0,8
2025-10-23,S2,P12,0,8
2025-10-24,S2,P12,0,8
2025-10-25,S2,P12,0,8
2025-10-26,S2,P12,0,8
2025-10-27,S2,P12,1,7
2025-10-28,S2,P12,0,7
2025-10-29,S2,P12,0,7
2025-10-30,S2,P12,0,7
2025-10-31,S2,P12,0,7
2025-11-01,S2,P12,0,7
2025-11-02,S2,P12,0,7
2025-11-03,S2,P12,0,7
2025-11-04,S2,P12,1,6
2025-11-05,S2,P12,1,5
2025-11-06,S2,P12,1,4
2025-11-07,S2,P12,0,4
2025-11-08,S2,P12,0,4
2025-11-09,S2,P12,0,4
2025-11-10,S2,P12,0,4
2025-11-11,S2,P12,0,4
2025-11-12,S2,P12,2,12
2025-11-13,S2,P12,0,12
2025-11-14,S2,P12,0,12
2025-11-15,S2,P12,1,11
2025-11-16,S2,P12,0,11
2025-11-17,S2,P12,0,11
2025-11-18,S2,P12,1,10
2025-11-19,S2,P12,0,10
2025-11-20,S2,P12,0,10
2025-11-21,S2,P12,0,10
2025-11-22,S2,P12,0,10
2025-11-23,S2,P12,1,9
2025-11-24,S2,P12,2,7
2025-11-25,S2,P12,1,6
2025-11-26,S2,P12,0,6
2025-11-27,S2,P12,0,6
2025-11-28,S2,P12,0,6
2025-11-29,S2,P12,0,6
2025-11-30,S2,P12,0,6
2025-12-01,S2,P12,2,4
2025-12-02,S2,P12,1,3
2025-12-03,S2,P12,0,3
2025-12-04,S2,P12,0,3
2025-12-05,S2,P12,1,12
2025-12-06,S2,P12,2,10
2025-12-07,S2,P12,1,9
2025-12-08,S2,P12,0,9
2025-12-09,S2,P12,0,9
2025-12-10,S2,P12,0,9
2025-12-11,S2,P12,0,9
2025-12-12,S2,P12,0,9
2025-12-13,S2,P12,0,9
2025-12-14,S2,P12,0,9
2025-12-15,S2,P12,0,9
2025-12-16,S2,P12,0,9
2025-12-17,S2,P12,0,9
2025-12-18,S2,P12,0,9
2025-12-19,S2,P12,2,7
2025-12-20,S2,P12,0,7
2025-12-21,S2,P12,0,7
2025-12-22,S2,P12,1,6
2025-12-23,S2,P12,0,6
2025-12-24,S2,P12,1,5
2025-12-25,S2,P12,0,5
2025-12-26,S2,P12,0,5
2025-12-27,S2,P12,0,5
2025-12-28,S2,P12,1,4
2025-12-29,S2,P12,2,12
2025-12-30,S2,P12,1,11
2025-12-31,S2,P12,0,11
2026-01-01,S2,P12,0,11
2026-01-02,S2,P12,0,11
2026-01-03,S2,P12,0,11
2026-01-04,S2,P12,1,10
2026-01-05,S2,P12,0,10
2026-01-06,S2,P12,0,10
2026-01-07,S2,P12,0,10
2026-01-08,S2,P12,1,9
2026-01-09,S2,P12,1,8
2026-01-10,S2,P12,0,8
2026-01-11,S2,P12,0,8
2026-01-12,S2,P12,0,8
2026-01-13,S2,P12,0,8
2026-01-14,S2,P12,0,8
2026-01-15,S2,P12,1,7
2026-01-16,S2,P12,3,4
2026-01-17,S2,P12,0,4
2026-01-18,S2,P12,0,4
2026-01-19,S2,P12,1,3
2026-01-20,S2,P12,0,3
2026-01-21,S2,P12,0,3
2026-01-22,S2,P12,0,3
2026-01-23,S2,P12,0,3
2026-01-24,S2,P12,0,3
2026-01-25,S2,P12,1,12
2026-01-26,S2,P12,0,12
2026-01-27,S2,P12,0,12
2026-01-28,S2,P12,3,9
2026-01-29,S2,P12,1,8
2026-01-30,S2,P12,0,8
2026-01-31,S2,P12,0,8
2026-02-01,S2,P12,0,8
2026-02-02,S2,P12,0,8
2026-02-03,S2,P12,0,8
2026-02-04,S2,P12,0,8
2026-02-05,S2,P12,0,8
2026-02-06,S2,P12,0,8
2026-02-07,S2,P12,0,8
2026-02-08,S2,P12,0,8
2026-02-09,S2,P12,0,8
2026-02-10,S2,P12,0,8
2026-02-11,S2,P12,0,8
2026-02-12,S2,P12,0,8
2026-02-13,S2,P12,0,8
2026-02-14,S2,P12,0,8
2026-02-15,S2,P12,0,8
2026-02-16,S2,P12,0,8
2026-02-17,S2,P12,0,8
2026-02-18,S2,P12,0,8
2026-02-19,S2,P12,0,8
2026-02-20,S2,P12,0,8
2026-02-21,S2,P12,0,8
2026-02-22,S2,P12,0,8
2026-02-23,S2,P12,1,7
2026-02-24,S2,P12,0,7
2026-02-25,S2,P12,0,7
2026-02-26,S2,P12,0,7
2026-02-27,S2,P12,0,7
2026-02-28,S2,P12,0,7
2026-03-01,S2,P12,0,7
2026-03-02,S2,P12,0,7
2026-03-03,S2,P12,0,7
2026-03-04,S2,P12,0,7
2026-03-05,S2,P12,1,6
2026-03-06,S2,P12,0,6
2026-03-07,S2,P12,0,6
2026-03-08,S2,P12,0,6
2026-03-09,S2,P12,0,6
2026-03-10,S2,P12,0,6
2026-03-11,S2,P12,0,6
2026-03-12,S2,P12,0,6
2026-03-13,S2,P12,0,6
2026-03-14,S2,P12,0,6
2025-09-01,S2,P13,8,149
2025-09-02,S2,P13,11,138
2025-09-03,S2,P13,5,133
2025-09-04,S2,P13,7,126
2025-09-05,S2,P13,11,115
2025-09-06,S2,P13,13,102
2025-09-07,S2,P13,2,100
2025-09-08,S2,P13,9,91
2025-09-09,S2,P13,10,81
2025-09-10,S2,P13,8,73
2025-09-11,S2,P13,7,66
2025-09-12,S2,P13,7,59
2025-09-13,S2,P13,14,45
2025-09-14,S2,P13,8,37
2025-09-15,S2,P13,9,28
2025-09-16,S2,P13,3,25
2025-09-17,S2,P13,3,159
2025-09-18,S2,P13,9,150
2025-09-19,S2,P13,7,143
2025-09-20,S2,P13,7,136
2025-09-21,S2,P13,6,130
2025-09-22,S2,P13,11,119
2025-09-23,S2,P13,9,110
2025-09-24,S2,P13,7,103
2025-09-25,S2,P13,6,97
2025-09-26,S2,P13,10,87
2025-09-27,S2,P13,11,76
2025-09-28,S2,P13,7,69
2025-09-29,S2,P13,7,62
2025-09-30,S2,P13,8,54
2025-10-01,S2,P13,16,38
2025-10-02,S2,P13,8,30
2025-10-03,S2,P13,5,25
2025-10-04,S2,P13,6,141
2025-10-05,S2,P13,7,134
2025-10-06,S2,P13,7,127
2025-10-07,S2,P13,11,116
2025-10-08,S2,P13,12,104
2025-10-09,S2,P13,11,93
2025-10-10,S2,P13,13,80
2025-10-11,S2,P13,8,72
2025-10-12,S2,P13,7,65
2025-10-13,S2,P13,6,59
2025-10-14,S2,P13,9,50
2025-10-15,S2,P13,8,42
2025-10-16,S2,P13,6,36
2025-10-17,S2,P13,8,28
2025-10-18,S2,P13,6,168
2025-10-19,S2,P13,10,158
2025-10-20,S2,P13,6,152
2025-10-21,S2,P13,9,143
2025-10-22,S2,P13,7,136
2025-10-23,S2,P13,4,132
2025-10-24,S2,P13,8,124
2025-10-25,S2,P13,9,115
2025-10-26,S2,P13,6,109
2025-10-27,S2,P13,11,98
2025-10-28,S2,P13,9,89
2025-10-29,S2,P13,14,75
2025-10-30,S2,P13,11,64
2025-10-31,S2,P13,12,52
2025-11-01,S2,P13,14,38
2025-11-02,S2,P13,9,29
2025-11-03,S2,P13,7,132
2025-11-04,S2,P13,10,122
2025-11-05,S2,P13,8,114
2025-11-06,S2,P13,12,102
2025-11-07,S2,P13,14,88
2025-11-08,S2,P13,10,78
2025-11-09,S2,P13,4,74
2025-11-10,S2,P13,7,67
2025-11-11,S2,P13,7,60
2025-11-12,S2,P13,6,54
2025-11-13,S2,P13,3,51
2025-11-14,S2,P13,6,45
2025-11-15,S2,P13,7,38
2025-11-16,S2,P13,13,25
2025-11-17,S2,P13,8,152
2025-11-18,S2,P13,5,147
2025-11-19,S2,P13,8,139
2025-11-20,S2,P13,15,124
2025-11-21,S2,P13,12,112
2025-11-22,S2,P13,7,105
2025-11-23,S2,P13,7,98
2025-11-24,S2,P13,9,89
2025-11-25,S2,P13,7,82
2025-11-26,S2,P13,12,70
2025-11-27,S2,P13,10,60
2025-11-28,S2,P13,7,53
2025-11-29,S2,P13,12,41
2025-11-30,S2,P13,7,34
2025-12-01,S2,P13,5,29
2025-12-02,S2,P13,9,152
2025-12-03,S2,P13,10,142
2025-12-04,S2,P13,8,134
2025-12-05,S2,P13,7,127
2025-12-06,S2,P13,18,109
2025-12-07,S2,P13,8,101
2025-12-08,S2,P13,8,93
2025-12-09,S2,P13,5,88
2025-12-10,S2,P13,4,84
2025-12-11,S2,P13,6,78
2025-12-12,S2,P13,9,69
2025-12-13,S2,P13,9,60
2025-12-14,S2,P13,14,46
2025-12-15,S2,P13,7,39
2025-12-16,S2,P13,3,36
2025-12-17,S2,P13,10,26
2025-12-18,S2,P13,12,116
2025-12-19,S2,P13,8,108
2025-12-20,S2,P13,13,95
2025-12-21,S2,P13,8,87
2025-12-22,S2,P13,7,80
2025-12-23,S2,P13,7,73
2025-12-24,S2,P13,7,66
2025-12-25,S2,P13,6,60
2025-12-26,S2,P13,12,48
2025-12-27,S2,P13,11,37
2025-12-28,S2,P13,8,29
2025-12-29,S2,P13,9,137
2025-12-30,S2,P13,9,128
2025-12-31,S2,P13,7,121
2026-01-01,S2,P13,5,116
2026-01-02,S2,P13,6,110
2026-01-03,S2,P13,3,107
2026-01-04,S2,P13,14,93
2026-01-05,S2,P13,9,84
2026-01-06,S2,P13,8,76
2026-01-07,S2,P13,5,71
2026-01-08,S2,P13,9,62
2026-01-09,S2,P13,8,54
2026-01-10,S2,P13,4,50
2026-01-11,S2,P13,12,38
2026-01-12,S2,P13,6,32
2026-01-13,S2,P13,9,160
2026-01-14,S2,P13,9,151
2026-01-15,S2,P13,9,142
2026-01-16,S2,P13,7,135
2026-01-17,S2,P13,11,124
2026-01-18,S2,P13,11,113
2026-01-19,S2,P13,8,105
2026-01-20,S2,P13,6,99
2026-01-21,S2,P13,10,89
2026-01-22,S2,P13,12,77
2026-01-23,S2,P13,10,67
2026-01-24,S2,P13,9,58
2026-01-25,S2,P13,9,49
2026-01-26,S2,P13,11,38
2026-01-27,S2,P13,8,30
2026-01-28,S2,P13,10,139
2026-01-29,S2,P13,7,132
2026-01-30,S2,P13,8,124
2026-01-31,S2,P13,4,120
2026-02-01,S2,P13,9,111
2026-02-02,S2,P13,3,108
2026-02-03,S2,P13,9,99
2026-02-04,S2,P13,5,94
2026-02-05,S2,P13,8,86
2026-02-06,S2,P13,11,75
2026-02-07,S2,P13,9,66
2026-02-08,S2,P13,10,56
2026-02-09,S2,P13,11,45
2026-02-10,S2,P13,5,40
2026-02-11,S2,P13,4,36
2026-02-12,S2,P13,7,29
2026-02-13,S2,P13,12,149
2026-02-14,S2,P13,7,142
2026-02-15,S2,P13,8,134
2026-02-16,S2,P13,4,130
2026-02-17,S2,P13,8,122
2026-02-18,S2,P13,8,114
2026-02-19,S2,P13,14,100
2026-02-20,S2,P13,4,96
2026-02-21,S2,P13,3,93
2026-02-22,S2,P13,6,87
2026-02-23,S2,P13,8,79
2026-02-24,S2,P13,3,76
2026-02-25,S2,P13,11,65
2026-02-26,S2,P13,5,60
2026-02-27,S2,P13,8,52
2026-02-28,S2,P13,4,48
2026-03-01,S2,P13,5,43
2026-03-02,S2,P13,14,29
2026-03-03,S2,P13,7,91
2026-03-04,S2,P13,2,89
2026-03-05,S2,P13,7,82
2026-03-06,S2,P13,9,73
2026-03-07,S2,P13,10,63
2026-03-08,S2,P13,10,53
2026-03-09,S2,P13,10,43
2026-03-10,S2,P13,11,32
2026-03-11,S2,P13,5,27
2026-03-12,S2,P13,10,165
2026-03-13,S2,P13,9,156
2026-03-14,S2,P13,10,146
2025-09-01,S2,P14,2,56
2025-09-02,S2,P14,1,55
2025-09-03,S2,P14,2,53
2025-09-04,S2,P14,3,50
2025-09-05,S2,P14,5,45
2025-09-06,S2,P14,3,42
2025-09-07,S2,P14,4,38
2025-09-08,S2,P14,2,36
2025-09-09,S2,P14,2,34
2025-09-10,S2,P14,2,32
2025-09-11,S2,P14,4,28
2025-09-12,S2,P14,6,22
2025-09-13,S2,P14,3,19
2025-09-14,S2,P14,5,14
2025-09-15,S2,P14,0,14
2025-09-16,S2,P14,3,11
2025-09-17,S2,P14,2,9
2025-09-18,S2,P14,2,30
2025-09-19,S2,P14,4,26
2025-09-20,S2,P14,0,26
2025-09-21,S2,P14,4,22
2025-09-22,S2,P14,2,20
2025-09-23,S2,P14,3,17
2025-09-24,S2,P14,1,16
2025-09-25,S2,P14,3,13
2025-09-26,S2,P14,1,12
2025-09-27,S2,P14,4,8
2025-09-28,S2,P14,2,48
2025-09-29,S2,P14,1,47
2025-09-30,S2,P14,2,45
2025-10-01,S2,P14,3,42
2025-10-02,S2,P14,4,38
2025-10-03,S2,P14,4,34
2025-10-04,S2,P14,5,29
2025-10-05,S2,P14,1,28
2025-10-06,S2,P14,3,25
2025-10-07,S2,P14,3,22
2025-10-08,S2,P14,1,21
2025-10-09,S2,P14,1,20
2025-10-10,S2,P14,3,17
2025-10-11,S2,P14,2,15
2025-10-12,S2,P14,1,14
2025-10-13,S2,P14,3,11
2025-10-14,S2,P14,2,9
2025-10-15,S2,P14,2,47
2025-10-16,S2,P14,1,46
2025-10-17,S2,P14,1,45
2025-10-18,S2,P14,2,43
2025-10-19,S2,P14,1,42
2025-10-20,S2,P14,1,41
2025-10-21,S2,P14,4,37
2025-10-22,S2,P14,5,32
2025-10-23,S2,P14,2,30
2025-10-24,S2,P14,3,27
2025-10-25,S2,P14,2,25
2025-10-26,S2,P14,3,22
2025-10-27,S2,P14,3,19
2025-10-28,S2,P14,6,13
2025-10-29,S2,P14,2,11
2025-10-30,S2,P14,2,9
2025-10-31,S2,P14,4,50
2025-11-01,S2,P14,5,45
2025-11-02,S2,P14,2,43
2025-11-03,S2,P14,1,42
2025-11-04,S2,P14,2,40
2025-11-05,S2,P14,3,37
2025-11-06,S2,P14,2,35
2025-11-07,S2,P14,3,32
2025-11-08,S2,P14,1,31
2025-11-09,S2,P14,2,29
2025-11-10,S2,P14,7,22
2025-11-11,S2,P14,1,21
2025-11-12,S2,P14,8,13
2025-11-13,S2,P14,2,11
2025-11-14,S2,P14,4,42
2025-11-15,S2,P14,4,38
2025-11-16,S2,P14,3,35
2025-11-17,S2,P14,7,28
2025-11-18,S2,P14,3,25
2025-11-19,S2,P14,6,19
2025-11-20,S2,P14,6,13
2025-11-21,S2,P14,5,8
2025-11-22,S2,P14,1,46
2025-11-23,S2,P14,3,43
2025-11-24,S2,P14,3,40
2025-11-25,S2,P14,1,39
2025-11-26,S2,P14,3,36
2025-11-27,S2,P14,5,31
2025-11-28,S2,P14,8,23
2025-11-29,S2,P14,1,22
2025-11-30,S2,P14,2,20
2025-12-01,S2,P14,5,15
2025-12-02,S2,P14,1,14
2025-12-03,S2,P14,2,12
2025-12-04,S2,P14,1,11
2025-12-05,S2,P14,1,10
2025-12-06,S2,P14,1,9
2025-12-07,S2,P14,2,34
2025-12-08,S2,P14,1,33
2025-12-09,S2,P14,4,29
2025-12-10,S2,P14,2,27
2025-12-11,S2,P14,3,24
2025-12-12,S2,P14,3,21
2025-12-13,S2,P14,2,19
2025-12-14,S2,P14,1,18
2025-12-15,S2,P14,3,15
2025-12-16,S2,P14,5,10
2025-12-17,S2,P14,2,8
2025-12-18,S2,P14,0,8
2025-12-19,S2,P14,7,24
2025-12-20,S2,P14,2,22
2025-12-21,S2,P14,7,15
2025-12-22,S2,P14,1,14
2025-12-23,S2,P14,5,9
2025-12-24,S2,P14,4,48
2025-12-25,S2,P14,4,44
2025-12-26,S2,P14,5,39
2025-12-27,S2,P14,2,37
2025-12-28,S2,P14,4,33
2025-12-29,S2,P14,2,31
2025-12-30,S2,P14,3,28
2025-12-31,S2,P14,2,26
2026-01-01,S2,P14,2,24
2026-01-02,S2,P14,3,21
2026-01-03,S2,P14,0,21
2026-01-04,S2,P14,3,18
2026-01-05,S2,P14,2,16
2026-01-06,S2,P14,3,13
2026-01-07,S2,P14,2,11
2026-01-08,S2,P14,1,10
2026-01-09,S2,P14,2,8
2026-01-10,S2,P14,2,36
2026-01-11,S2,P14,4,32
2026-01-12,S2,P14,6,26
2026-01-13,S2,P14,2,24
2026-01-14,S2,P14,2,22
2026-01-15,S2,P14,2,20
2026-01-16,S2,P14,6,14
2026-01-17,S2,P14,2,12
2026-01-18,S2,P14,3,9
2026-01-19,S2,P14,4,42
2026-01-20,S2,P14,2,40
2026-01-21,S2,P14,3,37
2026-01-22,S2,P14,3,34
2026-01-23,S2,P14,4,30
2026-01-24,S2,P14,4,26
2026-01-25,S2,P14,2,24
2026-01-26,S2,P14,3,21
2026-01-27,S2,P14,1,20
2026-01-28,S2,P14,2,18
2026-01-29,S2,P14,1,17
2026-01-30,S2,P14,3,14
2026-01-31,S2,P14,5,9
2026-02-01,S2,P14,0,9
2026-02-02,S2,P14,1,8
2026-02-03,S2,P14,0,8
2026-02-04,S2,P14,1,47
2026-02-05,S2,P14,0,47
2026-02-06,S2,P14,0,47
2026-02-07,S2,P14,1,46
2026-02-08,S2,P14,1,45
2026-02-09,S2,P14,0,45
2026-02-10,S2,P14,0,45
2026-02-11,S2,P14,0,45
2026-02-12,S2,P14,0,45
2026-02-13,S2,P14,1,44
2026-02-14,S2,P14,0,44
2026-02-15,S2,P14,0,44
2026-02-16,S2,P14,0,44
2026-02-17,S2,P14,2,42
2026-02-18,S2,P14,0,42
2026-02-19,S2,P14,0,42
2026-02-20,S2,P14,0,42
2026-02-21,S2,P14,1,41
2026-02-22,S2,P14,0,41
2026-02-23,S2,P14,0,41
2026-02-24,S2,P14,0,41
2026-02-25,S2,P14,0,41
2026-02-26,S2,P14,1,40
2026-02-27,S2,P14,1,39
2026-02-28,S2,P14,1,38
2026-03-01,S2,P14,1,37
2026-03-02,S2,P14,0,37
2026-03-03,S2,P14,0,37
2026-03-04,S2,P14,0,37
2026-03-05,S2,P14,1,36
2026-03-06,S2,P14,0,36
2026-03-07,S2,P14,1,35
2026-03-08,S2,P14,0,35
2026-03-09,S2,P14,1,34
2026-03-10,S2,P14,0,34
2026-03-11,S2,P14,0,34
2026-03-12,S2,P14,0,34
2026-03-13,S2,P14,0,34
2026-03-14,S2,P14,0,34
2025-09-01,S2,P15,8,85
2025-09-02,S2,P15,6,79
2025-09-03,S2,P15,5,74
2025-09-04,S2,P15,8,66
2025-09-05,S2,P15,4,62
2025-09-06,S2,P15,3,59
2025-09-07,S2,P15,6,53
2025-09-08,S2,P15,2,51
2025-09-09,S2,P15,5,46
2025-09-10,S2,P15,3,43
2025-09-11,S2,P15,2,41
2025-09-12,S2,P15,4,37
2025-09-13,S2,P15,5,32
2025-09-14,S2,P15,4,28
2025-09-15,S2,P15,4,24
2025-09-16,S2,P15,0,24
2025-09-17,S2,P15,5,19
2025-09-18,S2,P15,1,18
2025-09-19,S2,P15,2,16
2025-09-20,S2,P15,4,65
2025-09-21,S2,P15,1,64
2025-09-22,S2,P15,3,61
2025-09-23,S2,P15,3,58
2025-09-24,S2,P15,9,49
2025-09-25,S2,P15,4,45
2025-09-26,S2,P15,4,41
2025-09-27,S2,P15,5,36
2025-09-28,S2,P15,6,30
2025-09-29,S2,P15,8,22
2025-09-30,S2,P15,7,15
2025-10-01,S2,P15,7,83
2025-10-02,S2,P15,6,77
2025-10-03,S2,P15,6,71
2025-10-04,S2,P15,7,64
2025-10-05,S2,P15,10,54
2025-10-06,S2,P15,4,50
2025-10-07,S2,P15,5,45
2025-10-08,S2,P15,3,42
2025-10-09,S2,P15,2,40
2025-10-10,S2,P15,5,35
2025-10-11,S2,P15,7,28
2025-10-12,S2,P15,3,25
2025-10-13,S2,P15,3,22
2025-10-14,S2,P15,4,18
2025-10-15,S2,P15,1,17
2025-10-16,S2,P15,7,74
2025-10-17,S2,P15,6,68
2025-10-18,S2,P15,9,59
2025-10-19,S2,P15,1,58
2025-10-20,S2,P15,9,49
2025-10-21,S2,P15,8,41
2025-10-22,S2,P15,3,38
2025-10-23,S2,P15,5,33
2025-10-24,S2,P15,5,28
2025-10-25,S2,P15,5,23
2025-10-26,S2,P15,12,96
2025-10-27,S2,P15,5,91
2025-10-28,S2,P15,8,83
2025-10-29,S2,P15,6,77
2025-10-30,S2,P15,4,73
2025-10-31,S2,P15,2,71
2025-11-01,S2,P15,3,68
2025-11-02,S2,P15,11,57
2025-11-03,S2,P15,4,53
2025-11-04,S2,P15,7,46
2025-11-05,S2,P15,12,34
2025-11-06,S2,P15,8,26
2025-11-07,S2,P15,4,22
2025-11-08,S2,P15,4,18
2025-11-09,S2,P15,4,14
2025-11-10,S2,P15,5,79
2025-11-11,S2,P15,3,76
2025-11-12,S2,P15,4,72
2025-11-13,S2,P15,4,68
2025-11-14,S2,P15,8,60
2025-11-15,S2,P15,7,53
2025-11-16,S2,P15,4,49
2025-11-17,S2,P15,3,46
2025-11-18,S2,P15,4,42
2025-11-19,S2,P15,5,37
2025-11-20,S2,P15,2,35
2025-11-21,S2,P15,4,31
2025-11-22,S2,P15,4,27
2025-11-23,S2,P15,7,20
2025-11-24,S2,P15,6,14
2025-11-25,S2,P15,5,57
2025-11-26,S2,P15,6,51
2025-11-27,S2,P15,2,49
2025-11-28,S2,P15,4,45
2025-11-29,S2,P15,10,35
2025-11-30,S2,P15,7,28
2025-12-01,S2,P15,3,25
2025-12-02,S2,P15,3,22
2025-12-03,S2,P15,2,20
2025-12-04,S2,P15,7,77
2025-12-05,S2,P15,7,70
2025-12-06,S2,P15,5,65
2025-12-07,S2,P15,8,57
2025-12-08,S2,P15,8,49
2025-12-09,S2,P15,5,44
2025-12-10,S2,P15,4,40
2025-12-11,S2,P15,6,34
2025-12-12,S2,P15,6,28
2025-12-13,S2,P15,6,22
2025-12-14,S2,P15,4,18
2025-12-15,S2,P15,8,73
2025-12-16,S2,P15,4,69
2025-12-17,S2,P15,4,65
2025-12-18,S2,P15,6,59
2025-12-19,S2,P15,14,45
2025-12-20,S2,P15,8,37
2025-12-21,S2,P15,2,35
2025-12-22,S2,P15,2,33
2025-12-23,S2,P15,8,25
2025-12-24,S2,P15,2,23
2025-12-25,S2,P15,5,18
2025-12-26,S2,P15,11,91
2025-12-27,S2,P15,4,87
2025-12-28,S2,P15,3,84
2025-12-29,S2,P15,3,81
2025-12-30,S2,P15,3,78
2025-12-31,S2,P15,2,76
2026-01-01,S2,P15,6,70
2026-01-02,S2,P15,8,62
2026-01-03,S2,P15,9,53
2026-01-04,S2,P15,4,49
2026-01-05,S2,P15,3,46
2026-01-06,S2,P15,7,39
2026-01-07,S2,P15,3,36
2026-01-08,S2,P15,2,34
2026-01-09,S2,P15,6,28
2026-01-10,S2,P15,6,22
2026-01-11,S2,P15,2,20
2026-01-12,S2,P15,7,82
2026-01-13,S2,P15,7,75
2026-01-14,S2,P15,4,71
2026-01-15,S2,P15,7,64
2026-01-16,S2,P15,8,56
2026-01-17,S2,P15,8,48
2026-01-18,S2,P15,4,44
2026-01-19,S2,P15,6,38
2026-01-20,S2,P15,7,31
2026-01-21,S2,P15,2,29
2026-01-22,S2,P15,7,22
2026-01-23,S2,P15,9,65
2026-01-24,S2,P15,5,60
2026-01-25,S2,P15,6,54
2026-01-26,S2,P15,4,50
2026-01-27,S2,P15,5,45
2026-01-28,S2,P15,2,43
2026-01-29,S2,P15,7,36
2026-01-30,S2,P15,12,24
2026-01-31,S2,P15,6,18
2026-02-01,S2,P15,0,18
2026-02-02,S2,P15,0,18
2026-02-03,S2,P15,0,18
2026-02-04,S2,P15,1,17
2026-02-05,S2,P15,1,16
2026-02-06,S2,P15,1,15
2026-02-07,S2,P15,1,14
2026-02-08,S2,P15,0,14
2026-02-09,S2,P15,0,14
2026-02-10,S2,P15,2,92
2026-02-11,S2,P15,0,92
2026-02-12,S2,P15,2,90
2026-02-13,S2,P15,2,88
2026-02-14,S2,P15,0,88
2026-02-15,S2,P15,0,88
2026-02-16,S2,P15,0,88
2026-02-17,S2,P15,0,88
2026-02-18,S2,P15,0,88
2026-02-19,S2,P15,0,88
2026-02-20,S2,P15,1,87
2026-02-21,S2,P15,1,86
2026-02-22,S2,P15,3,83
2026-02-23,S2,P15,0,83
2026-02-24,S2,P15,0,83
2026-02-25,S2,P15,1,82
2026-02-26,S2,P15,1,81
2026-02-27,S2,P15,2,79
2026-02-28,S2,P15,0,79
2026-03-01,S2,P15,0,79
2026-03-02,S2,P15,2,77
2026-03-03,S2,P15,1,76
2026-03-04,S2,P15,1,75
2026-03-05,S2,P15,0,75
2026-03-06,S2,P15,1,74
2026-03-07,S2,P15,0,74
2026-03-08,S2,P15,2,72
2026-03-09,S2,P15,1,71
2026-03-10,S2,P15,1,70
2026-03-11,S2,P15,2,68
2026-03-12,S2,P15,0,68
2026-03-13,S2,P15,2,66
2026-03-14,S2,P15,0,66
2025-09-01,S2,P16,5,56
2025-09-02,S2,P16,3,53
2025-09-03,S2,P16,4,49
2025-09-04,S2,P16,3,46
2025-09-05,S2,P16,8,38
2025-09-06,S2,P16,11,27
2025-09-07,S2,P16,4,23
2025-09-08,S2,P16,6,17
2025-09-09,S2,P16,7,64
2025-09-10,S2,P16,5,59
2025-09-11,S2,P16,6,53
2025-09-12,S2,P16,4,49
2025-09-13,S2,P16,8,41
2025-09-14,S2,P16,4,37
2025-09-15,S2,P16,6,31
2025-09-16,S2,P16,3,28
2025-09-17,S2,P16,6,22
2025-09-18,S2,P16,7,15
2025-09-19,S2,P16,5,82
2025-09-20,S2,P16,3,79
2025-09-21,S2,P16,6,73
2025-09-22,S2,P16,7,66
2025-09-23,S2,P16,8,58
2025-09-24,S2,P16,7,51
2025-09-25,S2,P16,3,48
2025-09-26,S2,P16,3,45
2025-09-27,S2,P16,3,42
2025-09-28,S2,P16,4,38
2025-09-29,S2,P16,2,36
2025-09-30,S2,P16,2,34
2025-10-01,S2,P16,2,32
2025-10-02,S2,P16,5,27
2025-10-03,S2,P16,6,21
2025-10-04,S2,P16,8,13
2025-10-05,S2,P16,6,57
2025-10-06,S2,P16,3,54
2025-10-07,S2,P16,6,48
2025-10-08,S2,P16,6,42
2025-10-09,S2,P16,4,38
2025-10-10,S2,P16,4,34
2025-10-11,S2,P16,4,30
2025-10-12,S2,P16,2,28
2025-10-13,S2,P16,2,26
2025-10-14,S2,P16,2,24
2025-10-15,S2,P16,3,21
2025-10-16,S2,P16,6,15
2025-10-17,S2,P16,3,12
2025-10-18,S2,P16,7,65
2025-10-19,S2,P16,0,65
2025-10-20,S2,P16,2,63
2025-10-21,S2,P16,5,58
2025-10-22,S2,P16,3,55
2025-10-23,S2,P16,5,50
2025-10-24,S2,P16,3,47
2025-10-25,S2,P16,8,39
2025-10-26,S2,P16,6,33
2025-10-27,S2,P16,5,28
2025-10-28,S2,P16,8,20
2025-10-29,S2,P16,3,17
2025-10-30,S2,P16,5,12
2025-10-31,S2,P16,3,56
2025-11-01,S2,P16,2,54
2025-11-02,S2,P16,3,51
2025-11-03,S2,P16,4,47
2025-11-04,S2,P16,3,44
2025-11-05,S2,P16,2,42
2025-11-06,S2,P16,5,37
2025-11-07,S2,P16,5,32
2025-11-08,S2,P16,5,27
2025-11-09,S2,P16,3,24
2025-11-10,S2,P16,5,19
2025-11-11,S2,P16,6,13
2025-11-12,S2,P16,2,80
2025-11-13,S2,P16,3,77
2025-11-14,S2,P16,5,72
2025-11-15,S2,P16,5,67
2025-11-16,S2,P16,6,61
2025-11-17,S2,P16,2,59
2025-11-18,S2,P16,4,55
2025-11-19,S2,P16,3,52
2025-11-20,S2,P16,1,51
2025-11-21,S2,P16,1,50
2025-11-22,S2,P16,3,47
2025-11-23,S2,P16,6,41
2025-11-24,S2,P16,2,39
2025-11-25,S2,P16,1,38
2025-11-26,S2,P16,5,33
2025-11-27,S2,P16,5,28
2025-11-28,S2,P16,6,22
2025-11-29,S2,P16,6,16
2025-11-30,S2,P16,7,50
2025-12-01,S2,P16,4,46
2025-12-02,S2,P16,3,43
2025-12-03,S2,P16,4,39
2025-12-04,S2,P16,7,32
2025-12-05,S2,P16,0,32
2025-12-06,S2,P16,4,28
2025-12-07,S2,P16,5,23
2025-12-08,S2,P16,4,19
2025-12-09,S2,P16,5,14
2025-12-10,S2,P16,7,81
2025-12-11,S2,P16,2,79
2025-12-12,S2,P16,5,74
2025-12-13,S2,P16,4,70
2025-12-14,S2,P16,3,67
2025-12-15,S2,P16,4,63
2025-12-16,S2,P16,5,58
2025-12-17,S2,P16,3,55
2025-12-18,S2,P16,4,51
2025-12-19,S2,P16,5,46
2025-12-20,S2,P16,4,42
2025-12-21,S2,P16,2,40
2025-12-22,S2,P16,7,33
2025-12-23,S2,P16,3,30
2025-12-24,S2,P16,1,29
2025-12-25,S2,P16,4,25
2025-12-26,S2,P16,5,20
2025-12-27,S2,P16,7,13
2025-12-28,S2,P16,7,65
2025-12-29,S2,P16,8,57
2025-12-30,S2,P16,4,53
2025-12-31,S2,P16,7,46
2026-01-01,S2,P16,11,35
2026-01-02,S2,P16,5,30
2026-01-03,S2,P16,6,24
2026-01-04,S2,P16,4,20
2026-01-05,S2,P16,5,15
2026-01-06,S2,P16,6,44
2026-01-07,S2,P16,5,39
2026-01-08,S2,P16,9,30
2026-01-09,S2,P16,5,25
2026-01-10,S2,P16,5,20
2026-01-11,S2,P16,5,15
2026-01-12,S2,P16,9,55
2026-01-13,S2,P16,5,50
2026-01-14,S2,P16,4,46
2026-01-15,S2,P16,4,42
2026-01-16,S2,P16,4,38
2026-01-17,S2,P16,5,33
2026-01-18,S2,P16,7,26
2026-01-19,S2,P16,1,25
2026-01-20,S2,P16,3,22
2026-01-21,S2,P16,6,16
2026-01-22,S2,P16,6,61
2026-01-23,S2,P16,5,56
2026-01-24,S2,P16,3,53
2026-01-25,S2,P16,3,50
2026-01-26,S2,P16,6,44
2026-01-27,S2,P16,5,39
2026-01-28,S2,P16,4,35
2026-01-29,S2,P16,5,30
2026-01-30,S2,P16,4,26
2026-01-31,S2,P16,5,21
2026-02-01,S2,P16,4,17
2026-02-02,S2,P16,5,12
2026-02-03,S2,P16,2,84
2026-02-04,S2,P16,3,81
2026-02-05,S2,P16,3,78
2026-02-06,S2,P16,1,77
2026-02-07,S2,P16,5,72
2026-02-08,S2,P16,7,65
2026-02-09,S2,P16,3,62
2026-02-10,S2,P16,3,59
2026-02-11,S2,P16,2,57
2026-02-12,S2,P16,2,55
2026-02-13,S2,P16,2,53
2026-02-14,S2,P16,4,49
2026-02-15,S2,P16,3,46
2026-02-16,S2,P16,7,39
2026-02-17,S2,P16,4,35
2026-02-18,S2,P16,2,33
2026-02-19,S2,P16,2,31
2026-02-20,S2,P16,4,27
2026-02-21,S2,P16,9,18
2026-02-22,S2,P16,5,13
2026-02-23,S2,P16,2,47
2026-02-24,S2,P16,7,40
2026-02-25,S2,P16,4,36
2026-02-26,S2,P16,2,34
2026-02-27,S2,P16,6,28
2026-02-28,S2,P16,5,23
2026-03-01,S2,P16,6,17
2026-03-02,S2,P16,1,16
2026-03-03,S2,P16,5,84
2026-03-04,S2,P16,6,78
2026-03-05,S2,P16,6,72
2026-03-06,S2,P16,5,67
2026-03-07,S2,P16,5,62
2026-03-08,S2,P16,2,60
2026-03-09,S2,P16,3,57
2026-03-10,S2,P16,6,51
2026-03-11,S2,P16,3,48
2026-03-12,S2,P16,8,40
2026-03-13,S2,P16,2,38
2026-03-14,S2,P16,8,30
2025-09-01,S2,P17,0,24
2025-09-02,S2,P17,0,24
2025-09-03,S2,P17,1,23
2025-09-04,S2,P17,2,21
2025-09-05,S2,P17,0,21
2025-09-06,S2,P17,0,21
2025-09-07,S2,P17,1,20
2025-09-08,S2,P17,2,18
2025-09-09,S2,P17,1,17
2025-09-10,S2,P17,1,16
2025-09-11,S2,P17,1,15
2025-09-12,S2,P17,1,14
2025-09-13,S2,P17,2,12
2025-09-14,S2,P17,0,12
2025-09-15,S2,P17,1,11
2025-09-16,S2,P17,1,10
2025-09-17,S2,P17,1,9
2025-09-18,S2,P17,0,9
2025-09-19,S2,P17,2,7
2025-09-20,S2,P17,2,5
2025-09-21,S2,P17,1,4
2025-09-22,S2,P17,2,14
2025-09-23,S2,P17,1,13
2025-09-24,S2,P17,2,11
2025-09-25,S2,P17,1,10
2025-09-26,S2,P17,3,7
2025-09-27,S2,P17,0,7
2025-09-28,S2,P17,0,7
2025-09-29,S2,P17,3,4
2025-09-30,S2,P17,2,14
2025-10-01,S2,P17,2,12
2025-10-02,S2,P17,2,10
2025-10-03,S2,P17,2,8
2025-10-04,S2,P17,1,7
2025-10-05,S2,P17,1,6
2025-10-06,S2,P17,2,4
2025-10-07,S2,P17,3,20
2025-10-08,S2,P17,1,19
2025-10-09,S2,P17,1,18
2025-10-10,S2,P17,1,17
2025-10-11,S2,P17,0,17
2025-10-12,S2,P17,2,15
2025-10-13,S2,P17,1,14
2025-10-14,S2,P17,1,13
2025-10-15,S2,P17,3,10
2025-10-16,S2,P17,0,10
2025-10-17,S2,P17,1,9
2025-10-18,S2,P17,2,7
2025-10-19,S2,P17,1,6
2025-10-20,S2,P17,0,6
2025-10-21,S2,P17,2,4
2025-10-22,S2,P17,0,4
2025-10-23,S2,P17,2,12
2025-10-24,S2,P17,2,10
2025-10-25,S2,P17,1,9
2025-10-26,S2,P17,0,9
2025-10-27,S2,P17,0,9
2025-10-28,S2,P17,1,8
2025-10-29,S2,P17,1,7
2025-10-30,S2,P17,1,6
2025-10-31,S2,P17,2,4
2025-11-01,S2,P17,2,23
2025-11-02,S2,P17,1,22
2025-11-03,S2,P17,1,21
2025-11-04,S2,P17,2,19
2025-11-05,S2,P17,0,19
2025-11-06,S2,P17,1,18
2025-11-07,S2,P17,0,18
2025-11-08,S2,P17,3,15
2025-11-09,S2,P17,3,12
2025-11-10,S2,P17,1,11
2025-11-11,S2,P17,0,11
2025-11-12,S2,P17,2,9
2025-11-13,S2,P17,0,9
2025-11-14,S2,P17,1,8
2025-11-15,S2,P17,2,6
2025-11-16,S2,P17,1,5
2025-11-17,S2,P17,2,3
2025-11-18,S2,P17,1,15
2025-11-19,S2,P17,2,13
2025-11-20,S2,P17,2,11
2025-11-21,S2,P17,2,9
2025-11-22,S2,P17,2,7
2025-11-23,S2,P17,2,5
2025-11-24,S2,P17,0,5
2025-11-25,S2,P17,2,3
2025-11-26,S2,P17,0,3
2025-11-27,S2,P17,1,23
2025-11-28,S2,P17,1,22
2025-11-29,S2,P17,1,21
2025-11-30,S2,P17,1,20
2025-12-01,S2,P17,1,19
2025-12-02,S2,P17,2,17
2025-12-03,S2,P17,0,17
2025-12-04,S2,P17,3,14
2025-12-05,S2,P17,3,11
2025-12-06,S2,P17,4,7
2025-12-07,S2,P17,3,4
2025-12-08,S2,P17,0,4
2025-12-09,S2,P17,0,4
2025-12-10,S2,P17,0,4
2025-12-11,S2,P17,0,4
2025-12-12,S2,P17,0,4
2025-12-13,S2,P17,1,3
2025-12-14,S2,P17,1,12
2025-12-15,S2,P17,0,12
2025-12-16,S2,P17,1,11
2025-12-17,S2,P17,3,8
2025-12-18,S2,P17,0,8
2025-12-19,S2,P17,2,6
2025-12-20,S2,P17,3,3
2025-12-21,S2,P17,2,11
2025-12-22,S2,P17,2,9
2025-12-23,S2,P17,1,8
2025-12-24,S2,P17,1,7
2025-12-25,S2,P17,4,3
2025-12-26,S2,P17,3,13
2025-12-27,S2,P17,3,10
2025-12-28,S2,P17,0,10
2025-12-29,S2,P17,0,10
2025-12-30,S2,P17,2,8
2025-12-31,S2,P17,1,7
2026-01-01,S2,P17,0,7
2026-01-02,S2,P17,4,3
2026-01-03,S2,P17,2,17
2026-01-04,S2,P17,1,16
2026-01-05,S2,P17,0,16
2026-01-06,S2,P17,1,15
2026-01-07,S2,P17,3,12
2026-01-08,S2,P17,2,10
2026-01-09,S2,P17,1,9
2026-01-10,S2,P17,1,8
2026-01-11,S2,P17,1,7
2026-01-12,S2,P17,0,7
2026-01-13,S2,P17,0,7
2026-01-14,S2,P17,1,6
2026-01-15,S2,P17,2,4
2026-01-16,S2,P17,2,22
2026-01-17,S2,P17,1,21
2026-01-18,S2,P17,0,21
2026-01-19,S2,P17,0,21
2026-01-20,S2,P17,1,20
2026-01-21,S2,P17,1,19
2026-01-22,S2,P17,0,19
2026-01-23,S2,P17,0,19
2026-01-24,S2,P17,2,17
2026-01-25,S2,P17,1,16
2026-01-26,S2,P17,1,15
2026-01-27,S2,P17,0,15
2026-01-28,S2,P17,3,12
2026-01-29,S2,P17,1,11
2026-01-30,S2,P17,4,7
2026-01-31,S2,P17,1,6
2026-02-01,S2,P17,3,3
2026-02-02,S2,P17,3,14
2026-02-03,S2,P17,2,12
2026-02-04,S2,P17,3,9
2026-02-05,S2,P17,0,9
2026-02-06,S2,P17,2,7
2026-02-07,S2,P17,1,6
2026-02-08,S2,P17,1,5
2026-02-09,S2,P17,1,4
2026-02-10,S2,P17,1,3
2026-02-11,S2,P17,2,14
2026-02-12,S2,P17,0,14
2026-02-13,S2,P17,1,13
2026-02-14,S2,P17,2,11
2026-02-15,S2,P17,1,10
2026-02-16,S2,P17,1,9
2026-02-17,S2,P17,1,8
2026-02-18,S2,P17,0,8
2026-02-19,S2,P17,1,7
2026-02-20,S2,P17,1,6
2026-02-21,S2,P17,1,5
2026-02-22,S2,P17,1,4
2026-02-23,S2,P17,0,4
2026-02-24,S2,P17,4,16
2026-02-25,S2,P17,1,15
2026-02-26,S2,P17,3,12
2026-02-27,S2,P17,2,10
2026-02-28,S2,P17,3,7
2026-03-01,S2,P17,0,7
2026-03-02,S2,P17,1,6
2026-03-03,S2,P17,0,6
2026-03-04,S2,P17,1,5
2026-03-05,S2,P17,0,5
2026-03-06,S2,P17,2,3
2026-03-07,S2,P17,1,13
2026-03-08,S2,P17,3,10
2026-03-09,S2,P17,0,10
2026-03-10,S2,P17,0,10
2026-03-11,S2,P17,0,10
2026-03-12,S2,P17,0,10
2026-03-13,S2,P17,0,10
2026-03-14,S2,P17,2,8
2025-09-01,S2,P18,0,8
2025-09-02,S2,P18,0,8
2025-09-03,S2,P18,1,7
2025-09-04,S2,P18,1,6
2025-09-05,S2,P18,0,6
2025-09-06,S2,P18,0,6
2025-09-07,S2,P18,2,4
2025-09-08,S2,P18,0,4
2025-09-09,S2,P18,1,3
2025-09-10,S2,P18,0,3
2025-09-11,S2,P18,1,12
2025-09-12,S2,P18,0,12
2025-09-13,S2,P18,1,11
2025-09-14,S2,P18,1,10
2025-09-15,S2,P18,0,10
2025-09-16,S2,P18,0,10
2025-09-17,S2,P18,1,9
2025-09-18,S2,P18,0,9
2025-09-19,S2,P18,0,9
2025-09-20,S2,P18,1,8
2025-09-21,S2,P18,0,8
2025-09-22,S2,P18,0,8
2025-09-23,S2,P18,2,6
2025-09-24,S2,P18,0,6
2025-09-25,S2,P18,0,6
2025-09-26,S2,P18,0,6
2025-09-27,S2,P18,2,4
2025-09-28,S2,P18,0,4
2025-09-29,S2,P18,0,4
2025-09-30,S2,P18,0,4
2025-10-01,S2,P18,1,3
2025-10-02,S2,P18,0,3
2025-10-03,S2,P18,0,3
2025-10-04,S2,P18,0,3
2025-10-05,S2,P18,0,3
2025-10-06,S2,P18,1,12
2025-10-07,S2,P18,0,12
2025-10-08,S2,P18,0,12
2025-10-09,S2,P18,0,12
2025-10-10,S2,P18,0,12
2025-10-11,S2,P18,0,12
2025-10-12,S2,P18,1,11
2025-10-13,S2,P18,1,10
2025-10-14,S2,P18,0,10
2025-10-15,S2,P18,0,10
2025-10-16,S2,P18,1,9
2025-10-17,S2,P18,0,9
2025-10-18,S2,P18,0,9
2025-10-19,S2,P18,0,9
2025-10-20,S2,P18,0,9
2025-10-21,S2,P18,0,9
2025-10-22,S2,P18,0,9
2025-10-23,S2,P18,1,8
2025-10-24,S2,P18,0,8
2025-10-25,S2,P18,0,8
2025-10-26,S2,P18,1,7
2025-10-27,S2,P18,0,7
2025-10-28,S2,P18,0,7
2025-10-29,S2,P18,0,7
2025-10-30,S2,P18,0,7
2025-10-31,S2,P18,0,7
2025-11-01,S2,P18,0,7
2025-11-02,S2,P18,0,7
2025-11-03,S2,P18,0,7
2025-11-04,S2,P18,0,7
2025-11-05,S2,P18,0,7
2025-11-06,S2,P18,0,7
2025-11-07,S2,P18,0,7
2025-11-08,S2,P18,0,7
2025-11-09,S2,P18,2,5
2025-11-10,S2,P18,0,5
2025-11-11,S2,P18,0,5
2025-11-12,S2,P18,0,5
2025-11-13,S2,P18,0,5
2025-11-14,S2,P18,0,5
2025-11-15,S2,P18,0,5
2025-11-16,S2,P18,0,5
2025-11-17,S2,P18,0,5
2025-11-18,S2,P18,0,5
2025-11-19,S2,P18,0,5
2025-11-20,S2,P18,0,5
2025-11-21,S2,P18,0,5
2025-11-22,S2,P18,0,5
2025-11-23,S2,P18,0,5
2025-11-24,S2,P18,0,5
2025-11-25,S2,P18,0,5
2025-11-26,S2,P18,0,5
2025-11-27,S2,P18,1,4
2025-11-28,S2,P18,0,4
2025-11-29,S2,P18,1,3
2025-11-30,S2,P18,0,3
2025-12-01,S2,P18,0,3
2025-12-02,S2,P18,0,3
2025-12-03,S2,P18,2,11
2025-12-04,S2,P18,1,10
2025-12-05,S2,P18,1,9
2025-12-06,S2,P18,0,9
2025-12-07,S2,P18,0,9
2025-12-08,S2,P18,0,9
2025-12-09,S2,P18,0,9
2025-12-10,S2,P18,0,9
2025-12-11,S2,P18,0,9
2025-12-12,S2,P18,1,8
2025-12-13,S2,P18,0,8
2025-12-14,S2,P18,0,8
2025-12-15,S2,P18,0,8
2025-12-16,S2,P18,2,6
2025-12-17,S2,P18,0,6
2025-12-18,S2,P18,0,6
2025-12-19,S2,P18,1,5
2025-12-20,S2,P18,0,5
2025-12-21,S2,P18,0,5
2025-12-22,S2,P18,1,4
2025-12-23,S2,P18,0,4
2025-12-24,S2,P18,0,4
2025-12-25,S2,P18,0,4
2025-12-26,S2,P18,0,4
2025-12-27,S2,P18,1,3
2025-12-28,S2,P18,0,3
2025-12-29,S2,P18,1,12
2025-12-30,S2,P18,0,12
2025-12-31,S2,P18,0,12
2026-01-01,S2,P18,1,11
2026-01-02,S2,P18,1,10
2026-01-03,S2,P18,0,10
2026-01-04,S2,P18,0,10
2026-01-05,S2,P18,0,10
2026-01-06,S2,P18,0,10
2026-01-07,S2,P18,1,9
2026-01-08,S2,P18,1,8
2026-01-09,S2,P18,1,7
2026-01-10,S2,P18,0,7
2026-01-11,S2,P18,1,6
2026-01-12,S2,P18,0,6
2026-01-13,S2,P18,0,6
2026-01-14,S2,P18,0,6
2026-01-15,S2,P18,1,5
2026-01-16,S2,P18,4,11
2026-01-17,S2,P18,1,10
2026-01-18,S2,P18,0,10
2026-01-19,S2,P18,0,10
2026-01-20,S2,P18,0,10
2026-01-21,S2,P18,0,10
2026-01-22,S2,P18,0,10
2026-01-23,S2,P18,0,10
2026-01-24,S2,P18,1,9
2026-01-25,S2,P18,0,9
2026-01-26,S2,P18,0,9
2026-01-27,S2,P18,0,9
2026-01-28,S2,P18,0,9
2026-01-29,S2,P18,0,9
2026-01-30,S2,P18,0,9
2026-01-31,S2,P18,0,9
2026-02-01,S2,P18,0,9
2026-02-02,S2,P18,0,9
2026-02-03,S2,P18,0,9
2026-02-04,S2,P18,1,8
2026-02-05,S2,P18,0,8
2026-02-06,S2,P18,0,8
2026-02-07,S2,P18,0,8
2026-02-08,S2,P18,0,8
2026-02-09,S2,P18,1,7
2026-02-10,S2,P18,0,7
2026-02-11,S2,P18,1,6
2026-02-12,S2,P18,0,6
2026-02-13,S2,P18,0,6
2026-02-14,S2,P18,0,6
2026-02-15,S2,P18,0,6
2026-02-16,S2,P18,0,6
2026-02-17,S2,P18,0,6
2026-02-18,S2,P18,0,6
2026-02-19,S2,P18,0,6
2026-02-20,S2,P18,2,4
2026-02-21,S2,P18,1,3
2026-02-22,S2,P18,0,3
2026-02-23,S2,P18,0,3
2026-02-24,S2,P18,0,3
2026-02-25,S2,P18,0,3
2026-02-26,S2,P18,1,12
2026-02-27,S2,P18,0,12
2026-02-28,S2,P18,0,12
2026-03-01,S2,P18,0,12
2026-03-02,S2,P18,0,12
2026-03-03,S2,P18,1,11
2026-03-04,S2,P18,0,11
2026-03-05,S2,P18,0,11
2026-03-06,S2,P18,1,10
2026-03-07,S2,P18,0,10
2026-03-08,S2,P18,1,9
2026-03-09,S2,P18,0,9
2026-03-10,S2,P18,1,8
2026-03-11,S2,P18,2,6
2026-03-12,S2,P18,0,6
2026-03-13,S2,P18,1,5
2026-03-14,S2,P18,0,5
2025-09-01,S2,P19,5,89
2025-09-02,S2,P19,4,85
2025-09-03,S2,P19,3,82
2025-09-04,S2,P19,4,78
2025-09-05,S2,P19,5,73
2025-09-06,S2,P19,2,71
2025-09-07,S2,P19,5,66
2025-09-08,S2,P19,6,60
2025-09-09,S2,P19,4,56
2025-09-10,S2,P19,10,46
2025-09-11,S2,P19,5,41
2025-09-12,S2,P19,5,36
2025-09-13,S2,P19,3,33
2025-09-14,S2,P19,8,25
2025-09-15,S2,P19,5,20
2025-09-16,S2,P19,6,63
2025-09-17,S2,P19,7,56
2025-09-18,S2,P19,6,50
2025-09-19,S2,P19,8,42
2025-09-20,S2,P19,7,35
2025-09-21,S2,P19,5,30
2025-09-22,S2,P19,4,26
2025-09-23,S2,P19,9,17
2025-09-24,S2,P19,7,82
2025-09-25,S2,P19,7,75
2025-09-26,S2,P19,8,67
2025-09-27,S2,P19,4,63
2025-09-28,S2,P19,7,56
2025-09-29,S2,P19,5,51
2025-09-30,S2,P19,7,44
2025-10-01,S2,P19,3,41
2025-10-02,S2,P19,7,34
2025-10-03,S2,P19,7,27
2025-10-04,S2,P19,3,24
2025-10-05,S2,P19,7,17
2025-10-06,S2,P19,3,67
2025-10-07,S2,P19,5,62
2025-10-08,S2,P19,3,59
2025-10-09,S2,P19,3,56
2025-10-10,S2,P19,5,51
2025-10-11,S2,P19,7,44
2025-10-12,S2,P19,3,41
2025-10-13,S2,P19,6,35
2025-10-14,S2,P19,6,29
2025-10-15,S2,P19,2,27
2025-10-16,S2,P19,4,23
2025-10-17,S2,P19,4,19
2025-10-18,S2,P19,1,18
2025-10-19,S2,P19,4,81
2025-10-20,S2,P19,3,78
2025-10-21,S2,P19,10,68
2025-10-22,S2,P19,3,65
2025-10-23,S2,P19,4,61
2025-10-24,S2,P19,6,55
2025-10-25,S2,P19,7,48
2025-10-26,S2,P19,11,37
2025-10-27,S2,P19,1,36
2025-10-28,S2,P19,7,29
2025-10-29,S2,P19,6,23
2025-10-30,S2,P19,8,15
2025-10-31,S2,P19,4,64
2025-11-01,S2,P19,5,59
2025-11-02,S2,P19,5,54
2025-11-03,S2,P19,1,53
2025-11-04,S2,P19,3,50
2025-11-05,S2,P19,4,46
2025-11-06,S2,P19,7,39
2025-11-07,S2,P19,5,34
2025-11-08,S2,P19,6,28
2025-11-09,S2,P19,3,25
2025-11-10,S2,P19,4,21
2025-11-11,S2,P19,7,75
2025-11-12,S2,P19,4,71
2025-11-13,S2,P19,6,65
2025-11-14,S2,P19,5,60
2025-11-15,S2,P19,2,58
2025-11-16,S2,P19,4,54
2025-11-17,S2,P19,2,52
2025-11-18,S2,P19,1,51
2025-11-19,S2,P19,6,45
2025-11-20,S2,P19,5,40
2025-11-21,S2,P19,8,32
2025-11-22,S2,P19,5,27
2025-11-23,S2,P19,4,23
2025-11-24,S2,P19,3,20
2025-11-25,S2,P19,6,105
2025-11-26,S2,P19,2,103
2025-11-27,S2,P19,8,95
2025-11-28,S2,P19,3,92
2025-11-29,S2,P19,9,83
2025-11-30,S2,P19,4,79
2025-12-01,S2,P19,5,74
2025-12-02,S2,P19,6,68
2025-12-03,S2,P19,4,64
2025-12-04,S2,P19,4,60
2025-12-05,S2,P19,3,57
2025-12-06,S2,P19,5,52
2025-12-07,S2,P19,3,49
2025-12-08,S2,P19,4,45
2025-12-09,S2,P19,5,40
2025-12-10,S2,P19,4,36
2025-12-11,S2,P19,4,32
2025-12-12,S2,P19,6,26
2025-12-13,S2,P19,6,20
2025-12-14,S2,P19,4,16
2025-12-15,S2,P19,4,83
2025-12-16,S2,P19,4,79
2025-12-17,S2,P19,2,77
2025-12-18,S2,P19,4,73
2025-12-19,S2,P19,1,72
2025-12-20,S2,P19,8,64
2025-12-21,S2,P19,5,59
2025-12-22,S2,P19,8,51
2025-12-23,S2,P19,2,49
2025-12-24,S2,P19,3,46
2025-12-25,S2,P19,9,37
2025-12-26,S2,P19,7,30
2025-12-27,S2,P19,4,26
2025-12-28,S2,P19,7,19
2025-12-29,S2,P19,4,15
2025-12-30,S2,P19,6,89
2025-12-31,S2,P19,8,81
2026-01-01,S2,P19,7,74
2026-01-02,S2,P19,8,66
2026-01-03,S2,P19,7,59
2026-01-04,S2,P19,1,58
2026-01-05,S2,P19,3,55
2026-01-06,S2,P19,4,51
2026-01-07,S2,P19,4,47
2026-01-08,S2,P19,3,44
2026-01-09,S2,P19,8,36
2026-01-10,S2,P19,5,31
2026-01-11,S2,P19,2,29
2026-01-12,S2,P19,5,24
2026-01-13,S2,P19,5,19
2026-01-14,S2,P19,6,63
2026-01-15,S2,P19,2,61
2026-01-16,S2,P19,6,55
2026-01-17,S2,P19,10,45
2026-01-18,S2,P19,2,43
2026-01-19,S2,P19,5,38
2026-01-20,S2,P19,5,33
2026-01-21,S2,P19,6,27
2026-01-22,S2,P19,4,23
2026-01-23,S2,P19,3,20
2026-01-24,S2,P19,7,101
2026-01-25,S2,P19,10,91
2026-01-26,S2,P19,3,88
2026-01-27,S2,P19,7,81
2026-01-28,S2,P19,8,73
2026-01-29,S2,P19,3,70
2026-01-30,S2,P19,4,66
2026-01-31,S2,P19,9,57
2026-02-01,S2,P19,2,55
2026-02-02,S2,P19,7,48
2026-02-03,S2,P19,3,45
2026-02-04,S2,P19,3,42
2026-02-05,S2,P19,5,37
2026-02-06,S2,P19,5,32
2026-02-07,S2,P19,10,22
2026-02-08,S2,P19,7,15
2026-02-09,S2,P19,6,89
2026-02-10,S2,P19,5,84
2026-02-11,S2,P19,11,73
2026-02-12,S2,P19,4,69
2026-02-13,S2,P19,4,65
2026-02-14,S2,P19,3,62
2026-02-15,S2,P19,4,58
2026-02-16,S2,P19,7,51
2026-02-17,S2,P19,7,44
2026-02-18,S2,P19,4,40
2026-02-19,S2,P19,6,34
2026-02-20,S2,P19,6,28
2026-02-21,S2,P19,6,22
2026-02-22,S2,P19,5,17
2026-02-23,S2,P19,7,58
2026-02-24,S2,P19,7,51
2026-02-25,S2,P19,3,48
2026-02-26,S2,P19,6,42
2026-02-27,S2,P19,8,34
2026-02-28,S2,P19,4,30
2026-03-01,S2,P19,5,25
2026-03-02,S2,P19,4,21
2026-03-03,S2,P19,2,19
2026-03-04,S2,P19,6,85
2026-03-05,S2,P19,4,81
2026-03-06,S2,P19,6,75
2026-03-07,S2,P19,5,70
2026-03-08,S2,P19,3,67
2026-03-09,S2,P19,5,62
2026-03-10,S2,P19,3,59
2026-03-11,S2,P19,5,54
2026-03-12,S2,P19,3,51
2026-03-13,S2,P19,5,46
2026-03-14,S2,P19,6,40
2025-09-01,S2,P20,4,59
2025-09-02,S2,P20,5,54
2025-09-03,S2,P20,2,52
2025-09-04,S2,P20,4,48
2025-09-05,S2,P20,5,43
2025-09-06,S2,P20,2,41
2025-09-07,S2,P20,4,37
2025-09-08,S2,P20,10,27
2025-09-09,S2,P20,10,17
2025-09-10,S2,P20,1,16
2025-09-11,S2,P20,5,11
2025-09-12,S2,P20,9,33
2025-09-13,S2,P20,5,28
2025-09-14,S2,P20,4,24
2025-09-15,S2,P20,6,18
2025-09-16,S2,P20,4,14
2025-09-17,S2,P20,4,10
2025-09-18,S2,P20,5,56
2025-09-19,S2,P20,4,52
2025-09-20,S2,P20,5,47
2025-09-21,S2,P20,2,45
2025-09-22,S2,P20,6,39
2025-09-23,S2,P20,4,35
2025-09-24,S2,P20,5,30
2025-09-25,S2,P20,4,26
2025-09-26,S2,P20,5,21
2025-09-27,S2,P20,5,16
2025-09-28,S2,P20,1,15
2025-09-29,S2,P20,2,13
2025-09-30,S2,P20,3,10
2025-10-01,S2,P20,1,49
2025-10-02,S2,P20,4,45
2025-10-03,S2,P20,2,43
2025-10-04,S2,P20,0,43
2025-10-05,S2,P20,4,39
2025-10-06,S2,P20,2,37
2025-10-07,S2,P20,3,34
2025-10-08,S2,P20,3,31
2025-10-09,S2,P20,4,27
2025-10-10,S2,P20,2,25
2025-10-11,S2,P20,4,21
2025-10-12,S2,P20,1,20
2025-10-13,S2,P20,2,18
2025-10-14,S2,P20,4,14
2025-10-15,S2,P20,3,11
2025-10-16,S2,P20,3,45
2025-10-17,S2,P20,5,40
2025-10-18,S2,P20,4,36
2025-10-19,S2,P20,6,30
2025-10-20,S2,P20,6,24
2025-10-21,S2,P20,3,21
2025-10-22,S2,P20,6,15
2025-10-23,S2,P20,3,12
2025-10-24,S2,P20,6,62
2025-10-25,S2,P20,2,60
2025-10-26,S2,P20,2,58
2025-10-27,S2,P20,1,57
2025-10-28,S2,P20,4,53
2025-10-29,S2,P20,4,49
2025-10-30,S2,P20,4,45
2025-10-31,S2,P20,5,40
2025-11-01,S2,P20,6,34
2025-11-02,S2,P20,5,29
2025-11-03,S2,P20,6,23
2025-11-04,S2,P20,7,16
2025-11-05,S2,P20,6,10
2025-11-06,S2,P20,3,44
2025-11-07,S2,P20,7,37
2025-11-08,S2,P20,4,33
2025-11-09,S2,P20,1,32
2025-11-10,S2,P20,3,29
2025-11-11,S2,P20,3,26
2025-11-12,S2,P20,1,25
2025-11-13,S2,P20,5,20
2025-11-14,S2,P20,5,15
2025-11-15,S2,P20,2,13
2025-11-16,S2,P20,3,10
2025-11-17,S2,P20,9,60
2025-11-18,S2,P20,3,57
2025-11-19,S2,P20,4,53
2025-11-20,S2,P20,4,49
2025-11-21,S2,P20,5,44
2025-11-22,S2,P20,3,41
2025-11-23,S2,P20,5,36
2025-11-24,S2,P20,4,32
2025-11-25,S2,P20,3,29
2025-11-26,S2,P20,3,26
2025-11-27,S2,P20,4,22
2025-11-28,S2,P20,1,21
2025-11-29,S2,P20,6,15
2025-11-30,S2,P20,2,13
2025-12-01,S2,P20,6,58
2025-12-02,S2,P20,3,55
2025-12-03,S2,P20,5,50
2025-12-04,S2,P20,7,43
2025-12-05,S2,P20,6,37
2025-12-06,S2,P20,6,31
2025-12-07,S2,P20,2,29
2025-12-08,S2,P20,2,27
2025-12-09,S2,P20,4,23
2025-12-10,S2,P20,3,20
2025-12-11,S2,P20,1,19
2025-12-12,S2,P20,3,16
2025-12-13,S2,P20,6,10
2025-12-14,S2,P20,3,63
2025-12-15,S2,P20,4,59
2025-12-16,S2,P20,4,55
2025-12-17,S2,P20,4,51
2025-12-18,S2,P20,3,48
2025-12-19,S2,P20,7,41
2025-12-20,S2,P20,7,34
2025-12-21,S2,P20,2,32
2025-12-22,S2,P20,3,29
2025-12-23,S2,P20,4,25
2025-12-24,S2,P20,4,21
2025-12-25,S2,P20,4,17
2025-12-26,S2,P20,3,14
2025-12-27,S2,P20,4,10
2025-12-28,S2,P20,5,36
2025-12-29,S2,P20,6,30
2025-12-30,S2,P20,4,26
2025-12-31,S2,P20,2,24
2026-01-01,S2,P20,3,21
2026-01-02,S2,P20,3,18
2026-01-03,S2,P20,4,14
2026-01-04,S2,P20,3,11
2026-01-05,S2,P20,2,51
2026-01-06,S2,P20,3,48
2026-01-07,S2,P20,5,43
2026-01-08,S2,P20,0,43
2026-01-09,S2,P20,3,40
2026-01-10,S2,P20,4,36
2026-01-11,S2,P20,4,32
2026-01-12,S2,P20,0,32
2026-01-13,S2,P20,5,27
2026-01-14,S2,P20,5,22
2026-01-15,S2,P20,1,21
2026-01-16,S2,P20,3,18
2026-01-17,S2,P20,5,13
2026-01-18,S2,P20,5,41
2026-01-19,S2,P20,7,34
2026-01-20,S2,P20,4,30
2026-01-21,S2,P20,6,24
2026-01-22,S2,P20,2,22
2026-01-23,S2,P20,5,17
2026-01-24,S2,P20,6,11
2026-01-25,S2,P20,4,58
2026-01-26,S2,P20,4,54
2026-01-27,S2,P20,5,49
2026-01-28,S2,P20,4,45
2026-01-29,S2,P20,0,45
2026-01-30,S2,P20,3,42
2026-01-31,S2,P20,5,37
2026-02-01,S2,P20,5,32
2026-02-02,S2,P20,4,28
2026-02-03,S2,P20,4,24
2026-02-04,S2,P20,5,19
2026-02-05,S2,P20,4,15
2026-02-06,S2,P20,1,14
2026-02-07,S2,P20,5,41
2026-02-08,S2,P20,4,37
2026-02-09,S2,P20,2,35
2026-02-10,S2,P20,5,30
2026-02-11,S2,P20,1,29
2026-02-12,S2,P20,3,26
2026-02-13,S2,P20,4,22
2026-02-14,S2,P20,6,16
2026-02-15,S2,P20,3,13
2026-02-16,S2,P20,4,55
2026-02-17,S2,P20,3,52
2026-02-18,S2,P20,1,51
2026-02-19,S2,P20,5,46
2026-02-20,S2,P20,5,41
2026-02-21,S2,P20,3,38
2026-02-22,S2,P20,4,34
2026-02-23,S2,P20,6,28
2026-02-24,S2,P20,2,26
2026-02-25,S2,P20,0,26
2026-02-26,S2,P20,3,23
2026-02-27,S2,P20,1,22
2026-02-28,S2,P20,7,15
2026-03-01,S2,P20,4,11
2026-03-02,S2,P20,0,11
2026-03-03,S2,P20,6,63
2026-03-04,S2,P20,1,62
2026-03-05,S2,P20,4,58
2026-03-06,S2,P20,4,54
2026-03-07,S2,P20,4,50
2026-03-08,S2,P20,4,46
2026-03-09,S2,P20,1,45
2026-03-10,S2,P20,6,39
2026-03-11,S2,P20,3,36
2026-03-12,S2,P20,5,31
2026-03-13,S2,P20,5,26
2026-03-14,S2,P20,3,23
2025-09-01,S3,P1,5,64
2025-09-02,S3,P1,2,62
2025-09-03,S3,P1,9,53
2025-09-04,S3,P1,5,48
2025-09-05,S3,P1,7,41
2025-09-06,S3,P1,6,35
2025-09-07,S3,P1,6,29
2025-09-08,S3,P1,3,26
2025-09-09,S3,P1,5,21
2025-09-10,S3,P1,13,82
2025-09-11,S3,P1,0,82
2025-09-12,S3,P1,11,71
2025-09-13,S3,P1,2,69
2025-09-14,S3,P1,3,66
2025-09-15,S3,P1,1,65
2025-09-16,S3,P1,4,61
2025-09-17,S3,P1,4,57
2025-09-18,S3,P1,9,48
2025-09-19,S3,P1,5,43
2025-09-20,S3,P1,3,40
2025-09-21,S3,P1,3,37
2025-09-22,S3,P1,4,33
2025-09-23,S3,P1,7,26
2025-09-24,S3,P1,3,23
2025-09-25,S3,P1,3,20
2025-09-26,S3,P1,9,93
2025-09-27,S3,P1,7,86
2025-09-28,S3,P1,2,84
2025-09-29,S3,P1,5,79
2025-09-30,S3,P1,5,74
2025-10-01,S3,P1,3,71
2025-10-02,S3,P1,3,68
2025-10-03,S3,P1,3,65
2025-10-04,S3,P1,4,61
2025-10-05,S3,P1,8,53
2025-10-06,S3,P1,5,48
2025-10-07,S3,P1,6,42
2025-10-08,S3,P1,8,34
2025-10-09,S3,P1,6,28
2025-10-10,S3,P1,2,26
2025-10-11,S3,P1,5,21
2025-10-12,S3,P1,1,20
2025-10-13,S3,P1,4,16
2025-10-14,S3,P1,7,53
2025-10-15,S3,P1,3,50
2025-10-16,S3,P1,5,45
2025-10-17,S3,P1,11,34
2025-10-18,S3,P1,0,34
2025-10-19,S3,P1,3,31
2025-10-20,S3,P1,6,25
2025-10-21,S3,P1,6,19
2025-10-22,S3,P1,7,96
2025-10-23,S3,P1,6,90
2025-10-24,S3,P1,3,87
2025-10-25,S3,P1,3,84
2025-10-26,S3,P1,6,78
2025-10-27,S3,P1,6,72
2025-10-28,S3,P1,2,70
2025-10-29,S3,P1,2,68
2025-10-30,S3,P1,5,63
2025-10-31,S3,P1,13,50
2025-11-01,S3,P1,6,44
2025-11-02,S3,P1,6,38
2025-11-03,S3,P1,4,34
2025-11-04,S3,P1,5,29
2025-11-05,S3,P1,5,24
2025-11-06,S3,P1,4,20
2025-11-07,S3,P1,6,14
2025-11-08,S3,P1,2,73
2025-11-09,S3,P1,4,69
2025-11-10,S3,P1,6,63
2025-11-11,S3,P1,6,57
2025-11-12,S3,P1,1,56
2025-11-13,S3,P1,3,53
2025-11-14,S3,P1,3,50
2025-11-15,S3,P1,9,41
2025-11-16,S3,P1,6,35
2025-11-17,S3,P1,6,29
2025-11-18,S3,P1,3,26
2025-11-19,S3,P1,6,20
2025-11-20,S3,P1,5,15
2025-11-21,S3,P1,4,62
2025-11-22,S3,P1,10,52
2025-11-23,S3,P1,1,51
2025-11-24,S3,P1,7,44
2025-11-25,S3,P1,2,42
2025-11-26,S3,P1,5,37
2025-11-27,S3,P1,9,28
2025-11-28,S3,P1,4,24
2025-11-29,S3,P1,4,20
2025-11-30,S3,P1,4,16
2025-12-01,S3,P1,6,86
2025-12-02,S3,P1,2,84
2025-12-03,S3,P1,8,76
2025-12-04,S3,P1,2,74
2025-12-05,S3,P1,4,70
2025-12-06,S3,P1,2,68
2025-12-07,S3,P1,2,66
2025-12-08,S3,P1,3,63
2025-12-09,S3,P1,4,59
2025-12-10,S3,P1,3,56
2025-12-11,S3,P1,6,50
2025-12-12,S3,P1,4,46
2025-12-13,S3,P1,8,38
2025-12-14,S3,P1,11,27
2025-12-15,S3,P1,3,24
2025-12-16,S3,P1,5,19
2025-12-17,S3,P1,2,17
2025-12-18,S3,P1,6,78
2025-12-19,S3,P1,8,70
2025-12-20,S3,P1,6,64
2025-12-21,S3,P1,3,61
2025-12-22,S3,P1,4,57
2025-12-23,S3,P1,7,50
2025-12-24,S3,P1,5,45
2025-12-25,S3,P1,7,38
2025-12-26,S3,P1,9,29
2025-12-27,S3,P1,4,25
2025-12-28,S3,P1,2,23
2025-12-29,S3,P1,4,19
2025-12-30,S3,P1,3,16
2025-12-31,S3,P1,6,66
2026-01-01,S3,P1,7,59
2026-01-02,S3,P1,9,50
2026-01-03,S3,P1,5,45
2026-01-04,S3,P1,7,38
2026-01-05,S3,P1,4,34
2026-01-06,S3,P1,10,24
2026-01-07,S3,P1,3,21
2026-01-08,S3,P1,4,17
2026-01-09,S3,P1,4,73
2026-01-10,S3,P1,7,66
2026-01-11,S3,P1,4,62
2026-01-12,S3,P1,6,56
2026-01-13,S3,P1,11,45
2026-01-14,S3,P1,5,40
2026-01-15,S3,P1,8,32
2026-01-16,S3,P1,8,24
2026-01-17,S3,P1,3,21
2026-01-18,S3,P1,5,16
2026-01-19,S3,P1,7,86
2026-01-20,S3,P1,7,79
2026-01-21,S3,P1,6,73
2026-01-22,S3,P1,2,71
2026-01-23,S3,P1,5,66
2026-01-24,S3,P1,3,63
2026-01-25,S3,P1,3,60
2026-01-26,S3,P1,7,53
2026-01-27,S3,P1,5,48
2026-01-28,S3,P1,5,43
2026-01-29,S3,P1,6,37
2026-01-30,S3,P1,13,24
2026-01-31,S3,P1,7,17
2026-02-01,S3,P1,6,69
2026-02-02,S3,P1,6,63
2026-02-03,S3,P1,3,60
2026-02-04,S3,P1,3,57
2026-02-05,S3,P1,5,52
2026-02-06,S3,P1,4,48
2026-02-07,S3,P1,7,41
2026-02-08,S3,P1,8,33
2026-02-09,S3,P1,5,28
2026-02-10,S3,P1,2,26
2026-02-11,S3,P1,7,19
2026-02-12,S3,P1,5,14
2026-02-13,S3,P1,10,44
2026-02-14,S3,P1,8,36
2026-02-15,S3,P1,2,34
2026-02-16,S3,P1,7,27
2026-02-17,S3,P1,5,22
2026-02-18,S3,P1,6,16
2026-02-19,S3,P1,9,60
2026-02-20,S3,P1,7,53
2026-02-21,S3,P1,8,45
2026-02-22,S3,P1,7,38
2026-02-23,S3,P1,5,33
2026-02-24,S3,P1,3,30
2026-02-25,S3,P1,7,23
2026-02-26,S3,P1,3,20
2026-02-27,S3,P1,15,66
2026-02-28,S3,P1,6,60
2026-03-01,S3,P1,5,55
2026-03-02,S3,P1,2,53
2026-03-03,S3,P1,4,49
2026-03-04,S3,P1,4,45
2026-03-05,S3,P1,1,44
2026-03-06,S3,P1,4,40
2026-03-07,S3,P1,7,33
2026-03-08,S3,P1,6,27
2026-03-09,S3,P1,4,23
2026-03-10,S3,P1,5,18
2026-03-11,S3,P1,6,68
2026-03-12,S3,P1,2,66
2026-03-13,S3,P1,4,62
2026-03-14,S3,P1,6,56
2025-09-01,S3,P2,0,10
2025-09-02,S3,P2,1,9
2025-09-03,S3,P2,1,8
2025-09-04,S3,P2,0,8
2025-09-05,S3,P2,0,8
2025-09-06,S3,P2,1,7
2025-09-07,S3,P2,1,6
2025-09-08,S3,P2,0,6
2025-09-09,S3,P2,2,4
2025-09-10,S3,P2,0,4
2025-09-11,S3,P2,0,4
2025-09-12,S3,P2,3,12
2025-09-13,S3,P2,1,11
2025-09-14,S3,P2,1,10
2025-09-15,S3,P2,0,10
2025-09-16,S3,P2,0,10
2025-09-17,S3,P2,0,10
2025-09-18,S3,P2,0,10
2025-09-19,S3,P2,0,10
2025-09-20,S3,P2,2,8
2025-09-21,S3,P2,0,8
2025-09-22,S3,P2,1,7
2025-09-23,S3,P2,0,7
2025-09-24,S3,P2,0,7
2025-09-25,S3,P2,0,7
2025-09-26,S3,P2,0,7
2025-09-27,S3,P2,0,7
2025-09-28,S3,P2,1,6
2025-09-29,S3,P2,1,5
2025-09-30,S3,P2,2,3
2025-10-01,S3,P2,1,13
2025-10-02,S3,P2,0,13
2025-10-03,S3,P2,1,12
2025-10-04,S3,P2,0,12
2025-10-05,S3,P2,2,10
2025-10-06,S3,P2,1,9
2025-10-07,S3,P2,1,8
2025-10-08,S3,P2,2,6
2025-10-09,S3,P2,0,6
2025-10-10,S3,P2,0,6
2025-10-11,S3,P2,2,4
2025-10-12,S3,P2,0,4
2025-10-13,S3,P2,1,3
2025-10-14,S3,P2,0,3
2025-10-15,S3,P2,1,12
2025-10-16,S3,P2,1,11
2025-10-17,S3,P2,1,10
2025-10-18,S3,P2,1,9
2025-10-19,S3,P2,1,8
2025-10-20,S3,P2,1,7
2025-10-21,S3,P2,2,5
2025-10-22,S3,P2,0,5
2025-10-23,S3,P2,0,5
2025-10-24,S3,P2,1,4
2025-10-25,S3,P2,0,4
2025-10-26,S3,P2,0,4
2025-10-27,S3,P2,0,4
2025-10-28,S3,P2,0,4
2025-10-29,S3,P2,1,3
2025-10-30,S3,P2,2,15
2025-10-31,S3,P2,0,15
2025-11-01,S3,P2,3,12
2025-11-02,S3,P2,0,12
2025-11-03,S3,P2,1,11
2025-11-04,S3,P2,5,6
2025-11-05,S3,P2,0,6
2025-11-06,S3,P2,1,5
2025-11-07,S3,P2,0,5
2025-11-08,S3,P2,0,5
2025-11-09,S3,P2,0,5
2025-11-10,S3,P2,0,5
2025-11-11,S3,P2,1,4
2025-11-12,S3,P2,1,3
2025-11-13,S3,P2,0,3
2025-11-14,S3,P2,1,12
2025-11-15,S3,P2,2,10
2025-11-16,S3,P2,0,10
2025-11-17,S3,P2,0,10
2025-11-18,S3,P2,2,8
2025-11-19,S3,P2,2,6
2025-11-20,S3,P2,1,5
2025-11-21,S3,P2,3,13
2025-11-22,S3,P2,0,13
2025-11-23,S3,P2,2,11
2025-11-24,S3,P2,0,11
2025-11-25,S3,P2,2,9
2025-11-26,S3,P2,2,7
2025-11-27,S3,P2,2,5
2025-11-28,S3,P2,0,5
2025-11-29,S3,P2,0,5
2025-11-30,S3,P2,0,5
2025-12-01,S3,P2,0,5
2025-12-02,S3,P2,1,4
2025-12-03,S3,P2,1,3
2025-12-04,S3,P2,0,3
2025-12-05,S3,P2,0,3
2025-12-06,S3,P2,0,3
2025-12-07,S3,P2,0,3
2025-12-08,S3,P2,1,14
2025-12-09,S3,P2,0,14
2025-12-10,S3,P2,2,12
2025-12-11,S3,P2,0,12
2025-12-12,S3,P2,0,12
2025-12-13,S3,P2,1,11
2025-12-14,S3,P2,2,9
2025-12-15,S3,P2,0,9
2025-12-16,S3,P2,2,7
2025-12-17,S3,P2,0,7
2025-12-18,S3,P2,1,6
2025-12-19,S3,P2,1,5
2025-12-20,S3,P2,0,5
2025-12-21,S3,P2,0,5
2025-12-22,S3,P2,0,5
2025-12-23,S3,P2,0,5
2025-12-24,S3,P2,2,3
2025-12-25,S3,P2,1,14
2025-12-26,S3,P2,1,13
2025-12-27,S3,P2,2,11
2025-12-28,S3,P2,2,9
2025-12-29,S3,P2,2,7
2025-12-30,S3,P2,2,5
2025-12-31,S3,P2,1,4
2026-01-01,S3,P2,1,3
2026-01-02,S3,P2,0,3
2026-01-03,S3,P2,1,12
2026-01-04,S3,P2,0,12
2026-01-05,S3,P2,1,11
2026-01-06,S3,P2,0,11
2026-01-07,S3,P2,0,11
2026-01-08,S3,P2,3,8
2026-01-09,S3,P2,1,7
2026-01-10,S3,P2,1,6
2026-01-11,S3,P2,2,4
2026-01-12,S3,P2,1,3
2026-01-13,S3,P2,1,12
2026-01-14,S3,P2,3,9
2026-01-15,S3,P2,1,8
2026-01-16,S3,P2,4,4
2026-01-17,S3,P2,0,4
2026-01-18,S3,P2,2,12
2026-01-19,S3,P2,1,11
2026-01-20,S3,P2,0,11
2026-01-21,S3,P2,0,11
2026-01-22,S3,P2,1,10
2026-01-23,S3,P2,2,8
2026-01-24,S3,P2,0,8
2026-01-25,S3,P2,0,8
2026-01-26,S3,P2,0,8
2026-01-27,S3,P2,0,8
2026-01-28,S3,P2,0,8
2026-01-29,S3,P2,0,8
2026-01-30,S3,P2,0,8
2026-01-31,S3,P2,1,7
2026-02-01,S3,P2,2,5
2026-02-02,S3,P2,2,3
2026-02-03,S3,P2,1,13
2026-02-04,S3,P2,2,11
2026-02-05,S3,P2,0,11
2026-02-06,S3,P2,1,10
2026-02-07,S3,P2,2,8
2026-02-08,S3,P2,0,8
2026-02-09,S3,P2,2,6
2026-02-10,S3,P2,1,5
2026-02-11,S3,P2,1,4
2026-02-12,S3,P2,2,14
2026-02-13,S3,P2,0,14
2026-02-14,S3,P2,3,11
2026-02-15,S3,P2,1,10
2026-02-16,S3,P2,0,10
2026-02-17,S3,P2,1,9
2026-02-18,S3,P2,1,8
2026-02-19,S3,P2,0,8
2026-02-20,S3,P2,2,6
2026-02-21,S3,P2,3,3
2026-02-22,S3,P2,3,10
2026-02-23,S3,P2,0,10
2026-02-24,S3,P2,0,10
2026-02-25,S3,P2,2,8
2026-02-26,S3,P2,0,8
2026-02-27,S3,P2,1,7
2026-02-28,S3,P2,1,6
2026-03-01,S3,P2,3,3
2026-03-02,S3,P2,2,14
2026-03-03,S3,P2,2,12
2026-03-04,S3,P2,0,12
2026-03-05,S3,P2,0,12
2026-03-06,S3,P2,3,9
2026-03-07,S3,P2,0,9
2026-03-08,S3,P2,0,9
2026-03-09,S3,P2,0,9
2026-03-10,S3,P2,0,9
2026-03-11,S3,P2,0,9
2026-03-12,S3,P2,0,9
2026-03-13,S3,P2,1,8
2026-03-14,S3,P2,4,4
2025-09-01,S3,P3,3,35
2025-09-02,S3,P3,6,29
2025-09-03,S3,P3,3,26
2025-09-04,S3,P3,5,21
2025-09-05,S3,P3,3,18
2025-09-06,S3,P3,3,15
2025-09-07,S3,P3,5,10
2025-09-08,S3,P3,1,9
2025-09-09,S3,P3,5,47
2025-09-10,S3,P3,5,42
2025-09-11,S3,P3,4,38
2025-09-12,S3,P3,4,34
2025-09-13,S3,P3,7,27
2025-09-14,S3,P3,0,27
2025-09-15,S3,P3,1,26
2025-09-16,S3,P3,2,24
2025-09-17,S3,P3,2,22
2025-09-18,S3,P3,5,17
2025-09-19,S3,P3,7,10
2025-09-20,S3,P3,5,49
2025-09-21,S3,P3,6,43
2025-09-22,S3,P3,3,40
2025-09-23,S3,P3,2,38
2025-09-24,S3,P3,3,35
2025-09-25,S3,P3,0,35
2025-09-26,S3,P3,3,32
2025-09-27,S3,P3,0,32
2025-09-28,S3,P3,4,28
2025-09-29,S3,P3,0,28
2025-09-30,S3,P3,4,24
2025-10-01,S3,P3,5,19
2025-10-02,S3,P3,0,19
2025-10-03,S3,P3,1,18
2025-10-04,S3,P3,3,15
2025-10-05,S3,P3,0,15
2025-10-06,S3,P3,4,11
2025-10-07,S3,P3,3,8
2025-10-08,S3,P3,6,36
2025-10-09,S3,P3,1,35
2025-10-10,S3,P3,1,34
2025-10-11,S3,P3,2,32
2025-10-12,S3,P3,2,30
2025-10-13,S3,P3,0,30
2025-10-14,S3,P3,2,28
2025-10-15,S3,P3,4,24
2025-10-16,S3,P3,2,22
2025-10-17,S3,P3,3,19
2025-10-18,S3,P3,2,17
2025-10-19,S3,P3,1,16
2025-10-20,S3,P3,2,14
2025-10-21,S3,P3,4,10
2025-10-22,S3,P3,3,41
2025-10-23,S3,P3,0,41
2025-10-24,S3,P3,5,36
2025-10-25,S3,P3,3,33
2025-10-26,S3,P3,1,32
2025-10-27,S3,P3,1,31
2025-10-28,S3,P3,1,30
2025-10-29,S3,P3,3,27
2025-10-30,S3,P3,0,27
2025-10-31,S3,P3,3,24
2025-11-01,S3,P3,5,19
2025-11-02,S3,P3,2,17
2025-11-03,S3,P3,3,14
2025-11-04,S3,P3,3,11
2025-11-05,S3,P3,5,56
2025-11-06,S3,P3,0,56
2025-11-07,S3,P3,6,50
2025-11-08,S3,P3,3,47
2025-11-09,S3,P3,3,44
2025-11-10,S3,P3,0,44
2025-11-11,S3,P3,3,41
2025-11-12,S3,P3,4,37
2025-11-13,S3,P3,3,34
2025-11-14,S3,P3,4,30
2025-11-15,S3,P3,4,26
2025-11-16,S3,P3,8,18
2025-11-17,S3,P3,2,16
2025-11-18,S3,P3,1,15
2025-11-19,S3,P3,3,12
2025-11-20,S3,P3,4,8
2025-11-21,S3,P3,1,34
2025-11-22,S3,P3,2,32
2025-11-23,S3,P3,2,30
2025-11-24,S3,P3,2,28
2025-11-25,S3,P3,0,28
2025-11-26,S3,P3,2,26
2025-11-27,S3,P3,4,22
2025-11-28,S3,P3,4,18
2025-11-29,S3,P3,4,14
2025-11-30,S3,P3,2,12
2025-12-01,S3,P3,1,11
2025-12-02,S3,P3,2,9
2025-12-03,S3,P3,1,8
2025-12-04,S3,P3,1,37
2025-12-05,S3,P3,4,33
2025-12-06,S3,P3,5,28
2025-12-07,S3,P3,4,24
2025-12-08,S3,P3,2,22
2025-12-09,S3,P3,1,21
2025-12-10,S3,P3,3,18
2025-12-11,S3,P3,3,15
2025-12-12,S3,P3,1,14
2025-12-13,S3,P3,1,13
2025-12-14,S3,P3,0,13
2025-12-15,S3,P3,4,9
2025-12-16,S3,P3,1,8
2025-12-17,S3,P3,3,37
2025-12-18,S3,P3,1,36
2025-12-19,S3,P3,3,33
2025-12-20,S3,P3,6,27
2025-12-21,S3,P3,3,24
2025-12-22,S3,P3,1,23
2025-12-23,S3,P3,1,22
2025-12-24,S3,P3,6,16
2025-12-25,S3,P3,3,13
2025-12-26,S3,P3,2,11
2025-12-27,S3,P3,1,10
2025-12-28,S3,P3,4,49
2025-12-29,S3,P3,1,48
2025-12-30,S3,P3,5,43
2025-12-31,S3,P3,0,43
2026-01-01,S3,P3,3,40
2026-01-02,S3,P3,3,37
2026-01-03,S3,P3,1,36
2026-01-04,S3,P3,4,32
2026-01-05,S3,P3,2,30
2026-01-06,S3,P3,2,28
2026-01-07,S3,P3,3,25
2026-01-08,S3,P3,3,22
2026-01-09,S3,P3,1,21
2026-01-10,S3,P3,3,18
2026-01-11,S3,P3,2,16
2026-01-12,S3,P3,1,15
2026-01-13,S3,P3,4,11
2026-01-14,S3,P3,5,37
2026-01-15,S3,P3,2,35
2026-01-16,S3,P3,3,32
2026-01-17,S3,P3,3,29
2026-01-18,S3,P3,1,28
2026-01-19,S3,P3,2,26
2026-01-20,S3,P3,0,26
2026-01-21,S3,P3,1,25
2026-01-22,S3,P3,7,18
2026-01-23,S3,P3,6,12
2026-01-24,S3,P3,4,8
2026-01-25,S3,P3,2,54
2026-01-26,S3,P3,4,50
2026-01-27,S3,P3,2,48
2026-01-28,S3,P3,4,44
2026-01-29,S3,P3,1,43
2026-01-30,S3,P3,4,39
2026-01-31,S3,P3,4,35
2026-02-01,S3,P3,2,33
2026-02-02,S3,P3,4,29
2026-02-03,S3,P3,6,23
2026-02-04,S3,P3,5,18
2026-02-05,S3,P3,3,15
2026-02-06,S3,P3,5,10
2026-02-07,S3,P3,3,46
2026-02-08,S3,P3,4,42
2026-02-09,S3,P3,3,39
2026-02-10,S3,P3,0,39
2026-02-11,S3,P3,6,33
2026-02-12,S3,P3,3,30
2026-02-13,S3,P3,7,23
2026-02-14,S3,P3,5,18
2026-02-15,S3,P3,1,17
2026-02-16,S3,P3,2,15
2026-02-17,S3,P3,0,15
2026-02-18,S3,P3,3,12
2026-02-19,S3,P3,5,39
2026-02-20,S3,P3,2,37
2026-02-21,S3,P3,3,34
2026-02-22,S3,P3,7,27
2026-02-23,S3,P3,4,23
2026-02-24,S3,P3,4,19
2026-02-25,S3,P3,3,16
2026-02-26,S3,P3,0,16
2026-02-27,S3,P3,3,13
2026-02-28,S3,P3,2,11
2026-03-01,S3,P3,1,10
2026-03-02,S3,P3,2,8
2026-03-03,S3,P3,4,40
2026-03-04,S3,P3,2,38
2026-03-05,S3,P3,5,33
2026-03-06,S3,P3,1,32
2026-03-07,S3,P3,1,31
2026-03-08,S3,P3,2,29
2026-03-09,S3,P3,1,28
2026-03-10,S3,P3,3,25
2026-03-11,S3,P3,1,24
2026-03-12,S3,P3,1,23
2026-03-13,S3,P3,6,17
2026-03-14,S3,P3,0,17
2025-09-01,S3,P4,3,29
2025-09-02,S3,P4,0,29
2025-09-03,S3,P4,0,29
2025-09-04,S3,P4,3,26
2025-09-05,S3,P4,3,23
2025-09-06,S3,P4,4,19
2025-09-07,S3,P4,1,18
2025-09-08,S3,P4,1,17
2025-09-09,S3,P4,1,16
2025-09-10,S3,P4,4,12
2025-09-11,S3,P4,1,11
2025-09-12,S3,P4,1,10
2025-09-13,S3,P4,1,9
2025-09-14,S3,P4,2,7
2025-09-15,S3,P4,1,6
2025-09-16,S3,P4,1,5
2025-09-17,S3,P4,0,5
2025-09-18,S3,P4,1,4
2025-09-19,S3,P4,2,16
2025-09-20,S3,P4,2,14
2025-09-21,S3,P4,0,14
2025-09-22,S3,P4,0,14
2025-09-23,S3,P4,2,12
2025-09-24,S3,P4,2,10
2025-09-25,S3,P4,0,10
2025-09-26,S3,P4,0,10
2025-09-27,S3,P4,1,9
2025-09-28,S3,P4,3,6
2025-09-29,S3,P4,2,4
2025-09-30,S3,P4,2,24
2025-10-01,S3,P4,5,19
2025-10-02,S3,P4,0,19
2025-10-03,S3,P4,2,17
2025-10-04,S3,P4,2,15
2025-10-05,S3,P4,3,12
2025-10-06,S3,P4,0,12
2025-10-07,S3,P4,2,10
2025-10-08,S3,P4,1,9
2025-10-09,S3,P4,3,6
2025-10-10,S3,P4,0,6
2025-10-11,S3,P4,1,5
2025-10-12,S3,P4,1,4
2025-10-13,S3,P4,2,23
2025-10-14,S3,P4,2,21
2025-10-15,S3,P4,1,20
2025-10-16,S3,P4,0,20
2025-10-17,S3,P4,1,19
2025-10-18,S3,P4,1,18
2025-10-19,S3,P4,1,17
2025-10-20,S3,P4,2,15
2025-10-21,S3,P4,2,13
2025-10-22,S3,P4,2,11
2025-10-23,S3,P4,3,8
2025-10-24,S3,P4,2,6
2025-10-25,S3,P4,4,16
2025-10-26,S3,P4,1,15
2025-10-27,S3,P4,0,15
2025-10-28,S3,P4,1,14
2025-10-29,S3,P4,1,13
2025-10-30,S3,P4,3,10
2025-10-31,S3,P4,5,5
2025-11-01,S3,P4,3,22
2025-11-02,S3,P4,3,19
2025-11-03,S3,P4,0,19
2025-11-04,S3,P4,0,19
2025-11-05,S3,P4,3,16
2025-11-06,S3,P4,1,15
2025-11-07,S3,P4,1,14
2025-11-08,S3,P4,2,12
2025-11-09,S3,P4,2,10
2025-11-10,S3,P4,1,9
2025-11-11,S3,P4,3,6
2025-11-12,S3,P4,0,6
2025-11-13,S3,P4,2,4
2025-11-14,S3,P4,0,4
2025-11-15,S3,P4,3,28
2025-11-16,S3,P4,2,26
2025-11-17,S3,P4,0,26
2025-11-18,S3,P4,3,23
2025-11-19,S3,P4,0,23
2025-11-20,S3,P4,2,21
2025-11-21,S3,P4,0,21
2025-11-22,S3,P4,1,20
2025-11-23,S3,P4,3,17
2025-11-24,S3,P4,3,14
2025-11-25,S3,P4,1,13
2025-11-26,S3,P4,2,11
2025-11-27,S3,P4,2,9
2025-11-28,S3,P4,2,7
2025-11-29,S3,P4,1,6
2025-11-30,S3,P4,5,16
2025-12-01,S3,P4,4,12
2025-12-02,S3,P4,3,9
2025-12-03,S3,P4,1,8
2025-12-04,S3,P4,1,7
2025-12-05,S3,P4,4,23
2025-12-06,S3,P4,6,17
2025-12-07,S3,P4,1,16
2025-12-08,S3,P4,4,12
2025-12-09,S3,P4,0,12
2025-12-10,S3,P4,0,12
2025-12-11,S3,P4,2,10
2025-12-12,S3,P4,2,8
2025-12-13,S3,P4,3,5
2025-12-14,S3,P4,0,5
2025-12-15,S3,P4,0,5
2025-12-16,S3,P4,1,4
2025-12-17,S3,P4,2,20
2025-12-18,S3,P4,1,19
2025-12-19,S3,P4,1,18
2025-12-20,S3,P4,2,16
2025-12-21,S3,P4,6,10
2025-12-22,S3,P4,1,9
2025-12-23,S3,P4,4,5
2025-12-24,S3,P4,2,22
2025-12-25,S3,P4,2,20
2025-12-26,S3,P4,1,19
2025-12-27,S3,P4,0,19
2025-12-28,S3,P4,0,19
2025-12-29,S3,P4,0,19
2025-12-30,S3,P4,0,19
2025-12-31,S3,P4,1,18
2026-01-01,S3,P4,1,17
2026-01-02,S3,P4,1,16
2026-01-03,S3,P4,2,14
2026-01-04,S3,P4,0,14
2026-01-05,S3,P4,0,14
2026-01-06,S3,P4,3,11
2026-01-07,S3,P4,2,9
2026-01-08,S3,P4,2,7
2026-01-09,S3,P4,4,21
2026-01-10,S3,P4,3,18
2026-01-11,S3,P4,1,17
2026-01-12,S3,P4,1,16
2026-01-13,S3,P4,0,16
2026-01-14,S3,P4,0,16
2026-01-15,S3,P4,1,15
2026-01-16,S3,P4,2,13
2026-01-17,S3,P4,0,13
2026-01-18,S3,P4,2,11
2026-01-19,S3,P4,2,9
2026-01-20,S3,P4,2,7
2026-01-21,S3,P4,1,6
2026-01-22,S3,P4,2,4
2026-01-23,S3,P4,1,26
2026-01-24,S3,P4,1,25
2026-01-25,S3,P4,1,24
2026-01-26,S3,P4,1,23
2026-01-27,S3,P4,2,21
2026-01-28,S3,P4,0,21
2026-01-29,S3,P4,6,15
2026-01-30,S3,P4,4,11
2026-01-31,S3,P4,2,9
2026-02-01,S3,P4,1,8
2026-02-02,S3,P4,3,5
2026-02-03,S3,P4,1,4
2026-02-04,S3,P4,0,4
2026-02-05,S3,P4,3,29
2026-02-06,S3,P4,1,28
2026-02-07,S3,P4,2,26
2026-02-08,S3,P4,3,23
2026-02-09,S3,P4,3,20
2026-02-10,S3,P4,1,19
2026-02-11,S3,P4,1,18
2026-02-12,S3,P4,2,16
2026-02-13,S3,P4,3,13
2026-02-14,S3,P4,2,11
2026-02-15,S3,P4,2,9
2026-02-16,S3,P4,2,7
2026-02-17,S3,P4,3,4
2026-02-18,S3,P4,0,4
2026-02-19,S3,P4,0,4
2026-02-20,S3,P4,2,29
2026-02-21,S3,P4,1,28
2026-02-22,S3,P4,1,27
2026-02-23,S3,P4,0,27
2026-02-24,S3,P4,0,27
2026-02-25,S3,P4,0,27
2026-02-26,S3,P4,2,25
2026-02-27,S3,P4,2,23
2026-02-28,S3,P4,4,19
2026-03-01,S3,P4,4,15
2026-03-02,S3,P4,2,13
2026-03-03,S3,P4,3,10
2026-03-04,S3,P4,2,8
2026-03-05,S3,P4,3,5
2026-03-06,S3,P4,3,19
2026-03-07,S3,P4,1,18
2026-03-08,S3,P4,3,15
2026-03-09,S3,P4,2,13
2026-03-10,S3,P4,0,13
2026-03-11,S3,P4,4,9
2026-03-12,S3,P4,2,7
2026-03-13,S3,P4,2,5
2026-03-14,S3,P4,0,5
2025-09-01,S3,P5,4,26
2025-09-02,S3,P5,2,24
2025-09-03,S3,P5,0,24
2025-09-04,S3,P5,1,23
2025-09-05,S3,P5,0,23
2025-09-06,S3,P5,2,21
2025-09-07,S3,P5,2,19
2025-09-08,S3,P5,1,18
2025-09-09,S3,P5,3,15
2025-09-10,S3,P5,3,12
2025-09-11,S3,P5,1,11
2025-09-12,S3,P5,1,10
2025-09-13,S3,P5,0,10
2025-09-14,S3,P5,3,7
2025-09-15,S3,P5,0,7
2025-09-16,S3,P5,0,7
2025-09-17,S3,P5,1,6
2025-09-18,S3,P5,6,23
2025-09-19,S3,P5,3,20
2025-09-20,S3,P5,0,20
2025-09-21,S3,P5,1,19
2025-09-22,S3,P5,1,18
2025-09-23,S3,P5,3,15
2025-09-24,S3,P5,3,12
2025-09-25,S3,P5,1,11
2025-09-26,S3,P5,0,11
2025-09-27,S3,P5,5,6
2025-09-28,S3,P5,3,25
2025-09-29,S3,P5,0,25
2025-09-30,S3,P5,2,23
2025-10-01,S3,P5,1,22
2025-10-02,S3,P5,1,21
2025-10-03,S3,P5,2,19
2025-10-04,S3,P5,0,19
2025-10-05,S3,P5,3,16
2025-10-06,S3,P5,2,14
2025-10-07,S3,P5,1,13
2025-10-08,S3,P5,0,13
2025-10-09,S3,P5,2,11
2025-10-10,S3,P5,3,8
2025-10-11,S3,P5,1,7
2025-10-12,S3,P5,1,6
2025-10-13,S3,P5,3,21
2025-10-14,S3,P5,5,16
2025-10-15,S3,P5,0,16
2025-10-16,S3,P5,1,15
2025-10-17,S3,P5,3,12
2025-10-18,S3,P5,2,10
2025-10-19,S3,P5,0,10
2025-10-20,S3,P5,1,9
2025-10-21,S3,P5,2,7
2025-10-22,S3,P5,1,6
2025-10-23,S3,P5,0,6
2025-10-24,S3,P5,5,21
2025-10-25,S3,P5,1,20
2025-10-26,S3,P5,2,18
2025-10-27,S3,P5,2,16
2025-10-28,S3,P5,1,15
2025-10-29,S3,P5,3,12
2025-10-30,S3,P5,1,11
2025-10-31,S3,P5,0,11
2025-11-01,S3,P5,2,9
2025-11-02,S3,P5,2,7
2025-11-03,S3,P5,0,7
2025-11-04,S3,P5,1,6
2025-11-05,S3,P5,1,5
2025-11-06,S3,P5,0,5
2025-11-07,S3,P5,1,4
2025-11-08,S3,P5,2,26
2025-11-09,S3,P5,0,26
2025-11-10,S3,P5,0,26
2025-11-11,S3,P5,2,24
2025-11-12,S3,P5,0,24
2025-11-13,S3,P5,3,21
2025-11-14,S3,P5,1,20
2025-11-15,S3,P5,2,18
2025-11-16,S3,P5,1,17
2025-11-17,S3,P5,1,16
2025-11-18,S3,P5,0,16
2025-11-19,S3,P5,1,15
2025-11-20,S3,P5,2,13
2025-11-21,S3,P5,0,13
2025-11-22,S3,P5,0,13
2025-11-23,S3,P5,1,12
2025-11-24,S3,P5,2,10
2025-11-25,S3,P5,5,5
2025-11-26,S3,P5,3,26
2025-11-27,S3,P5,0,26
2025-11-28,S3,P5,1,25
2025-11-29,S3,P5,4,21
2025-11-30,S3,P5,1,20
2025-12-01,S3,P5,3,17
2025-12-02,S3,P5,3,14
2025-12-03,S3,P5,1,13
2025-12-04,S3,P5,3,10
2025-12-05,S3,P5,0,10
2025-12-06,S3,P5,3,7
2025-12-07,S3,P5,3,4
2025-12-08,S3,P5,2,26
2025-12-09,S3,P5,1,25
2025-12-10,S3,P5,0,25
2025-12-11,S3,P5,1,24
2025-12-12,S3,P5,2,22
2025-12-13,S3,P5,2,20
2025-12-14,S3,P5,4,16
2025-12-15,S3,P5,1,15
2025-12-16,S3,P5,1,14
2025-12-17,S3,P5,3,11
2025-12-18,S3,P5,1,10
2025-12-19,S3,P5,1,9
2025-12-20,S3,P5,3,6
2025-12-21,S3,P5,2,4
2025-12-22,S3,P5,0,4
2025-12-23,S3,P5,3,19
2025-12-24,S3,P5,4,15
2025-12-25,S3,P5,0,15
2025-12-26,S3,P5,2,13
2025-12-27,S3,P5,1,12
2025-12-28,S3,P5,2,10
2025-12-29,S3,P5,0,10
2025-12-30,S3,P5,1,9
2025-12-31,S3,P5,2,7
2026-01-01,S3,P5,3,4
2026-01-02,S3,P5,2,24
2026-01-03,S3,P5,0,24
2026-01-04,S3,P5,3,21
2026-01-05,S3,P5,2,19
2026-01-06,S3,P5,1,18
2026-01-07,S3,P5,0,18
2026-01-08,S3,P5,0,18
2026-01-09,S3,P5,2,16
2026-01-10,S3,P5,3,13
2026-01-11,S3,P5,0,13
2026-01-12,S3,P5,2,11
2026-01-13,S3,P5,2,9
2026-01-14,S3,P5,0,9
2026-01-15,S3,P5,0,9
2026-01-16,S3,P5,3,6
2026-01-17,S3,P5,2,4
2026-01-18,S3,P5,0,4
2026-01-19,S3,P5,0,4
2026-01-20,S3,P5,3,14
2026-01-21,S3,P5,2,12
2026-01-22,S3,P5,1,11
2026-01-23,S3,P5,3,8
2026-01-24,S3,P5,2,6
2026-01-25,S3,P5,1,5
2026-01-26,S3,P5,1,4
2026-01-27,S3,P5,0,4
2026-01-28,S3,P5,0,4
2026-01-29,S3,P5,1,23
2026-01-30,S3,P5,4,19
2026-01-31,S3,P5,1,18
2026-02-01,S3,P5,1,17
2026-02-02,S3,P5,1,16
2026-02-03,S3,P5,1,15
2026-02-04,S3,P5,5,10
2026-02-05,S3,P5,2,8
2026-02-06,S3,P5,1,7
2026-02-07,S3,P5,0,7
2026-02-08,S3,P5,1,6
2026-02-09,S3,P5,1,5
2026-02-10,S3,P5,3,28
2026-02-11,S3,P5,1,27
2026-02-12,S3,P5,2,25
2026-02-13,S3,P5,1,24
2026-02-14,S3,P5,0,24
2026-02-15,S3,P5,1,23
2026-02-16,S3,P5,2,21
2026-02-17,S3,P5,2,19
2026-02-18,S3,P5,0,19
2026-02-19,S3,P5,1,18
2026-02-20,S3,P5,1,17
2026-02-21,S3,P5,0,17
2026-02-22,S3,P5,4,13
2026-02-23,S3,P5,1,12
2026-02-24,S3,P5,1,11
2026-02-25,S3,P5,1,10
2026-02-26,S3,P5,2,8
2026-02-27,S3,P5,1,7
2026-02-28,S3,P5,2,5
2026-03-01,S3,P5,3,23
2026-03-02,S3,P5,1,22
2026-03-03,S3,P5,0,22
2026-03-04,S3,P5,0,22
2026-03-05,S3,P5,1,21
2026-03-06,S3,P5,2,19
2026-03-07,S3,P5,1,18
2026-03-08,S3,P5,3,15
2026-03-09,S3,P5,0,15
2026-03-10,S3,P5,1,14
2026-03-11,S3,P5,1,13
2026-03-12,S3,P5,0,13
2026-03-13,S3,P5,3,10
2026-03-14,S3,P5,2,8
2025-09-01,S3,P6,3,92
2025-09-02,S3,P6,5,87
2025-09-03,S3,P6,8,79
2025-09-04,S3,P6,9,70
2025-09-05,S3,P6,6,64
2025-09-06,S3,P6,5,59
2025-09-07,S3,P6,10,49
2025-09-08,S3,P6,4,45
2025-09-09,S3,P6,3,42
2025-09-10,S3,P6,5,37
2025-09-11,S3,P6,4,33
2025-09-12,S3,P6,5,28
2025-09-13,S3,P6,5,23
2025-09-14,S3,P6,5,18
2025-09-15,S3,P6,13,87
2025-09-16,S3,P6,5,82
2025-09-17,S3,P6,2,80
2025-09-18,S3,P6,4,76
2025-09-19,S3,P6,5,71
2025-09-20,S3,P6,10,61
2025-09-21,S3,P6,5,56
2025-09-22,S3,P6,3,53
2025-09-23,S3,P6,7,46
2025-09-24,S3,P6,8,38
2025-09-25,S3,P6,5,33
2025-09-26,S3,P6,4,29
2025-09-27,S3,P6,4,25
2025-09-28,S3,P6,8,17
2025-09-29,S3,P6,6,93
2025-09-30,S3,P6,3,90
2025-10-01,S3,P6,6,84
2025-10-02,S3,P6,2,82
2025-10-03,S3,P6,6,76
2025-10-04,S3,P6,3,73
2025-10-05,S3,P6,4,69
2025-10-06,S3,P6,3,66
2025-10-07,S3,P6,2,64
2025-10-08,S3,P6,2,62
2025-10-09,S3,P6,5,57
2025-10-10,S3,P6,5,52
2025-10-11,S3,P6,8,44
2025-10-12,S3,P6,5,39
2025-10-13,S3,P6,4,35
2025-10-14,S3,P6,6,29
2025-10-15,S3,P6,3,26
2025-10-16,S3,P6,3,23
2025-10-17,S3,P6,6,17
2025-10-18,S3,P6,5,67
2025-10-19,S3,P6,5,62
2025-10-20,S3,P6,5,57
2025-10-21,S3,P6,4,53
2025-10-22,S3,P6,5,48
2025-10-23,S3,P6,5,43
2025-10-24,S3,P6,5,38
2025-10-25,S3,P6,2,36
2025-10-26,S3,P6,3,33
2025-10-27,S3,P6,6,27
2025-10-28,S3,P6,3,24
2025-10-29,S3,P6,6,18
2025-10-30,S3,P6,1,17
2025-10-31,S3,P6,11,68
2025-11-01,S3,P6,8,60
2025-11-02,S3,P6,5,55
2025-11-03,S3,P6,4,51
2025-11-04,S3,P6,4,47
2025-11-05,S3,P6,6,41
2025-11-06,S3,P6,7,34
2025-11-07,S3,P6,10,24
2025-11-08,S3,P6,6,18
2025-11-09,S3,P6,2,16
2025-11-10,S3,P6,3,108
2025-11-11,S3,P6,3,105
2025-11-12,S3,P6,2,103
2025-11-13,S3,P6,6,97
2025-11-14,S3,P6,14,83
2025-11-15,S3,P6,12,71
2025-11-16,S3,P6,4,67
2025-11-17,S3,P6,4,63
2025-11-18,S3,P6,3,60
2025-11-19,S3,P6,10,50
2025-11-20,S3,P6,4,46
2025-11-21,S3,P6,12,34
2025-11-22,S3,P6,9,25
2025-11-23,S3,P6,5,20
2025-11-24,S3,P6,3,17
2025-11-25,S3,P6,12,101
2025-11-26,S3,P6,5,96
2025-11-27,S3,P6,6,90
2025-11-28,S3,P6,6,84
2025-11-29,S3,P6,13,71
2025-11-30,S3,P6,7,64
2025-12-01,S3,P6,6,58
2025-12-02,S3,P6,4,54
2025-12-03,S3,P6,3,51
2025-12-04,S3,P6,8,43
2025-12-05,S3,P6,7,36
2025-12-06,S3,P6,3,33
2025-12-07,S3,P6,8,25
2025-12-08,S3,P6,8,17
2025-12-09,S3,P6,7,73
2025-12-10,S3,P6,1,72
2025-12-11,S3,P6,6,66
2025-12-12,S3,P6,3,63
2025-12-13,S3,P6,7,56
2025-12-14,S3,P6,4,52
2025-12-15,S3,P6,5,47
2025-12-16,S3,P6,7,40
2025-12-17,S3,P6,3,37
2025-12-18,S3,P6,4,33
2025-12-19,S3,P6,8,25
2025-12-20,S3,P6,6,19
2025-12-21,S3,P6,7,105
2025-12-22,S3,P6,5,100
2025-12-23,S3,P6,5,95
2025-12-24,S3,P6,11,84
2025-12-25,S3,P6,6,78
2025-12-26,S3,P6,9,69
2025-12-27,S3,P6,6,63
2025-12-28,S3,P6,1,62
2025-12-29,S3,P6,4,58
2025-12-30,S3,P6,5,53
2025-12-31,S3,P6,4,49
2026-01-01,S3,P6,7,42
2026-01-02,S3,P6,7,35
2026-01-03,S3,P6,9,26
2026-01-04,S3,P6,3,23
2026-01-05,S3,P6,6,17
2026-01-06,S3,P6,7,71
2026-01-07,S3,P6,5,66
2026-01-08,S3,P6,7,59
2026-01-09,S3,P6,8,51
2026-01-10,S3,P6,8,43
2026-01-11,S3,P6,5,38
2026-01-12,S3,P6,3,35
2026-01-13,S3,P6,5,30
2026-01-14,S3,P6,8,22
2026-01-15,S3,P6,5,17
2026-01-16,S3,P6,7,72
2026-01-17,S3,P6,6,66
2026-01-18,S3,P6,5,61
2026-01-19,S3,P6,3,58
2026-01-20,S3,P6,5,53
2026-01-21,S3,P6,4,49
2026-01-22,S3,P6,7,42
2026-01-23,S3,P6,6,36
2026-01-24,S3,P6,11,25
2026-01-25,S3,P6,5,20
2026-01-26,S3,P6,4,16
2026-01-27,S3,P6,1,84
2026-01-28,S3,P6,5,79
2026-01-29,S3,P6,5,74
2026-01-30,S3,P6,8,66
2026-01-31,S3,P6,9,57
2026-02-01,S3,P6,9,48
2026-02-02,S3,P6,5,43
2026-02-03,S3,P6,4,39
2026-02-04,S3,P6,3,36
2026-02-05,S3,P6,8,28
2026-02-06,S3,P6,8,20
2026-02-07,S3,P6,6,99
2026-02-08,S3,P6,7,92
2026-02-09,S3,P6,9,83
2026-02-10,S3,P6,6,77
2026-02-11,S3,P6,4,73
2026-02-12,S3,P6,3,70
2026-02-13,S3,P6,12,58
2026-02-14,S3,P6,5,53
2026-02-15,S3,P6,5,48
2026-02-16,S3,P6,12,36
2026-02-17,S3,P6,1,35
2026-02-18,S3,P6,2,33
2026-02-19,S3,P6,4,29
2026-02-20,S3,P6,9,20
2026-02-21,S3,P6,6,109
2026-02-22,S3,P6,1,108
2026-02-23,S3,P6,8,100
2026-02-24,S3,P6,6,94
2026-02-25,S3,P6,3,91
2026-02-26,S3,P6,8,83
2026-02-27,S3,P6,6,77
2026-02-28,S3,P6,5,72
2026-03-01,S3,P6,3,69
2026-03-02,S3,P6,6,63
2026-03-03,S3,P6,4,59
2026-03-04,S3,P6,10,49
2026-03-05,S3,P6,3,46
2026-03-06,S3,P6,7,39
2026-03-07,S3,P6,5,34
2026-03-08,S3,P6,4,30
2026-03-09,S3,P6,4,26
2026-03-10,S3,P6,10,16
2026-03-11,S3,P6,3,61
2026-03-12,S3,P6,5,56
2026-03-13,S3,P6,9,47
2026-03-14,S3,P6,6,41
2025-09-01,S3,P7,8,136
2025-09-02,S3,P7,3,133
2025-09-03,S3,P7,9,124
2025-09-04,S3,P7,3,121
2025-09-05,S3,P7,7,114
2025-09-06,S3,P7,9,105
2025-09-07,S3,P7,7,98
2025-09-08,S3,P7,4,94
2025-09-09,S3,P7,12,82
2025-09-10,S3,P7,4,78
2025-09-11,S3,P7,7,71
2025-09-12,S3,P7,7,64
2025-09-13,S3,P7,7,57
2025-09-14,S3,P7,11,46
2025-09-15,S3,P7,6,40
2025-09-16,S3,P7,6,34
2025-09-17,S3,P7,9,25
2025-09-18,S3,P7,9,113
2025-09-19,S3,P7,5,108
2025-09-20,S3,P7,11,97
2025-09-21,S3,P7,5,92
2025-09-22,S3,P7,8,84
2025-09-23,S3,P7,8,76
2025-09-24,S3,P7,7,69
2025-09-25,S3,P7,6,63
2025-09-26,S3,P7,14,49
2025-09-27,S3,P7,7,42
2025-09-28,S3,P7,9,33
2025-09-29,S3,P7,5,28
2025-09-30,S3,P7,4,24
2025-10-01,S3,P7,8,92
2025-10-02,S3,P7,6,86
2025-10-03,S3,P7,7,79
2025-10-04,S3,P7,8,71
2025-10-05,S3,P7,5,66
2025-10-06,S3,P7,3,63
2025-10-07,S3,P7,4,59
2025-10-08,S3,P7,10,49
2025-10-09,S3,P7,8,41
2025-10-10,S3,P7,7,34
2025-10-11,S3,P7,8,26
2025-10-12,S3,P7,7,19
2025-10-13,S3,P7,5,110
2025-10-14,S3,P7,8,102
2025-10-15,S3,P7,5,97
2025-10-16,S3,P7,2,95
2025-10-17,S3,P7,5,90
2025-10-18,S3,P7,5,85
2025-10-19,S3,P7,3,82
2025-10-20,S3,P7,5,77
2025-10-21,S3,P7,13,64
2025-10-22,S3,P7,5,59
2025-10-23,S3,P7,5,54
2025-10-24,S3,P7,12,42
2025-10-25,S3,P7,6,36
2025-10-26,S3,P7,9,27
2025-10-27,S3,P7,7,20
2025-10-28,S3,P7,7,66
2025-10-29,S3,P7,8,58
2025-10-30,S3,P7,5,53
2025-10-31,S3,P7,2,51
2025-11-01,S3,P7,8,43
2025-11-02,S3,P7,4,39
2025-11-03,S3,P7,9,30
2025-11-04,S3,P7,5,25
2025-11-05,S3,P7,11,71
2025-11-06,S3,P7,9,62
2025-11-07,S3,P7,12,50
2025-11-08,S3,P7,8,42
2025-11-09,S3,P7,4,38
2025-11-10,S3,P7,7,31
2025-11-11,S3,P7,6,25
2025-11-12,S3,P7,11,64
2025-11-13,S3,P7,8,56
2025-11-14,S3,P7,12,44
2025-11-15,S3,P7,8,36
2025-11-16,S3,P7,7,29
2025-11-17,S3,P7,8,21
2025-11-18,S3,P7,9,80
2025-11-19,S3,P7,6,74
2025-11-20,S3,P7,8,66
2025-11-21,S3,P7,13,53
2025-11-22,S3,P7,10,43
2025-11-23,S3,P7,5,38
2025-11-24,S3,P7,6,32
2025-11-25,S3,P7,4,28
2025-11-26,S3,P7,10,18
2025-11-27,S3,P7,7,64
2025-11-28,S3,P7,5,59
2025-11-29,S3,P7,7,52
2025-11-30,S3,P7,8,44
2025-12-01,S3,P7,6,38
2025-12-02,S3,P7,10,28
2025-12-03,S3,P7,8,20
2025-12-04,S3,P7,10,66
2025-12-05,S3,P7,6,60
2025-12-06,S3,P7,12,48
2025-12-07,S3,P7,5,43
2025-12-08,S3,P7,7,36
2025-12-09,S3,P7,6,30
2025-12-10,S3,P7,5,25
2025-12-11,S3,P7,7,18
2025-12-12,S3,P7,8,103
2025-12-13,S3,P7,11,92
2025-12-14,S3,P7,8,84
2025-12-15,S3,P7,4,80
2025-12-16,S3,P7,8,72
2025-12-17,S3,P7,5,67
2025-12-18,S3,P7,3,64
2025-12-19,S3,P7,14,50
2025-12-20,S3,P7,6,44
2025-12-21,S3,P7,5,39
2025-12-22,S3,P7,8,31
2025-12-23,S3,P7,3,28
2025-12-24,S3,P7,4,24
2025-12-25,S3,P7,6,18
2025-12-26,S3,P7,7,116
2025-12-27,S3,P7,9,107
2025-12-28,S3,P7,3,104
2025-12-29,S3,P7,6,98
2025-12-30,S3,P7,3,95
2025-12-31,S3,P7,6,89
2026-01-01,S3,P7,6,83
2026-01-02,S3,P7,10,73
2026-01-03,S3,P7,10,63
2026-01-04,S3,P7,9,54
2026-01-05,S3,P7,4,50
2026-01-06,S3,P7,2,48
2026-01-07,S3,P7,6,42
2026-01-08,S3,P7,7,35
2026-01-09,S3,P7,6,29
2026-01-10,S3,P7,6,23
2026-01-11,S3,P7,3,20
2026-01-12,S3,P7,8,98
2026-01-13,S3,P7,7,91
2026-01-14,S3,P7,5,86
2026-01-15,S3,P7,7,79
2026-01-16,S3,P7,9,70
2026-01-17,S3,P7,8,62
2026-01-18,S3,P7,4,58
2026-01-19,S3,P7,7,51
2026-01-20,S3,P7,4,47
2026-01-21,S3,P7,7,40
2026-01-22,S3,P7,4,36
2026-01-23,S3,P7,12,24
2026-01-24,S3,P7,4,20
2026-01-25,S3,P7,13,113
2026-01-26,S3,P7,4,109
2026-01-27,S3,P7,5,104
2026-01-28,S3,P7,8,96
2026-01-29,S3,P7,5,91
2026-01-30,S3,P7,6,85
2026-01-31,S3,P7,6,79
2026-02-01,S3,P7,5,74
2026-02-02,S3,P7,7,67
2026-02-03,S3,P7,4,63
2026-02-04,S3,P7,7,56
2026-02-05,S3,P7,4,52
2026-02-06,S3,P7,6,46
2026-02-07,S3,P7,2,44
2026-02-08,S3,P7,7,37
2026-02-09,S3,P7,6,31
2026-02-10,S3,P7,6,25
2026-02-11,S3,P7,8,109
2026-02-12,S3,P7,5,104
2026-02-13,S3,P7,10,94
2026-02-14,S3,P7,9,85
2026-02-15,S3,P7,4,81
2026-02-16,S3,P7,5,76
2026-02-17,S3,P7,8,68
2026-02-18,S3,P7,5,63
2026-02-19,S3,P7,3,60
2026-02-20,S3,P7,6,54
2026-02-21,S3,P7,11,43
2026-02-22,S3,P7,9,34
2026-02-23,S3,P7,5,29
2026-02-24,S3,P7,9,20
2026-02-25,S3,P7,6,113
2026-02-26,S3,P7,3,110
2026-02-27,S3,P7,10,100
2026-02-28,S3,P7,6,94
2026-03-01,S3,P7,2,92
2026-03-02,S3,P7,4,88
2026-03-03,S3,P7,4,84
2026-03-04,S3,P7,6,78
2026-03-05,S3,P7,4,74
2026-03-06,S3,P7,7,67
2026-03-07,S3,P7,4,63
2026-03-08,S3,P7,3,60
2026-03-09,S3,P7,5,55
2026-03-10,S3,P7,7,48
2026-03-11,S3,P7,14,34
2026-03-12,S3,P7,6,28
2026-03-13,S3,P7,8,20
2026-03-14,S3,P7,3,71
2025-09-01,S3,P8,2,44
2025-09-02,S3,P8,4,40
2025-09-03,S3,P8,0,40
2025-09-04,S3,P8,4,36
2025-09-05,S3,P8,3,33
2025-09-06,S3,P8,1,32
2025-09-07,S3,P8,1,31
2025-09-08,S3,P8,1,30
2025-09-09,S3,P8,2,28
2025-09-10,S3,P8,1,27
2025-09-11,S3,P8,2,25
2025-09-12,S3,P8,1,24
2025-09-13,S3,P8,2,22
2025-09-14,S3,P8,4,18
2025-09-15,S3,P8,2,16
2025-09-16,S3,P8,1,15
2025-09-17,S3,P8,2,13
2025-09-18,S3,P8,2,11
2025-09-19,S3,P8,1,10
2025-09-20,S3,P8,2,8
2025-09-21,S3,P8,2,6
2025-09-22,S3,P8,0,6
2025-09-23,S3,P8,2,27
2025-09-24,S3,P8,0,27
2025-09-25,S3,P8,1,26
2025-09-26,S3,P8,3,23
2025-09-27,S3,P8,3,20
2025-09-28,S3,P8,3,17
2025-09-29,S3,P8,2,15
2025-09-30,S3,P8,1,14
2025-10-01,S3,P8,0,14
2025-10-02,S3,P8,1,13
2025-10-03,S3,P8,4,9
2025-10-04,S3,P8,2,7
2025-10-05,S3,P8,5,30
2025-10-06,S3,P8,0,30
2025-10-07,S3,P8,3,27
2025-10-08,S3,P8,1,26
2025-10-09,S3,P8,1,25
2025-10-10,S3,P8,4,21
2025-10-11,S3,P8,4,17
2025-10-12,S3,P8,2,15
2025-10-13,S3,P8,5,10
2025-10-14,S3,P8,2,8
2025-10-15,S3,P8,1,7
2025-10-16,S3,P8,5,30
2025-10-17,S3,P8,0,30
2025-10-18,S3,P8,1,29
2025-10-19,S3,P8,3,26
2025-10-20,S3,P8,4,22
2025-10-21,S3,P8,2,20
2025-10-22,S3,P8,4,16
2025-10-23,S3,P8,2,14
2025-10-24,S3,P8,6,8
2025-10-25,S3,P8,0,8
2025-10-26,S3,P8,6,21
2025-10-27,S3,P8,1,20
2025-10-28,S3,P8,2,18
2025-10-29,S3,P8,3,15
2025-10-30,S3,P8,1,14
2025-10-31,S3,P8,5,9
2025-11-01,S3,P8,2,7
2025-11-02,S3,P8,5,34
2025-11-03,S3,P8,1,33
2025-11-04,S3,P8,4,29
2025-11-05,S3,P8,1,28
2025-11-06,S3,P8,2,26
2025-11-07,S3,P8,4,22
2025-11-08,S3,P8,2,20
2025-11-09,S3,P8,2,18
2025-11-10,S3,P8,3,15
2025-11-11,S3,P8,4,11
2025-11-12,S3,P8,0,11
2025-11-13,S3,P8,5,6
2025-11-14,S3,P8,6,38
2025-11-15,S3,P8,3,35
2025-11-16,S3,P8,2,33
2025-11-17,S3,P8,1,32
2025-11-18,S3,P8,1,31
2025-11-19,S3,P8,4,27
2025-11-20,S3,P8,0,27
2025-11-21,S3,P8,4,23
2025-11-22,S3,P8,5,18
2025-11-23,S3,P8,0,18
2025-11-24,S3,P8,2,16
2025-11-25,S3,P8,0,16
2025-11-26,S3,P8,3,13
2025-11-27,S3,P8,1,12
2025-11-28,S3,P8,3,9
2025-11-29,S3,P8,0,9
2025-11-30,S3,P8,5,22
2025-12-01,S3,P8,2,20
2025-12-02,S3,P8,2,18
2025-12-03,S3,P8,3,15
2025-12-04,S3,P8,1,14
2025-12-05,S3,P8,3,11
2025-12-06,S3,P8,4,7
2025-12-07,S3,P8,1,6
2025-12-08,S3,P8,0,6
2025-12-09,S3,P8,5,25
2025-12-10,S3,P8,2,23
2025-12-11,S3,P8,2,21
2025-12-12,S3,P8,0,21
2025-12-13,S3,P8,0,21
2025-12-14,S3,P8,2,19
2025-12-15,S3,P8,1,18
2025-12-16,S3,P8,3,15
2025-12-17,S3,P8,1,14
2025-12-18,S3,P8,2,12
2025-12-19,S3,P8,5,7
2025-12-20,S3,P8,2,30
2025-12-21,S3,P8,5,25
2025-12-22,S3,P8,1,24
2025-12-23,S3,P8,4,20
2025-12-24,S3,P8,2,18
2025-12-25,S3,P8,4,14
2025-12-26,S3,P8,1,13
2025-12-27,S3,P8,2,11
2025-12-28,S3,P8,3,8
2025-12-29,S3,P8,0,8
2025-12-30,S3,P8,5,27
2025-12-31,S3,P8,1,26
2026-01-01,S3,P8,3,23
2026-01-02,S3,P8,2,21
2026-01-03,S3,P8,1,20
2026-01-04,S3,P8,0,20
2026-01-05,S3,P8,2,18
2026-01-06,S3,P8,3,15
2026-01-07,S3,P8,4,11
2026-01-08,S3,P8,2,9
2026-01-09,S3,P8,0,9
2026-01-10,S3,P8,6,42
2026-01-11,S3,P8,2,40
2026-01-12,S3,P8,3,37
2026-01-13,S3,P8,3,34
2026-01-14,S3,P8,1,33
2026-01-15,S3,P8,4,29
2026-01-16,S3,P8,5,24
2026-01-17,S3,P8,2,22
2026-01-18,S3,P8,0,22
2026-01-19,S3,P8,2,20
2026-01-20,S3,P8,5,15
2026-01-21,S3,P8,1,14
2026-01-22,S3,P8,5,9
2026-01-23,S3,P8,2,7
2026-01-24,S3,P8,4,26
2026-01-25,S3,P8,3,23
2026-01-26,S3,P8,2,21
2026-01-27,S3,P8,2,19
2026-01-28,S3,P8,2,17
2026-01-29,S3,P8,4,13
2026-01-30,S3,P8,0,13
2026-01-31,S3,P8,1,12
2026-02-01,S3,P8,1,11
2026-02-02,S3,P8,1,10
2026-02-03,S3,P8,2,8
2026-02-04,S3,P8,3,32
2026-02-05,S3,P8,2,30
2026-02-06,S3,P8,3,27
2026-02-07,S3,P8,3,24
2026-02-08,S3,P8,0,24
2026-02-09,S3,P8,2,22
2026-02-10,S3,P8,4,18
2026-02-11,S3,P8,2,16
2026-02-12,S3,P8,2,14
2026-02-13,S3,P8,1,13
2026-02-14,S3,P8,4,9
2026-02-15,S3,P8,2,7
2026-02-16,S3,P8,1,6
2026-02-17,S3,P8,1,37
2026-02-18,S3,P8,3,34
2026-02-19,S3,P8,6,28
2026-02-20,S3,P8,4,24
2026-02-21,S3,P8,4,20
2026-02-22,S3,P8,4,16
2026-02-23,S3,P8,2,14
2026-02-24,S3,P8,1,13
2026-02-25,S3,P8,1,12
2026-02-26,S3,P8,6,6
2026-02-27,S3,P8,2,27
2026-02-28,S3,P8,2,25
2026-03-01,S3,P8,5,20
2026-03-02,S3,P8,5,15
2026-03-03,S3,P8,4,11
2026-03-04,S3,P8,2,9
2026-03-05,S3,P8,3,6
2026-03-06,S3,P8,1,27
2026-03-07,S3,P8,2,25
2026-03-08,S3,P8,1,24
2026-03-09,S3,P8,1,23
2026-03-10,S3,P8,3,20
2026-03-11,S3,P8,2,18
2026-03-12,S3,P8,3,15
2026-03-13,S3,P8,4,11
2026-03-14,S3,P8,1,10
2025-09-01,S3,P9,1,16
2025-09-02,S3,P9,2,14
2025-09-03,S3,P9,1,13
2025-09-04,S3,P9,2,11
2025-09-05,S3,P9,0,11
2025-09-06,S3,P9,1,10
2025-09-07,S3,P9,1,9
2025-09-08,S3,P9,0,9
2025-09-09,S3,P9,1,8
2025-09-10,S3,P9,2,6
2025-09-11,S3,P9,1,5
2025-09-12,S3,P9,0,5
2025-09-13,S3,P9,3,22
2025-09-14,S3,P9,1,21
2025-09-15,S3,P9,1,20
2025-09-16,S3,P9,0,20
2025-09-17,S3,P9,2,18
2025-09-18,S3,P9,1,17
2025-09-19,S3,P9,3,14
2025-09-20,S3,P9,0,14
2025-09-21,S3,P9,1,13
2025-09-22,S3,P9,2,11
2025-09-23,S3,P9,2,9
2025-09-24,S3,P9,0,9
2025-09-25,S3,P9,1,8
2025-09-26,S3,P9,0,8
2025-09-27,S3,P9,2,6
2025-09-28,S3,P9,2,4
2025-09-29,S3,P9,0,4
2025-09-30,S3,P9,2,13
2025-10-01,S3,P9,1,12
2025-10-02,S3,P9,2,10
2025-10-03,S3,P9,0,10
2025-10-04,S3,P9,1,9
2025-10-05,S3,P9,0,9
2025-10-06,S3,P9,3,6
2025-10-07,S3,P9,1,5
2025-10-08,S3,P9,0,5
2025-10-09,S3,P9,4,17
2025-10-10,S3,P9,0,17
2025-10-11,S3,P9,2,15
2025-10-12,S3,P9,1,14
2025-10-13,S3,P9,0,14
2025-10-14,S3,P9,0,14
2025-10-15,S3,P9,2,12
2025-10-16,S3,P9,1,11
2025-10-17,S3,P9,4,7
2025-10-18,S3,P9,1,6
2025-10-19,S3,P9,0,6
2025-10-20,S3,P9,2,4
2025-10-21,S3,P9,2,21
2025-10-22,S3,P9,0,21
2025-10-23,S3,P9,1,20
2025-10-24,S3,P9,0,20
2025-10-25,S3,P9,3,17
2025-10-26,S3,P9,1,16
2025-10-27,S3,P9,0,16
2025-10-28,S3,P9,1,15
2025-10-29,S3,P9,2,13
2025-10-30,S3,P9,1,12
2025-10-31,S3,P9,0,12
2025-11-01,S3,P9,1,11
2025-11-02,S3,P9,3,8
2025-11-03,S3,P9,1,7
2025-11-04,S3,P9,1,6
2025-11-05,S3,P9,0,6
2025-11-06,S3,P9,1,5
2025-11-07,S3,P9,0,5
2025-11-08,S3,P9,1,4
2025-11-09,S3,P9,0,4
2025-11-10,S3,P9,1,3
2025-11-11,S3,P9,1,18
2025-11-12,S3,P9,1,17
2025-11-13,S3,P9,3,14
2025-11-14,S3,P9,1,13
2025-11-15,S3,P9,2,11
2025-11-16,S3,P9,0,11
2025-11-17,S3,P9,0,11
2025-11-18,S3,P9,1,10
2025-11-19,S3,P9,1,9
2025-11-20,S3,P9,0,9
2025-11-21,S3,P9,1,8
2025-11-22,S3,P9,1,7
2025-11-23,S3,P9,1,6
2025-11-24,S3,P9,0,6
2025-11-25,S3,P9,1,5
2025-11-26,S3,P9,1,4
2025-11-27,S3,P9,3,19
2025-11-28,S3,P9,2,17
2025-11-29,S3,P9,2,15
2025-11-30,S3,P9,0,15
2025-12-01,S3,P9,0,15
2025-12-02,S3,P9,1,14
2025-12-03,S3,P9,1,13
2025-12-04,S3,P9,0,13
2025-12-05,S3,P9,3,10
2025-12-06,S3,P9,0,10
2025-12-07,S3,P9,1,9
2025-12-08,S3,P9,0,9
2025-12-09,S3,P9,0,9
2025-12-10,S3,P9,0,9
2025-12-11,S3,P9,1,8
2025-12-12,S3,P9,2,6
2025-12-13,S3,P9,0,6
2025-12-14,S3,P9,3,3
2025-12-15,S3,P9,0,3
2025-12-16,S3,P9,1,18
2025-12-17,S3,P9,2,16
2025-12-18,S3,P9,1,15
2025-12-19,S3,P9,3,12
2025-12-20,S3,P9,2,10
2025-12-21,S3,P9,1,9
2025-12-22,S3,P9,0,9
2025-12-23,S3,P9,3,6
2025-12-24,S3,P9,0,6
2025-12-25,S3,P9,0,6
2025-12-26,S3,P9,1,5
2025-12-27,S3,P9,1,4
2025-12-28,S3,P9,0,4
2025-12-29,S3,P9,0,4
2025-12-30,S3,P9,0,4
2025-12-31,S3,P9,2,16
2026-01-01,S3,P9,1,15
2026-01-02,S3,P9,1,14
2026-01-03,S3,P9,3,11
2026-01-04,S3,P9,1,10
2026-01-05,S3,P9,2,8
2026-01-06,S3,P9,0,8
2026-01-07,S3,P9,2,6
2026-01-08,S3,P9,1,5
2026-01-09,S3,P9,2,3
2026-01-10,S3,P9,0,3
2026-01-11,S3,P9,1,19
2026-01-12,S3,P9,0,19
2026-01-13,S3,P9,1,18
2026-01-14,S3,P9,2,16
2026-01-15,S3,P9,0,16
2026-01-16,S3,P9,1,15
2026-01-17,S3,P9,2,13
2026-01-18,S3,P9,1,12
2026-01-19,S3,P9,2,10
2026-01-20,S3,P9,0,10
2026-01-21,S3,P9,0,10
2026-01-22,S3,P9,2,8
2026-01-23,S3,P9,2,6
2026-01-24,S3,P9,1,5
2026-01-25,S3,P9,1,4
2026-01-26,S3,P9,0,4
2026-01-27,S3,P9,4,15
2026-01-28,S3,P9,1,14
2026-01-29,S3,P9,2,12
2026-01-30,S3,P9,2,10
2026-01-31,S3,P9,2,8
2026-02-01,S3,P9,1,7
2026-02-02,S3,P9,2,5
2026-02-03,S3,P9,2,3
2026-02-04,S3,P9,2,14
2026-02-05,S3,P9,0,14
2026-02-06,S3,P9,1,13
2026-02-07,S3,P9,2,11
2026-02-08,S3,P9,1,10
2026-02-09,S3,P9,1,9
2026-02-10,S3,P9,2,7
2026-02-11,S3,P9,1,6
2026-02-12,S3,P9,3,3
2026-02-13,S3,P9,1,20
2026-02-14,S3,P9,4,16
2026-02-15,S3,P9,3,13
2026-02-16,S3,P9,2,11
2026-02-17,S3,P9,1,10
2026-02-18,S3,P9,2,8
2026-02-19,S3,P9,2,6
2026-02-20,S3,P9,0,6
2026-02-21,S3,P9,1,5
2026-02-22,S3,P9,3,12
2026-02-23,S3,P9,1,11
2026-02-24,S3,P9,2,9
2026-02-25,S3,P9,1,8
2026-02-26,S3,P9,0,8
2026-02-27,S3,P9,2,6
2026-02-28,S3,P9,1,5
2026-03-01,S3,P9,0,5
2026-03-02,S3,P9,0,5
2026-03-03,S3,P9,0,5
2026-03-04,S3,P9,1,4
2026-03-05,S3,P9,0,4
2026-03-06,S3,P9,0,4
2026-03-07,S3,P9,2,19
2026-03-08,S3,P9,1,18
2026-03-09,S3,P9,2,16
2026-03-10,S3,P9,4,12
2026-03-11,S3,P9,3,9
2026-03-12,S3,P9,1,8
2026-03-13,S3,P9,0,8
2026-03-14,S3,P9,1,7
2025-09-01,S3,P10,6,118
2025-09-02,S3,P10,9,109
2025-09-03,S3,P10,8,101
2025-09-04,S3,P10,10,91
2025-09-05,S3,P10,14,77
2025-09-06,S3,P10,11,66
2025-09-07,S3,P10,6,60
2025-09-08,S3,P10,10,50
2025-09-09,S3,P10,11,39
2025-09-10,S3,P10,10,29
2025-09-11,S3,P10,5,162
2025-09-12,S3,P10,13,149
2025-09-13,S3,P10,14,135
2025-09-14,S3,P10,11,124
2025-09-15,S3,P10,8,116
2025-09-16,S3,P10,14,102
2025-09-17,S3,P10,12,90
2025-09-18,S3,P10,6,84
2025-09-19,S3,P10,12,72
2025-09-20,S3,P10,13,59
2025-09-21,S3,P10,11,48
2025-09-22,S3,P10,13,35
2025-09-23,S3,P10,9,194
2025-09-24,S3,P10,7,187
2025-09-25,S3,P10,10,177
2025-09-26,S3,P10,11,166
2025-09-27,S3,P10,13,153
2025-09-28,S3,P10,10,143
2025-09-29,S3,P10,12,131
2025-09-30,S3,P10,2,129
2025-10-01,S3,P10,13,116
2025-10-02,S3,P10,6,110
2025-10-03,S3,P10,12,98
2025-10-04,S3,P10,11,87
2025-10-05,S3,P10,7,80
2025-10-06,S3,P10,7,73
2025-10-07,S3,P10,15,58
2025-10-08,S3,P10,11,47
2025-10-09,S3,P10,6,41
2025-10-10,S3,P10,12,29
2025-10-11,S3,P10,12,128
2025-10-12,S3,P10,9,119
2025-10-13,S3,P10,4,115
2025-10-14,S3,P10,7,108
2025-10-15,S3,P10,10,98
2025-10-16,S3,P10,11,87
2025-10-17,S3,P10,11,76
2025-10-18,S3,P10,10,66
2025-10-19,S3,P10,6,60
2025-10-20,S3,P10,8,52
2025-10-21,S3,P10,7,45
2025-10-22,S3,P10,7,38
2025-10-23,S3,P10,11,184
2025-10-24,S3,P10,12,172
2025-10-25,S3,P10,11,161
2025-10-26,S3,P10,13,148
2025-10-27,S3,P10,8,140
2025-10-28,S3,P10,16,124
2025-10-29,S3,P10,4,120
2025-10-30,S3,P10,8,112
2025-10-31,S3,P10,15,97
2025-11-01,S3,P10,4,93
2025-11-02,S3,P10,13,80
2025-11-03,S3,P10,11,69
2025-11-04,S3,P10,7,62
2025-11-05,S3,P10,13,49
2025-11-06,S3,P10,11,38
2025-11-07,S3,P10,19,167
2025-11-08,S3,P10,14,153
2025-11-09,S3,P10,9,144
2025-11-10,S3,P10,10,134
2025-11-11,S3,P10,6,128
2025-11-12,S3,P10,10,118
2025-11-13,S3,P10,14,104
2025-11-14,S3,P10,9,95
2025-11-15,S3,P10,11,84
2025-11-16,S3,P10,6,78
2025-11-17,S3,P10,5,73
2025-11-18,S3,P10,10,63
2025-11-19,S3,P10,17,46
2025-11-20,S3,P10,12,34
2025-11-21,S3,P10,7,182
2025-11-22,S3,P10,10,172
2025-11-23,S3,P10,9,163
2025-11-24,S3,P10,10,153
2025-11-25,S3,P10,13,140
2025-11-26,S3,P10,6,134
2025-11-27,S3,P10,8,126
2025-11-28,S3,P10,11,115
2025-11-29,S3,P10,11,104
2025-11-30,S3,P10,11,93
2025-12-01,S3,P10,7,86
2025-12-02,S3,P10,8,78
2025-12-03,S3,P10,11,67
2025-12-04,S3,P10,15,52
2025-12-05,S3,P10,15,37
2025-12-06,S3,P10,11,157
2025-12-07,S3,P10,15,142
2025-12-08,S3,P10,3,139
2025-12-09,S3,P10,6,133
2025-12-10,S3,P10,16,117
2025-12-11,S3,P10,5,112
2025-12-12,S3,P10,16,96
2025-12-13,S3,P10,18,78
2025-12-14,S3,P10,12,66
2025-12-15,S3,P10,3,63
2025-12-16,S3,P10,15,48
2025-12-17,S3,P10,10,38
2025-12-18,S3,P10,6,32
2025-12-19,S3,P10,15,149
2025-12-20,S3,P10,9,140
2025-12-21,S3,P10,9,131
2025-12-22,S3,P10,8,123
2025-12-23,S3,P10,10,113
2025-12-24,S3,P10,13,100
2025-12-25,S3,P10,7,93
2025-12-26,S3,P10,14,79
2025-12-27,S3,P10,10,69
2025-12-28,S3,P10,4,65
2025-12-29,S3,P10,9,56
2025-12-30,S3,P10,16,40
2025-12-31,S3,P10,7,33
2026-01-01,S3,P10,11,102
2026-01-02,S3,P10,7,95
2026-01-03,S3,P10,10,85
2026-01-04,S3,P10,12,73
2026-01-05,S3,P10,7,66
2026-01-06,S3,P10,11,55
2026-01-07,S3,P10,14,41
2026-01-08,S3,P10,6,35
2026-01-09,S3,P10,7,28
2026-01-10,S3,P10,13,132
2026-01-11,S3,P10,7,125
2026-01-12,S3,P10,6,119
2026-01-13,S3,P10,12,107
2026-01-14,S3,P10,13,94
2026-01-15,S3,P10,11,83
2026-01-16,S3,P10,14,69
2026-01-17,S3,P10,7,62
2026-01-18,S3,P10,6,56
2026-01-19,S3,P10,10,46
2026-01-20,S3,P10,10,36
2026-01-21,S3,P10,9,166
2026-01-22,S3,P10,8,158
2026-01-23,S3,P10,16,142
2026-01-24,S3,P10,7,135
2026-01-25,S3,P10,9,126
2026-01-26,S3,P10,11,115
2026-01-27,S3,P10,12,103
2026-01-28,S3,P10,12,91
2026-01-29,S3,P10,7,84
2026-01-30,S3,P10,6,78
2026-01-31,S3,P10,18,60
2026-02-01,S3,P10,9,51
2026-02-02,S3,P10,11,40
2026-02-03,S3,P10,13,152
2026-02-04,S3,P10,12,140
2026-02-05,S3,P10,7,133
2026-02-06,S3,P10,9,124
2026-02-07,S3,P10,10,114
2026-02-08,S3,P10,6,108
2026-02-09,S3,P10,10,98
2026-02-10,S3,P10,9,89
2026-02-11,S3,P10,12,77
2026-02-12,S3,P10,12,65
2026-02-13,S3,P10,11,54
2026-02-14,S3,P10,9,45
2026-02-15,S3,P10,9,36
2026-02-16,S3,P10,6,30
2026-02-17,S3,P10,10,152
2026-02-18,S3,P10,12,140
2026-02-19,S3,P10,6,134
2026-02-20,S3,P10,7,127
2026-02-21,S3,P10,10,117
2026-02-22,S3,P10,9,108
2026-02-23,S3,P10,10,98
2026-02-24,S3,P10,8,90
2026-02-25,S3,P10,14,76
2026-02-26,S3,P10,10,66
2026-02-27,S3,P10,7,59
2026-02-28,S3,P10,10,49
2026-03-01,S3,P10,10,39
2026-03-02,S3,P10,8,31
2026-03-03,S3,P10,14,179
2026-03-04,S3,P10,10,169
2026-03-05,S3,P10,10,159
2026-03-06,S3,P10,11,148
2026-03-07,S3,P10,12,136
2026-03-08,S3,P10,13,123
2026-03-09,S3,P10,11,112
2026-03-10,S3,P10,6,106
2026-03-11,S3,P10,12,94
2026-03-12,S3,P10,8,86
2026-03-13,S3,P10,12,74
2026-03-14,S3,P10,20,54
2025-09-01,S3,P11,5,78
2025-09-02,S3,P11,4,74
2025-09-03,S3,P11,5,69
2025-09-04,S3,P11,5,64
2025-09-05,S3,P11,3,61
2025-09-06,S3,P11,3,58
2025-09-07,S3,P11,6,52
2025-09-08,S3,P11,4,48
2025-09-09,S3,P11,7,41
2025-09-10,S3,P11,4,37
2025-09-11,S3,P11,6,31
2025-09-12,S3,P11,5,26
2025-09-13,S3,P11,2,24
2025-09-14,S3,P11,2,22
2025-09-15,S3,P11,5,17
2025-09-16,S3,P11,4,13
2025-09-17,S3,P11,9,59
2025-09-18,S3,P11,1,58
2025-09-19,S3,P11,1,57
2025-09-20,S3,P11,5,52
2025-09-21,S3,P11,4,48
2025-09-22,S3,P11,2,46
2025-09-23,S3,P11,2,44
2025-09-24,S3,P11,1,43
2025-09-25,S3,P11,5,38
2025-09-26,S3,P11,1,37
2025-09-27,S3,P11,9,28
2025-09-28,S3,P11,7,21
2025-09-29,S3,P11,1,20
2025-09-30,S3,P11,3,17
2025-10-01,S3,P11,3,14
2025-10-02,S3,P11,7,36
2025-10-03,S3,P11,3,33
2025-10-04,S3,P11,6,27
2025-10-05,S3,P11,8,19
2025-10-06,S3,P11,4,15
2025-10-07,S3,P11,2,13
2025-10-08,S3,P11,3,10
2025-10-09,S3,P11,5,41
2025-10-10,S3,P11,5,36
2025-10-11,S3,P11,8,28
2025-10-12,S3,P11,4,24
2025-10-13,S3,P11,7,17
2025-10-14,S3,P11,5,12
2025-10-15,S3,P11,3,68
2025-10-16,S3,P11,8,60
2025-10-17,S3,P11,7,53
2025-10-18,S3,P11,4,49
2025-10-19,S3,P11,3,46
2025-10-20,S3,P11,4,42
2025-10-21,S3,P11,1,41
2025-10-22,S3,P11,5,36
2025-10-23,S3,P11,2,34
2025-10-24,S3,P11,5,29
2025-10-25,S3,P11,4,25
2025-10-26,S3,P11,1,24
2025-10-27,S3,P11,4,20
2025-10-28,S3,P11,7,13
2025-10-29,S3,P11,4,60
2025-10-30,S3,P11,6,54
2025-10-31,S3,P11,5,49
2025-11-01,S3,P11,1,48
2025-11-02,S3,P11,5,43
2025-11-03,S3,P11,3,40
2025-11-04,S3,P11,4,36
2025-11-05,S3,P11,3,33
2025-11-06,S3,P11,6,27
2025-11-07,S3,P11,9,18
2025-11-08,S3,P11,5,13
2025-11-09,S3,P11,2,11
2025-11-10,S3,P11,7,69
2025-11-11,S3,P11,5,64
2025-11-12,S3,P11,1,63
2025-11-13,S3,P11,2,61
2025-11-14,S3,P11,5,56
2025-11-15,S3,P11,6,50
2025-11-16,S3,P11,1,49
2025-11-17,S3,P11,4,45
2025-11-18,S3,P11,6,39
2025-11-19,S3,P11,3,36
2025-11-20,S3,P11,3,33
2025-11-21,S3,P11,2,31
2025-11-22,S3,P11,7,24
2025-11-23,S3,P11,4,20
2025-11-24,S3,P11,5,15
2025-11-25,S3,P11,6,71
2025-11-26,S3,P11,1,70
2025-11-27,S3,P11,7,63
2025-11-28,S3,P11,2,61
2025-11-29,S3,P11,7,54
2025-11-30,S3,P11,5,49
2025-12-01,S3,P11,5,44
2025-12-02,S3,P11,5,39
2025-12-03,S3,P11,2,37
2025-12-04,S3,P11,5,32
2025-12-05,S3,P11,4,28
2025-12-06,S3,P11,2,26
2025-12-07,S3,P11,2,24
2025-12-08,S3,P11,2,22
2025-12-09,S3,P11,1,21
2025-12-10,S3,P11,3,18
2025-12-11,S3,P11,6,12
2025-12-12,S3,P11,5,59
2025-12-13,S3,P11,7,52
2025-12-14,S3,P11,6,46
2025-12-15,S3,P11,2,44
2025-12-16,S3,P11,2,42
2025-12-17,S3,P11,1,41
2025-12-18,S3,P11,4,37
2025-12-19,S3,P11,4,33
2025-12-20,S3,P11,1,32
2025-12-21,S3,P11,3,29
2025-12-22,S3,P11,3,26
2025-12-23,S3,P11,2,24
2025-12-24,S3,P11,4,20
2025-12-25,S3,P11,4,16
2025-12-26,S3,P11,3,13
2025-12-27,S3,P11,2,11
2025-12-28,S3,P11,2,71
2025-12-29,S3,P11,3,68
2025-12-30,S3,P11,5,63
2025-12-31,S3,P11,7,56
2026-01-01,S3,P11,3,53
2026-01-02,S3,P11,6,47
2026-01-03,S3,P11,4,43
2026-01-04,S3,P11,4,39
2026-01-05,S3,P11,8,31
2026-01-06,S3,P11,8,23
2026-01-07,S3,P11,7,16
2026-01-08,S3,P11,4,12
2026-01-09,S3,P11,3,61
2026-01-10,S3,P11,5,56
2026-01-11,S3,P11,8,48
2026-01-12,S3,P11,2,46
2026-01-13,S3,P11,6,40
2026-01-14,S3,P11,2,38
2026-01-15,S3,P11,8,30
2026-01-16,S3,P11,5,25
2026-01-17,S3,P11,4,21
2026-01-18,S3,P11,2,19
2026-01-19,S3,P11,6,13
2026-01-20,S3,P11,3,10
2026-01-21,S3,P11,5,38
2026-01-22,S3,P11,5,33
2026-01-23,S3,P11,1,32
2026-01-24,S3,P11,2,30
2026-01-25,S3,P11,2,28
2026-01-26,S3,P11,3,25
2026-01-27,S3,P11,5,20
2026-01-28,S3,P11,2,18
2026-01-29,S3,P11,5,13
2026-01-30,S3,P11,9,50
2026-01-31,S3,P11,8,42
2026-02-01,S3,P11,7,35
2026-02-02,S3,P11,1,34
2026-02-03,S3,P11,3,31
2026-02-04,S3,P11,7,24
2026-02-05,S3,P11,4,20
2026-02-06,S3,P11,3,17
2026-02-07,S3,P11,2,15
2026-02-08,S3,P11,5,10
2026-02-09,S3,P11,3,40
2026-02-10,S3,P11,3,37
2026-02-11,S3,P11,1,36
2026-02-12,S3,P11,3,33
2026-02-13,S3,P11,2,31
2026-02-14,S3,P11,5,26
2026-02-15,S3,P11,4,22
2026-02-16,S3,P11,5,17
2026-02-17,S3,P11,3,14
2026-02-18,S3,P11,3,11
2026-02-19,S3,P11,4,65
2026-02-20,S3,P11,1,64
2026-02-21,S3,P11,3,61
2026-02-22,S3,P11,4,57
2026-02-23,S3,P11,3,54
2026-02-24,S3,P11,6,48
2026-02-25,S3,P11,3,45
2026-02-26,S3,P11,5,40
2026-02-27,S3,P11,8,32
2026-02-28,S3,P11,3,29
2026-03-01,S3,P11,7,22
2026-03-02,S3,P11,1,21
2026-03-03,S3,P11,1,20
2026-03-04,S3,P11,5,15
2026-03-05,S3,P11,3,12
2026-03-06,S3,P11,9,50
2026-03-07,S3,P11,3,47
2026-03-08,S3,P11,3,44
2026-03-09,S3,P11,2,42
2026-03-10,S3,P11,2,40
2026-03-11,S3,P11,6,34
2026-03-12,S3,P11,2,32
2026-03-13,S3,P11,4,28
2026-03-14,S3,P11,3,25
2025-09-01,S3,P12,0,8
2025-09-02,S3,P12,2,6
2025-09-03,S3,P12,1,5
2025-09-04,S3,P12,0,5
2025-09-05,S3,P12,0,5
2025-09-06,S3,P12,1,4
2025-09-07,S3,P12,0,4
2025-09-08,S3,P12,0,4
2025-09-09,S3,P12,0,4
2025-09-10,S3,P12,0,4
2025-09-11,S3,P12,0,4
2025-09-12,S3,P12,0,4
2025-09-13,S3,P12,2,12
2025-09-14,S3,P12,0,12
2025-09-15,S3,P12,1,11
2025-09-16,S3,P12,1,10
2025-09-17,S3,P12,0,10
2025-09-18,S3,P12,1,9
2025-09-19,S3,P12,0,9
2025-09-20,S3,P12,1,8
2025-09-21,S3,P12,3,5
2025-09-22,S3,P12,0,5
2025-09-23,S3,P12,0,5
2025-09-24,S3,P12,1,4
2025-09-25,S3,P12,0,4
2025-09-26,S3,P12,1,3
2025-09-27,S3,P12,0,3
2025-09-28,S3,P12,0,3
2025-09-29,S3,P12,1,12
2025-09-30,S3,P12,0,12
2025-10-01,S3,P12,0,12
2025-10-02,S3,P12,0,12
2025-10-03,S3,P12,1,11
2025-10-04,S3,P12,1,10
2025-10-05,S3,P12,0,10
2025-10-06,S3,P12,0,10
2025-10-07,S3,P12,1,9
2025-10-08,S3,P12,0,9
2025-10-09,S3,P12,1,8
2025-10-10,S3,P12,0,8
2025-10-11,S3,P12,0,8
2025-10-12,S3,P12,0,8
2025-10-13,S3,P12,1,7
2025-10-14,S3,P12,1,6
2025-10-15,S3,P12,0,6
2025-10-16,S3,P12,0,6
2025-10-17,S3,P12,0,6
2025-10-18,S3,P12,1,5
2025-10-19,S3,P12,0,5
2025-10-20,S3,P12,2,3
2025-10-21,S3,P12,0,3
2025-10-22,S3,P12,0,3
2025-10-23,S3,P12,1,12
2025-10-24,S3,P12,0,12
2025-10-25,S3,P12,1,11
2025-10-26,S3,P12,0,11
2025-10-27,S3,P12,0,11
2025-10-28,S3,P12,1,10
2025-10-29,S3,P12,1,9
2025-10-30,S3,P12,0,9
2025-10-31,S3,P12,0,9
2025-11-01,S3,P12,0,9
2025-11-02,S3,P12,0,9
2025-11-03,S3,P12,2,7
2025-11-04,S3,P12,1,6
2025-11-05,S3,P12,0,6
2025-11-06,S3,P12,1,5
2025-11-07,S3,P12,0,5
2025-11-08,S3,P12,0,5
2025-11-09,S3,P12,0,5
2025-11-10,S3,P12,0,5
2025-11-11,S3,P12,0,5
2025-11-12,S3,P12,0,5
2025-11-13,S3,P12,1,4
2025-11-14,S3,P12,0,4
2025-11-15,S3,P12,0,4
2025-11-16,S3,P12,1,3
2025-11-17,S3,P12,0,3
2025-11-18,S3,P12,2,11
2025-11-19,S3,P12,0,11
2025-11-20,S3,P12,0,11
2025-11-21,S3,P12,1,10
2025-11-22,S3,P12,0,10
2025-11-23,S3,P12,0,10
2025-11-24,S3,P12,1,9
2025-11-25,S3,P12,0,9
2025-11-26,S3,P12,1,8
2025-11-27,S3,P12,1,7
2025-11-28,S3,P12,1,6
2025-11-29,S3,P12,0,6
2025-11-30,S3,P12,0,6
2025-12-01,S3,P12,1,5
2025-12-02,S3,P12,0,5
2025-12-03,S3,P12,1,4
2025-12-04,S3,P12,0,4
2025-12-05,S3,P12,2,12
2025-12-06,S3,P12,0,12
2025-12-07,S3,P12,0,12
2025-12-08,S3,P12,0,12
2025-12-09,S3,P12,1,11
2025-12-10,S3,P12,1,10
2025-12-11,S3,P12,2,8
2025-12-12,S3,P12,0,8
2025-12-13,S3,P12,0,8
2025-12-14,S3,P12,0,8
2025-12-15,S3,P12,1,7
2025-12-16,S3,P12,0,7
2025-12-17,S3,P12,1,6
2025-12-18,S3,P12,1,5
2025-12-19,S3,P12,1,4
2025-12-20,S3,P12,0,4
2025-12-21,S3,P12,2,12
2025-12-22,S3,P12,1,11
2025-12-23,S3,P12,0,11
2025-12-24,S3,P12,0,11
2025-12-25,S3,P12,0,11
2025-12-26,S3,P12,0,11
2025-12-27,S3,P12,0,11
2025-12-28,S3,P12,0,11
2025-12-29,S3,P12,1,10
2025-12-30,S3,P12,0,10
2025-12-31,S3,P12,1,9
2026-01-01,S3,P12,2,7
2026-01-02,S3,P12,0,7
2026-01-03,S3,P12,0,7
2026-01-04,S3,P12,0,7
2026-01-05,S3,P12,0,7
2026-01-06,S3,P12,0,7
2026-01-07,S3,P12,2,5
2026-01-08,S3,P12,1,4
2026-01-09,S3,P12,1,3
2026-01-10,S3,P12,3,10
2026-01-11,S3,P12,0,10
2026-01-12,S3,P12,0,10
2026-01-13,S3,P12,0,10
2026-01-14,S3,P12,0,10
2026-01-15,S3,P12,0,10
2026-01-16,S3,P12,0,10
2026-01-17,S3,P12,0,10
2026-01-18,S3,P12,1,9
2026-01-19,S3,P12,0,9
2026-01-20,S3,P12,1,8
2026-01-21,S3,P12,1,7
2026-01-22,S3,P12,0,7
2026-01-23,S3,P12,1,6
2026-01-24,S3,P12,0,6
2026-01-25,S3,P12,0,6
2026-01-26,S3,P12,0,6
2026-01-27,S3,P12,0,6
2026-01-28,S3,P12,2,4
2026-01-29,S3,P12,0,4
2026-01-30,S3,P12,0,4
2026-01-31,S3,P12,0,4
2026-02-01,S3,P12,1,3
2026-02-02,S3,P12,0,3
2026-02-03,S3,P12,0,3
2026-02-04,S3,P12,1,12
2026-02-05,S3,P12,0,12
2026-02-06,S3,P12,0,12
2026-02-07,S3,P12,0,12
2026-02-08,S3,P12,0,12
2026-02-09,S3,P12,0,12
2026-02-10,S3,P12,4,8
2026-02-11,S3,P12,1,7
2026-02-12,S3,P12,2,5
2026-02-13,S3,P12,1,4
2026-02-14,S3,P12,0,4
2026-02-15,S3,P12,1,3
2026-02-16,S3,P12,0,3
2026-02-17,S3,P12,1,12
2026-02-18,S3,P12,0,12
2026-02-19,S3,P12,0,12
2026-02-20,S3,P12,1,11
2026-02-21,S3,P12,0,11
2026-02-22,S3,P12,0,11
2026-02-23,S3,P12,1,10
2026-02-24,S3,P12,0,10
2026-02-25,S3,P12,3,7
2026-02-26,S3,P12,0,7
2026-02-27,S3,P12,0,7
2026-02-28,S3,P12,1,6
2026-03-01,S3,P12,1,5
2026-03-02,S3,P12,0,5
2026-03-03,S3,P12,0,5
2026-03-04,S3,P12,0,5
2026-03-05,S3,P12,1,4
2026-03-06,S3,P12,0,4
2026-03-07,S3,P12,0,4
2026-03-08,S3,P12,0,4
2026-03-09,S3,P12,1,3
2026-03-10,S3,P12,0,3
2026-03-11,S3,P12,2,11
2026-03-12,S3,P12,0,11
2026-03-13,S3,P12,0,11
2026-03-14,S3,P12,1,10
2025-09-01,S3,P13,10,171
2025-09-02,S3,P13,13,158
2025-09-03,S3,P13,10,148
2025-09-04,S3,P13,13,135
2025-09-05,S3,P13,13,122
2025-09-06,S3,P13,7,115
2025-09-07,S3,P13,13,102
2025-09-08,S3,P13,5,97
2025-09-09,S3,P13,11,86
2025-09-10,S3,P13,11,75
2025-09-11,S3,P13,7,68
2025-09-12,S3,P13,13,55
2025-09-13,S3,P13,13,42
2025-09-14,S3,P13,11,31
2025-09-15,S3,P13,8,131
2025-09-16,S3,P13,6,125
2025-09-17,S3,P13,9,116
2025-09-18,S3,P13,11,105
2025-09-19,S3,P13,4,101
2025-09-20,S3,P13,13,88
2025-09-21,S3,P13,5,83
2025-09-22,S3,P13,6,77
2025-09-23,S3,P13,15,62
2025-09-24,S3,P13,5,57
2025-09-25,S3,P13,9,48
2025-09-26,S3,P13,8,40
2025-09-27,S3,P13,10,30
2025-09-28,S3,P13,6,174
2025-09-29,S3,P13,8,166
2025-09-30,S3,P13,13,153
2025-10-01,S3,P13,8,145
2025-10-02,S3,P13,9,136
2025-10-03,S3,P13,13,123
2025-10-04,S3,P13,10,113
2025-10-05,S3,P13,13,100
2025-10-06,S3,P13,7,93
2025-10-07,S3,P13,9,84
2025-10-08,S3,P13,16,68
2025-10-09,S3,P13,8,60
2025-10-10,S3,P13,9,51
2025-10-11,S3,P13,7,44
2025-10-12,S3,P13,10,34
2025-10-13,S3,P13,12,137
2025-10-14,S3,P13,11,126
2025-10-15,S3,P13,7,119
2025-10-16,S3,P13,6,113
2025-10-17,S3,P13,10,103
2025-10-18,S3,P13,11,92
2025-10-19,S3,P13,10,82
2025-10-20,S3,P13,14,68
2025-10-21,S3,P13,11,57
2025-10-22,S3,P13,12,45
2025-10-23,S3,P13,12,33
2025-10-24,S3,P13,10,133
2025-10-25,S3,P13,3,130
2025-10-26,S3,P13,5,125
2025-10-27,S3,P13,6,119
2025-10-28,S3,P13,5,114
2025-10-29,S3,P13,11,103
2025-10-30,S3,P13,12,91
2025-10-31,S3,P13,14,77
2025-11-01,S3,P13,9,68
2025-11-02,S3,P13,9,59
2025-11-03,S3,P13,3,56
2025-11-04,S3,P13,8,48
2025-11-05,S3,P13,5,43
2025-11-06,S3,P13,10,33
2025-11-07,S3,P13,4,29
2025-11-08,S3,P13,9,160
2025-11-09,S3,P13,11,149
2025-11-10,S3,P13,14,135
2025-11-11,S3,P13,8,127
2025-11-12,S3,P13,11,116
2025-11-13,S3,P13,9,107
2025-11-14,S3,P13,13,94
2025-11-15,S3,P13,10,84
2025-11-16,S3,P13,10,74
2025-11-17,S3,P13,10,64
2025-11-18,S3,P13,6,58
2025-11-19,S3,P13,10,48
2025-11-20,S3,P13,2,46
2025-11-21,S3,P13,10,36
2025-11-22,S3,P13,9,27
2025-11-23,S3,P13,10,103
2025-11-24,S3,P13,8,95
2025-11-25,S3,P13,8,87
2025-11-26,S3,P13,6,81
2025-11-27,S3,P13,6,75
2025-11-28,S3,P13,12,63
2025-11-29,S3,P13,9,54
2025-11-30,S3,P13,7,47
2025-12-01,S3,P13,9,38
2025-12-02,S3,P13,19,176
2025-12-03,S3,P13,7,169
2025-12-04,S3,P13,8,161
2025-12-05,S3,P13,13,148
2025-12-06,S3,P13,11,137
2025-12-07,S3,P13,11,126
2025-12-08,S3,P13,6,120
2025-12-09,S3,P13,10,110
2025-12-10,S3,P13,10,100
2025-12-11,S3,P13,12,88
2025-12-12,S3,P13,8,80
2025-12-13,S3,P13,8,72
2025-12-14,S3,P13,12,60
2025-12-15,S3,P13,10,50
2025-12-16,S3,P13,10,40
2025-12-17,S3,P13,8,32
2025-12-18,S3,P13,12,129
2025-12-19,S3,P13,5,124
2025-12-20,S3,P13,8,116
2025-12-21,S3,P13,7,109
2025-12-22,S3,P13,5,104
2025-12-23,S3,P13,8,96
2025-12-24,S3,P13,13,83
2025-12-25,S3,P13,4,79
2025-12-26,S3,P13,4,75
2025-12-27,S3,P13,8,67
2025-12-28,S3,P13,12,55
2025-12-29,S3,P13,6,49
2025-12-30,S3,P13,8,41
2025-12-31,S3,P13,14,27
2026-01-01,S3,P13,7,165
2026-01-02,S3,P13,7,158
2026-01-03,S3,P13,5,153
2026-01-04,S3,P13,5,148
2026-01-05,S3,P13,10,138
2026-01-06,S3,P13,9,129
2026-01-07,S3,P13,9,120
2026-01-08,S3,P13,15,105
2026-01-09,S3,P13,14,91
2026-01-10,S3,P13,8,83
2026-01-11,S3,P13,12,71
2026-01-12,S3,P13,11,60
2026-01-13,S3,P13,7,53
2026-01-14,S3,P13,8,45
2026-01-15,S3,P13,11,34
2026-01-16,S3,P13,12,117
2026-01-17,S3,P13,11,106
2026-01-18,S3,P13,11,95
2026-01-19,S3,P13,11,84
2026-01-20,S3,P13,13,71
2026-01-21,S3,P13,7,64
2026-01-22,S3,P13,8,56
2026-01-23,S3,P13,7,49
2026-01-24,S3,P13,10,39
2026-01-25,S3,P13,11,28
2026-01-26,S3,P13,5,172
2026-01-27,S3,P13,14,158
2026-01-28,S3,P13,11,147
2026-01-29,S3,P13,4,143
2026-01-30,S3,P13,7,136
2026-01-31,S3,P13,13,123
2026-02-01,S3,P13,8,115
2026-02-02,S3,P13,9,106
2026-02-03,S3,P13,6,100
2026-02-04,S3,P13,12,88
2026-02-05,S3,P13,13,75
2026-02-06,S3,P13,16,59
2026-02-07,S3,P13,11,48
2026-02-08,S3,P13,10,38
2026-02-09,S3,P13,3,35
2026-02-10,S3,P13,10,157
2026-02-11,S3,P13,3,154
2026-02-12,S3,P13,14,140
2026-02-13,S3,P13,9,131
2026-02-14,S3,P13,12,119
2026-02-15,S3,P13,5,114
2026-02-16,S3,P13,8,106
2026-02-17,S3,P13,11,95
2026-02-18,S3,P13,11,84
2026-02-19,S3,P13,10,74
2026-02-20,S3,P13,15,59
2026-02-21,S3,P13,11,48
2026-02-22,S3,P13,7,41
2026-02-23,S3,P13,13,28
2026-02-24,S3,P13,5,163
2026-02-25,S3,P13,6,157
2026-02-26,S3,P13,8,149
2026-02-27,S3,P13,7,142
2026-02-28,S3,P13,12,130
2026-03-01,S3,P13,8,122
2026-03-02,S3,P13,9,113
2026-03-03,S3,P13,5,108
2026-03-04,S3,P13,6,102
2026-03-05,S3,P13,8,94
2026-03-06,S3,P13,11,83
2026-03-07,S3,P13,4,79
2026-03-08,S3,P13,9,70
2026-03-09,S3,P13,7,63
2026-03-10,S3,P13,4,59
2026-03-11,S3,P13,4,55
2026-03-12,S3,P13,3,52
2026-03-13,S3,P13,12,40
2026-03-14,S3,P13,11,29
2025-09-01,S3,P14,1,70
2025-09-02,S3,P14,1,69
2025-09-03,S3,P14,4,65
2025-09-04,S3,P14,4,61
2025-09-05,S3,P14,5,56
2025-09-06,S3,P14,1,55
2025-09-07,S3,P14,1,54
2025-09-08,S3,P14,1,53
2025-09-09,S3,P14,3,50
2025-09-10,S3,P14,4,46
2025-09-11,S3,P14,4,42
2025-09-12,S3,P14,7,35
2025-09-13,S3,P14,0,35
2025-09-14,S3,P14,1,34
2025-09-15,S3,P14,4,30
2025-09-16,S3,P14,3,27
2025-09-17,S3,P14,2,25
2025-09-18,S3,P14,1,24
2025-09-19,S3,P14,6,18
2025-09-20,S3,P14,4,14
2025-09-21,S3,P14,0,14
2025-09-22,S3,P14,2,12
2025-09-23,S3,P14,3,9
2025-09-24,S3,P14,4,38
2025-09-25,S3,P14,6,32
2025-09-26,S3,P14,8,24
2025-09-27,S3,P14,6,18
2025-09-28,S3,P14,0,18
2025-09-29,S3,P14,1,17
2025-09-30,S3,P14,2,15
2025-10-01,S3,P14,1,14
2025-10-02,S3,P14,4,10
2025-10-03,S3,P14,6,29
2025-10-04,S3,P14,2,27
2025-10-05,S3,P14,4,23
2025-10-06,S3,P14,1,22
2025-10-07,S3,P14,3,19
2025-10-08,S3,P14,2,17
2025-10-09,S3,P14,1,16
2025-10-10,S3,P14,4,12
2025-10-11,S3,P14,3,9
2025-10-12,S3,P14,5,44
2025-10-13,S3,P14,1,43
2025-10-14,S3,P14,1,42
2025-10-15,S3,P14,8,34
2025-10-16,S3,P14,1,33
2025-10-17,S3,P14,2,31
2025-10-18,S3,P14,4,27
2025-10-19,S3,P14,1,26
2025-10-20,S3,P14,2,24
2025-10-21,S3,P14,4,20
2025-10-22,S3,P14,4,16
2025-10-23,S3,P14,3,13
2025-10-24,S3,P14,8,54
2025-10-25,S3,P14,3,51
2025-10-26,S3,P14,0,51
2025-10-27,S3,P14,2,49
2025-10-28,S3,P14,3,46
2025-10-29,S3,P14,3,43
2025-10-30,S3,P14,2,41
2025-10-31,S3,P14,3,38
2025-11-01,S3,P14,1,37
2025-11-02,S3,P14,9,28
2025-11-03,S3,P14,7,21
2025-11-04,S3,P14,2,19
2025-11-05,S3,P14,2,17
2025-11-06,S3,P14,3,14
2025-11-07,S3,P14,1,13
2025-11-08,S3,P14,1,12
2025-11-09,S3,P14,1,11
2025-11-10,S3,P14,4,37
2025-11-11,S3,P14,4,33
2025-11-12,S3,P14,4,29
2025-11-13,S3,P14,3,26
2025-11-14,S3,P14,6,20
2025-11-15,S3,P14,7,13
2025-11-16,S3,P14,5,8
2025-11-17,S3,P14,6,45
2025-11-18,S3,P14,3,42
2025-11-19,S3,P14,3,39
2025-11-20,S3,P14,8,31
2025-11-21,S3,P14,0,31
2025-11-22,S3,P14,4,27
2025-11-23,S3,P14,0,27
2025-11-24,S3,P14,3,24
2025-11-25,S3,P14,4,20
2025-11-26,S3,P14,1,19
2025-11-27,S3,P14,5,14
2025-11-28,S3,P14,0,14
2025-11-29,S3,P14,0,14
2025-11-30,S3,P14,1,13
2025-12-01,S3,P14,1,12
2025-12-02,S3,P14,4,8
2025-12-03,S3,P14,1,57
2025-12-04,S3,P14,2,55
2025-12-05,S3,P14,0,55
2025-12-06,S3,P14,4,51
2025-12-07,S3,P14,3,48
2025-12-08,S3,P14,3,45
2025-12-09,S3,P14,3,42
2025-12-10,S3,P14,3,39
2025-12-11,S3,P14,3,36
2025-12-12,S3,P14,5,31
2025-12-13,S3,P14,3,28
2025-12-14,S3,P14,3,25
2025-12-15,S3,P14,2,23
2025-12-16,S3,P14,1,22
2025-12-17,S3,P14,2,20
2025-12-18,S3,P14,4,16
2025-12-19,S3,P14,2,14
2025-12-20,S3,P14,3,11
2025-12-21,S3,P14,4,37
2025-12-22,S3,P14,1,36
2025-12-23,S3,P14,3,33
2025-12-24,S3,P14,3,30
2025-12-25,S3,P14,3,27
2025-12-26,S3,P14,5,22
2025-12-27,S3,P14,1,21
2025-12-28,S3,P14,3,18
2025-12-29,S3,P14,2,16
2025-12-30,S3,P14,3,13
2025-12-31,S3,P14,2,11
2026-01-01,S3,P14,2,9
2026-01-02,S3,P14,5,54
2026-01-03,S3,P14,3,51
2026-01-04,S3,P14,4,47
2026-01-05,S3,P14,1,46
2026-01-06,S3,P14,4,42
2026-01-07,S3,P14,1,41
2026-01-08,S3,P14,3,38
2026-01-09,S3,P14,4,34
2026-01-10,S3,P14,1,33
2026-01-11,S3,P14,1,32
2026-01-12,S3,P14,3,29
2026-01-13,S3,P14,2,27
2026-01-14,S3,P14,2,25
2026-01-15,S3,P14,3,22
2026-01-16,S3,P14,3,19
2026-01-17,S3,P14,5,14
2026-01-18,S3,P14,3,11
2026-01-19,S3,P14,2,9
2026-01-20,S3,P14,1,8
2026-01-21,S3,P14,1,32
2026-01-22,S3,P14,1,31
2026-01-23,S3,P14,3,28
2026-01-24,S3,P14,2,26
2026-01-25,S3,P14,4,22
2026-01-26,S3,P14,3,19
2026-01-27,S3,P14,1,18
2026-01-28,S3,P14,3,15
2026-01-29,S3,P14,4,11
2026-01-30,S3,P14,3,8
2026-01-31,S3,P14,1,31
2026-02-01,S3,P14,4,27
2026-02-02,S3,P14,3,24
2026-02-03,S3,P14,2,22
2026-02-04,S3,P14,3,19
2026-02-05,S3,P14,4,15
2026-02-06,S3,P14,5,10
2026-02-07,S3,P14,3,42
2026-02-08,S3,P14,2,40
2026-02-09,S3,P14,4,36
2026-02-10,S3,P14,3,33
2026-02-11,S3,P14,6,27
2026-02-12,S3,P14,3,24
2026-02-13,S3,P14,1,23
2026-02-14,S3,P14,2,21
2026-02-15,S3,P14,3,18
2026-02-16,S3,P14,1,17
2026-02-17,S3,P14,2,15
2026-02-18,S3,P14,3,12
2026-02-19,S3,P14,4,8
2026-02-20,S3,P14,5,35
2026-02-21,S3,P14,3,32
2026-02-22,S3,P14,4,28
2026-02-23,S3,P14,2,26
2026-02-24,S3,P14,2,24
2026-02-25,S3,P14,2,22
2026-02-26,S3,P14,3,19
2026-02-27,S3,P14,2,17
2026-02-28,S3,P14,5,12
2026-03-01,S3,P14,1,11
2026-03-02,S3,P14,2,9
2026-03-03,S3,P14,2,42
2026-03-04,S3,P14,3,39
2026-03-05,S3,P14,3,36
2026-03-06,S3,P14,3,33
2026-03-07,S3,P14,1,32
2026-03-08,S3,P14,3,29
2026-03-09,S3,P14,4,25
2026-03-10,S3,P14,2,23
2026-03-11,S3,P14,4,19
2026-03-12,S3,P14,3,16
2026-03-13,S3,P14,4,12
2026-03-14,S3,P14,3,9
2025-09-01,S3,P15,2,75
2025-09-02,S3,P15,5,70
2025-09-03,S3,P15,2,68
2025-09-04,S3,P15,6,62
2025-09-05,S3,P15,4,58
2025-09-06,S3,P15,9,49
2025-09-07,S3,P15,5,44
2025-09-08,S3,P15,6,38
2025-09-09,S3,P15,6,32
2025-09-10,S3,P15,7,25
2025-09-11,S3,P15,3,22
2025-09-12,S3,P15,6,16
2025-09-13,S3,P15,8,93
2025-09-14,S3,P15,5,88
2025-09-15,S3,P15,9,79
2025-09-16,S3,P15,5,74
2025-09-17,S3,P15,7,67
2025-09-18,S3,P15,5,62
2025-09-19,S3,P15,4,58
2025-09-20,S3,P15,4,54
2025-09-21,S3,P15,10,44
2025-09-22,S3,P15,2,42
2025-09-23,S3,P15,5,37
2025-09-24,S3,P15,0,37
2025-09-25,S3,P15,5,32
2025-09-26,S3,P15,6,26
2025-09-27,S3,P15,5,21
2025-09-28,S3,P15,2,19
2025-09-29,S3,P15,6,89
2025-09-30,S3,P15,7,82
2025-10-01,S3,P15,3,79
2025-10-02,S3,P15,8,71
2025-10-03,S3,P15,4,67
2025-10-04,S3,P15,6,61
2025-10-05,S3,P15,5,56
2025-10-06,S3,P15,3,53
2025-10-07,S3,P15,3,50
2025-10-08,S3,P15,3,47
2025-10-09,S3,P15,5,42
2025-10-10,S3,P15,5,37
2025-10-11,S3,P15,8,29
2025-10-12,S3,P15,5,24
2025-10-13,S3,P15,5,19
2025-10-14,S3,P15,4,15
2025-10-15,S3,P15,2,86
2025-10-16,S3,P15,8,78
2025-10-17,S3,P15,8,70
2025-10-18,S3,P15,3,67
2025-10-19,S3,P15,3,64
2025-10-20,S3,P15,4,60
2025-10-21,S3,P15,4,56
2025-10-22,S3,P15,2,54
2025-10-23,S3,P15,1,53
2025-10-24,S3,P15,4,49
2025-10-25,S3,P15,3,46
2025-10-26,S3,P15,5,41
2025-10-27,S3,P15,4,37
2025-10-28,S3,P15,9,28
2025-10-29,S3,P15,7,21
2025-10-30,S3,P15,6,15
2025-10-31,S3,P15,10,78
2025-11-01,S3,P15,6,72
2025-11-02,S3,P15,4,68
2025-11-03,S3,P15,5,63
2025-11-04,S3,P15,3,60
2025-11-05,S3,P15,3,57
2025-11-06,S3,P15,3,54
2025-11-07,S3,P15,4,50
2025-11-08,S3,P15,4,46
2025-11-09,S3,P15,3,43
2025-11-10,S3,P15,4,39
2025-11-11,S3,P15,7,32
2025-11-12,S3,P15,6,26
2025-11-13,S3,P15,8,18
2025-11-14,S3,P15,7,89
2025-11-15,S3,P15,10,79
2025-11-16,S3,P15,7,72
2025-11-17,S3,P15,3,69
2025-11-18,S3,P15,5,64
2025-11-19,S3,P15,5,59
2025-11-20,S3,P15,5,54
2025-11-21,S3,P15,2,52
2025-11-22,S3,P15,3,49
2025-11-23,S3,P15,7,42
2025-11-24,S3,P15,6,36
2025-11-25,S3,P15,8,28
2025-11-26,S3,P15,4,24
2025-11-27,S3,P15,7,17
2025-11-28,S3,P15,6,84
2025-11-29,S3,P15,6,78
2025-11-30,S3,P15,6,72
2025-12-01,S3,P15,4,68
2025-12-02,S3,P15,2,66
2025-12-03,S3,P15,8,58
2025-12-04,S3,P15,6,52
2025-12-05,S3,P15,10,42
2025-12-06,S3,P15,7,35
2025-12-07,S3,P15,4,31
2025-12-08,S3,P15,7,24
2025-12-09,S3,P15,2,22
2025-12-10,S3,P15,7,15
2025-12-11,S3,P15,12,61
2025-12-12,S3,P15,7,54
2025-12-13,S3,P15,4,50
2025-12-14,S3,P15,9,41
2025-12-15,S3,P15,3,38
2025-12-16,S3,P15,6,32
2025-12-17,S3,P15,4,28
2025-12-18,S3,P15,3,25
2025-12-19,S3,P15,4,21
2025-12-20,S3,P15,4,17
2025-12-21,S3,P15,3,97
2025-12-22,S3,P15,10,87
2025-12-23,S3,P15,4,83
2025-12-24,S3,P15,9,74
2025-12-25,S3,P15,4,70
2025-12-26,S3,P15,4,66
2025-12-27,S3,P15,10,56
2025-12-28,S3,P15,4,52
2025-12-29,S3,P15,5,47
2025-12-30,S3,P15,6,41
2025-12-31,S3,P15,6,35
2026-01-01,S3,P15,2,33
2026-01-02,S3,P15,5,28
2026-01-03,S3,P15,3,25
2026-01-04,S3,P15,6,19
2026-01-05,S3,P15,5,73
2026-01-06,S3,P15,5,68
2026-01-07,S3,P15,1,67
2026-01-08,S3,P15,11,56
2026-01-09,S3,P15,6,50
2026-01-10,S3,P15,7,43
2026-01-11,S3,P15,4,39
2026-01-12,S3,P15,2,37
2026-01-13,S3,P15,10,27
2026-01-14,S3,P15,4,23
2026-01-15,S3,P15,2,21
2026-01-16,S3,P15,6,15
2026-01-17,S3,P15,4,92
2026-01-18,S3,P15,6,86
2026-01-19,S3,P15,3,83
2026-01-20,S3,P15,2,81
2026-01-21,S3,P15,7,74
2026-01-22,S3,P15,1,73
2026-01-23,S3,P15,4,69
2026-01-24,S3,P15,6,63
2026-01-25,S3,P15,8,55
2026-01-26,S3,P15,1,54
2026-01-27,S3,P15,9,45
2026-01-28,S3,P15,6,39
2026-01-29,S3,P15,4,35
2026-01-30,S3,P15,4,31
2026-01-31,S3,P15,11,20
2026-02-01,S3,P15,2,18
2026-02-02,S3,P15,4,55
2026-02-03,S3,P15,2,53
2026-02-04,S3,P15,2,51
2026-02-05,S3,P15,2,49
2026-02-06,S3,P15,6,43
2026-02-07,S3,P15,5,38
2026-02-08,S3,P15,5,33
2026-02-09,S3,P15,2,31
2026-02-10,S3,P15,4,27
2026-02-11,S3,P15,3,24
2026-02-12,S3,P15,8,16
2026-02-13,S3,P15,7,64
2026-02-14,S3,P15,6,58
2026-02-15,S3,P15,1,57
2026-02-16,S3,P15,6,51
2026-02-17,S3,P15,2,49
2026-02-18,S3,P15,3,46
2026-02-19,S3,P15,1,45
2026-02-20,S3,P15,3,42
2026-02-21,S3,P15,9,33
2026-02-22,S3,P15,4,29
2026-02-23,S3,P15,3,26
2026-02-24,S3,P15,8,18
2026-02-25,S3,P15,6,54
2026-02-26,S3,P15,3,51
2026-02-27,S3,P15,7,44
2026-02-28,S3,P15,6,38
2026-03-01,S3,P15,3,35
2026-03-02,S3,P15,7,28
2026-03-03,S3,P15,9,19
2026-03-04,S3,P15,3,16
2026-03-05,S3,P15,3,73
2026-03-06,S3,P15,4,69
2026-03-07,S3,P15,3,66
2026-03-08,S3,P15,7,59
2026-03-09,S3,P15,3,56
2026-03-10,S3,P15,5,51
2026-03-11,S3,P15,8,43
2026-03-12,S3,P15,2,41
2026-03-13,S3,P15,1,40
2026-03-14,S3,P15,6,34
2025-09-01,S3,P16,10,79
2025-09-02,S3,P16,5,74
2025-09-03,S3,P16,4,70
2025-09-04,S3,P16,3,67
2025-09-05,S3,P16,8,59
2025-09-06,S3,P16,8,51
2025-09-07,S3,P16,3,48
2025-09-08,S3,P16,4,44
2025-09-09,S3,P16,3,41
2025-09-10,S3,P16,2,39
2025-09-11,S3,P16,5,34
2025-09-12,S3,P16,8,26
2025-09-13,S3,P16,2,24
2025-09-14,S3,P16,7,17
2025-09-15,S3,P16,4,13
2025-09-16,S3,P16,3,66
2025-09-17,S3,P16,4,62
2025-09-18,S3,P16,3,59
2025-09-19,S3,P16,4,55
2025-09-20,S3,P16,6,49
2025-09-21,S3,P16,7,42
2025-09-22,S3,P16,3,39
2025-09-23,S3,P16,6,33
2025-09-24,S3,P16,2,31
2025-09-25,S3,P16,5,26
2025-09-26,S3,P16,7,19
2025-09-27,S3,P16,1,18
2025-09-28,S3,P16,4,14
2025-09-29,S3,P16,1,13
2025-09-30,S3,P16,3,59
2025-10-01,S3,P16,7,52
2025-10-02,S3,P16,6,46
2025-10-03,S3,P16,4,42
2025-10-04,S3,P16,6,36
2025-10-05,S3,P16,5,31
2025-10-06,S3,P16,7,24
2025-10-07,S3,P16,3,21
2025-10-08,S3,P16,3,18
2025-10-09,S3,P16,1,17
2025-10-10,S3,P16,4,13
2025-10-11,S3,P16,10,42
2025-10-12,S3,P16,6,36
2025-10-13,S3,P16,0,36
2025-10-14,S3,P16,6,30
2025-10-15,S3,P16,1,29
2025-10-16,S3,P16,5,24
2025-10-17,S3,P16,4,20
2025-10-18,S3,P16,3,17
2025-10-19,S3,P16,4,13
2025-10-20,S3,P16,4,82
2025-10-21,S3,P16,4,78
2025-10-22,S3,P16,3,75
2025-10-23,S3,P16,9,66
2025-10-24,S3,P16,4,62
2025-10-25,S3,P16,7,55
2025-10-26,S3,P16,5,50
2025-10-27,S3,P16,11,39
2025-10-28,S3,P16,1,38
2025-10-29,S3,P16,3,35
2025-10-30,S3,P16,2,33
2025-10-31,S3,P16,3,30
2025-11-01,S3,P16,4,26
2025-11-02,S3,P16,5,21
2025-11-03,S3,P16,6,15
2025-11-04,S3,P16,2,13
2025-11-05,S3,P16,6,80
2025-11-06,S3,P16,2,78
2025-11-07,S3,P16,7,71
2025-11-08,S3,P16,2,69
2025-11-09,S3,P16,2,67
2025-11-10,S3,P16,2,65
2025-11-11,S3,P16,7,58
2025-11-12,S3,P16,4,54
2025-11-13,S3,P16,3,51
2025-11-14,S3,P16,1,50
2025-11-15,S3,P16,3,47
2025-11-16,S3,P16,7,40
2025-11-17,S3,P16,1,39
2025-11-18,S3,P16,5,34
2025-11-19,S3,P16,6,28
2025-11-20,S3,P16,3,25
2025-11-21,S3,P16,2,23
2025-11-22,S3,P16,4,19
2025-11-23,S3,P16,6,13
2025-11-24,S3,P16,5,77
2025-11-25,S3,P16,2,75
2025-11-26,S3,P16,2,73
2025-11-27,S3,P16,2,71
2025-11-28,S3,P16,1,70
2025-11-29,S3,P16,3,67
2025-11-30,S3,P16,8,59
2025-12-01,S3,P16,0,59
2025-12-02,S3,P16,3,56
2025-12-03,S3,P16,7,49
2025-12-04,S3,P16,5,44
2025-12-05,S3,P16,4,40
2025-12-06,S3,P16,8,32
2025-12-07,S3,P16,8,24
2025-12-08,S3,P16,2,22
2025-12-09,S3,P16,5,17
2025-12-10,S3,P16,4,13
2025-12-11,S3,P16,5,67
2025-12-12,S3,P16,8,59
2025-12-13,S3,P16,2,57
2025-12-14,S3,P16,4,53
2025-12-15,S3,P16,4,49
2025-12-16,S3,P16,6,43
2025-12-17,S3,P16,5,38
2025-12-18,S3,P16,3,35
2025-12-19,S3,P16,6,29
2025-12-20,S3,P16,6,23
2025-12-21,S3,P16,4,19
2025-12-22,S3,P16,9,72
2025-12-23,S3,P16,7,65
2025-12-24,S3,P16,2,63
2025-12-25,S3,P16,4,59
2025-12-26,S3,P16,3,56
2025-12-27,S3,P16,6,50
2025-12-28,S3,P16,4,46
2025-12-29,S3,P16,3,43
2025-12-30,S3,P16,0,43
2025-12-31,S3,P16,4,39
2026-01-01,S3,P16,6,33
2026-01-02,S3,P16,7,26
2026-01-03,S3,P16,5,21
2026-01-04,S3,P16,4,17
2026-01-05,S3,P16,4,13
2026-01-06,S3,P16,9,42
2026-01-07,S3,P16,3,39
2026-01-08,S3,P16,3,36
2026-01-09,S3,P16,5,31
2026-01-10,S3,P16,7,24
2026-01-11,S3,P16,5,19
2026-01-12,S3,P16,6,13
2026-01-13,S3,P16,7,56
2026-01-14,S3,P16,1,55
2026-01-15,S3,P16,7,48
2026-01-16,S3,P16,5,43
2026-01-17,S3,P16,5,38
2026-01-18,S3,P16,2,36
2026-01-19,S3,P16,4,32
2026-01-20,S3,P16,2,30
2026-01-21,S3,P16,5,25
2026-01-22,S3,P16,6,19
2026-01-23,S3,P16,7,61
2026-01-24,S3,P16,3,58
2026-01-25,S3,P16,6,52
2026-01-26,S3,P16,3,49
2026-01-27,S3,P16,5,44
2026-01-28,S3,P16,3,41
2026-01-29,S3,P16,8,33
2026-01-30,S3,P16,9,24
2026-01-31,S3,P16,7,17
2026-02-01,S3,P16,6,60
2026-02-02,S3,P16,1,59
2026-02-03,S3,P16,7,52
2026-02-04,S3,P16,2,50
2026-02-05,S3,P16,5,45
2026-02-06,S3,P16,6,39
2026-02-07,S3,P16,11,28
2026-02-08,S3,P16,2,26
2026-02-09,S3,P16,1,25
2026-02-10,S3,P16,7,18
2026-02-11,S3,P16,5,13
2026-02-12,S3,P16,9,68
2026-02-13,S3,P16,7,61
2026-02-14,S3,P16,5,56
2026-02-15,S3,P16,2,54
2026-02-16,S3,P16,6,48
2026-02-17,S3,P16,5,43
2026-02-18,S3,P16,2,41
2026-02-19,S3,P16,6,35
2026-02-20,S3,P16,4,31
2026-02-21,S3,P16,4,27
2026-02-22,S3,P16,7,20
2026-02-23,S3,P16,1,19
2026-02-24,S3,P16,3,16
2026-02-25,S3,P16,5,72
2026-02-26,S3,P16,4,68
2026-02-27,S3,P16,5,63
2026-02-28,S3,P16,7,56
2026-03-01,S3,P16,3,53
2026-03-02,S3,P16,4,49
2026-03-03,S3,P16,6,43
2026-03-04,S3,P16,7,36
2026-03-05,S3,P16,4,32
2026-03-06,S3,P16,5,27
2026-03-07,S3,P16,7,20
2026-03-08,S3,P16,1,19
2026-03-09,S3,P16,3,16
2026-03-10,S3,P16,2,14
2026-03-11,S3,P16,5,47
2026-03-12,S3,P16,6,41
2026-03-13,S3,P16,2,39
2026-03-14,S3,P16,1,38
2025-09-01,S3,P17,2,19
2025-09-02,S3,P17,1,18
2025-09-03,S3,P17,2,16
2025-09-04,S3,P17,0,16
2025-09-05,S3,P17,1,15
2025-09-06,S3,P17,0,15
2025-09-07,S3,P17,0,15
2025-09-08,S3,P17,2,13
2025-09-09,S3,P17,0,13
2025-09-10,S3,P17,0,13
2025-09-11,S3,P17,1,12
2025-09-12,S3,P17,1,11
2025-09-13,S3,P17,0,11
2025-09-14,S3,P17,4,7
2025-09-15,S3,P17,1,6
2025-09-16,S3,P17,0,6
2025-09-17,S3,P17,2,4
2025-09-18,S3,P17,4,15
2025-09-19,S3,P17,1,14
2025-09-20,S3,P17,1,13
2025-09-21,S3,P17,0,13
2025-09-22,S3,P17,2,11
2025-09-23,S3,P17,1,10
2025-09-24,S3,P17,0,10
2025-09-25,S3,P17,1,9
2025-09-26,S3,P17,1,8
2025-09-27,S3,P17,2,6
2025-09-28,S3,P17,1,5
2025-09-29,S3,P17,0,5
2025-09-30,S3,P17,5,16
2025-10-01,S3,P17,1,15
2025-10-02,S3,P17,1,14
2025-10-03,S3,P17,2,12
2025-10-04,S3,P17,0,12
2025-10-05,S3,P17,0,12
2025-10-06,S3,P17,0,12
2025-10-07,S3,P17,2,10
2025-10-08,S3,P17,0,10
2025-10-09,S3,P17,1,9
2025-10-10,S3,P17,1,8
2025-10-11,S3,P17,4,4
2025-10-12,S3,P17,0,4
2025-10-13,S3,P17,0,4
2025-10-14,S3,P17,2,18
2025-10-15,S3,P17,1,17
2025-10-16,S3,P17,0,17
2025-10-17,S3,P17,2,15
2025-10-18,S3,P17,0,15
2025-10-19,S3,P17,0,15
2025-10-20,S3,P17,0,15
2025-10-21,S3,P17,0,15
2025-10-22,S3,P17,1,14
2025-10-23,S3,P17,1,13
2025-10-24,S3,P17,2,11
2025-10-25,S3,P17,4,7
2025-10-26,S3,P17,0,7
2025-10-27,S3,P17,0,7
2025-10-28,S3,P17,3,4
2025-10-29,S3,P17,2,20
2025-10-30,S3,P17,1,19
2025-10-31,S3,P17,3,16
2025-11-01,S3,P17,3,13
2025-11-02,S3,P17,3,10
2025-11-03,S3,P17,0,10
2025-11-04,S3,P17,2,8
2025-11-05,S3,P17,1,7
2025-11-06,S3,P17,2,5
2025-11-07,S3,P17,2,3
2025-11-08,S3,P17,1,20
2025-11-09,S3,P17,2,18
2025-11-10,S3,P17,0,18
2025-11-11,S3,P17,3,15
2025-11-12,S3,P17,2,13
2025-11-13,S3,P17,2,11
2025-11-14,S3,P17,1,10
2025-11-15,S3,P17,0,10
2025-11-16,S3,P17,0,10
2025-11-17,S3,P17,1,9
2025-11-18,S3,P17,1,8
2025-11-19,S3,P17,0,8
2025-11-20,S3,P17,1,7
2025-11-21,S3,P17,1,6
2025-11-22,S3,P17,0,6
2025-11-23,S3,P17,0,6
2025-11-24,S3,P17,1,5
2025-11-25,S3,P17,2,3
2025-11-26,S3,P17,1,18
2025-11-27,S3,P17,0,18
2025-11-28,S3,P17,0,18
2025-11-29,S3,P17,0,18
2025-11-30,S3,P17,0,18
2025-12-01,S3,P17,2,16
2025-12-02,S3,P17,2,14
2025-12-03,S3,P17,0,14
2025-12-04,S3,P17,1,13
2025-12-05,S3,P17,1,12
2025-12-06,S3,P17,0,12
2025-12-07,S3,P17,2,10
2025-12-08,S3,P17,0,10
2025-12-09,S3,P17,2,8
2025-12-10,S3,P17,1,7
2025-12-11,S3,P17,2,5
2025-12-12,S3,P17,1,4
2025-12-13,S3,P17,1,3
2025-12-14,S3,P17,2,12
2025-12-15,S3,P17,2,10
2025-12-16,S3,P17,0,10
2025-12-17,S3,P17,2,8
2025-12-18,S3,P17,0,8
2025-12-19,S3,P17,2,6
2025-12-20,S3,P17,0,6
2025-12-21,S3,P17,1,5
2025-12-22,S3,P17,0,5
2025-12-23,S3,P17,2,3
2025-12-24,S3,P17,3,11
2025-12-25,S3,P17,3,8
2025-12-26,S3,P17,1,7
2025-12-27,S3,P17,1,6
2025-12-28,S3,P17,1,5
2025-12-29,S3,P17,1,4
2025-12-30,S3,P17,0,4
2025-12-31,S3,P17,1,3
2026-01-01,S3,P17,2,22
2026-01-02,S3,P17,2,20
2026-01-03,S3,P17,1,19
2026-01-04,S3,P17,3,16
2026-01-05,S3,P17,0,16
2026-01-06,S3,P17,2,14
2026-01-07,S3,P17,0,14
2026-01-08,S3,P17,1,13
2026-01-09,S3,P17,3,10
2026-01-10,S3,P17,3,7
2026-01-11,S3,P17,1,6
2026-01-12,S3,P17,0,6
2026-01-13,S3,P17,0,6
2026-01-14,S3,P17,0,6
2026-01-15,S3,P17,1,5
2026-01-16,S3,P17,0,5
2026-01-17,S3,P17,1,4
2026-01-18,S3,P17,1,3
2026-01-19,S3,P17,1,23
2026-01-20,S3,P17,0,23
2026-01-21,S3,P17,1,22
2026-01-22,S3,P17,0,22
2026-01-23,S3,P17,2,20
2026-01-24,S3,P17,2,18
2026-01-25,S3,P17,1,17
2026-01-26,S3,P17,3,14
2026-01-27,S3,P17,2,12
2026-01-28,S3,P17,2,10
2026-01-29,S3,P17,2,8
2026-01-30,S3,P17,0,8
2026-01-31,S3,P17,0,8
2026-02-01,S3,P17,0,8
2026-02-02,S3,P17,0,8
2026-02-03,S3,P17,1,7
2026-02-04,S3,P17,0,7
2026-02-05,S3,P17,0,7
2026-02-06,S3,P17,1,6
2026-02-07,S3,P17,1,5
2026-02-08,S3,P17,0,5
2026-02-09,S3,P17,0,5
2026-02-10,S3,P17,0,5
2026-02-11,S3,P17,0,5
2026-02-12,S3,P17,0,5
2026-02-13,S3,P17,1,4
2026-02-14,S3,P17,0,4
2026-02-15,S3,P17,0,4
2026-02-16,S3,P17,0,4
2026-02-17,S3,P17,0,4
2026-02-18,S3,P17,1,3
2026-02-19,S3,P17,0,3
2026-02-20,S3,P17,2,15
2026-02-21,S3,P17,0,15
2026-02-22,S3,P17,0,15
2026-02-23,S3,P17,0,15
2026-02-24,S3,P17,0,15
2026-02-25,S3,P17,0,15
2026-02-26,S3,P17,0,15
2026-02-27,S3,P17,0,15
2026-02-28,S3,P17,0,15
2026-03-01,S3,P17,2,13
2026-03-02,S3,P17,0,13
2026-03-03,S3,P17,0,13
2026-03-04,S3,P17,1,12
2026-03-05,S3,P17,0,12
2026-03-06,S3,P17,0,12
2026-03-07,S3,P17,1,11
2026-03-08,S3,P17,0,11
2026-03-09,S3,P17,0,11
2026-03-10,S3,P17,0,11
2026-03-11,S3,P17,0,11
2026-03-12,S3,P17,0,11
2026-03-13,S3,P17,0,11
2026-03-14,S3,P17,1,10
2025-09-01,S3,P18,0,8
2025-09-02,S3,P18,0,8
2025-09-03,S3,P18,1,7
2025-09-04,S3,P18,0,7
2025-09-05,S3,P18,0,7
2025-09-06,S3,P18,2,5
2025-09-07,S3,P18,0,5
2025-09-08,S3,P18,1,4
2025-09-09,S3,P18,0,4
2025-09-10,S3,P18,0,4
2025-09-11,S3,P18,0,4
2025-09-12,S3,P18,0,4
2025-09-13,S3,P18,1,3
2025-09-14,S3,P18,1,12
2025-09-15,S3,P18,0,12
2025-09-16,S3,P18,1,11
2025-09-17,S3,P18,0,11
2025-09-18,S3,P18,1,10
2025-09-19,S3,P18,1,9
2025-09-20,S3,P18,0,9
2025-09-21,S3,P18,0,9
2025-09-22,S3,P18,0,9
2025-09-23,S3,P18,1,8
2025-09-24,S3,P18,1,7
2025-09-25,S3,P18,0,7
2025-09-26,S3,P18,0,7
2025-09-27,S3,P18,0,7
2025-09-28,S3,P18,0,7
2025-09-29,S3,P18,0,7
2025-09-30,S3,P18,1,6
2025-10-01,S3,P18,0,6
2025-10-02,S3,P18,0,6
2025-10-03,S3,P18,0,6
2025-10-04,S3,P18,1,5
2025-10-05,S3,P18,1,4
2025-10-06,S3,P18,0,4
2025-10-07,S3,P18,0,4
2025-10-08,S3,P18,1,3
2025-10-09,S3,P18,0,3
2025-10-10,S3,P18,0,3
2025-10-11,S3,P18,0,3
2025-10-12,S3,P18,1,12
2025-10-13,S3,P18,1,11
2025-10-14,S3,P18,0,11
2025-10-15,S3,P18,0,11
2025-10-16,S3,P18,0,11
2025-10-17,S3,P18,0,11
2025-10-18,S3,P18,0,11
2025-10-19,S3,P18,1,10
2025-10-20,S3,P18,1,9
2025-10-21,S3,P18,1,8
2025-10-22,S3,P18,0,8
2025-10-23,S3,P18,0,8
2025-10-24,S3,P18,0,8
2025-10-25,S3,P18,0,8
2025-10-26,S3,P18,0,8
2025-10-27,S3,P18,0,8
2025-10-28,S3,P18,1,7
2025-10-29,S3,P18,0,7
2025-10-30,S3,P18,0,7
2025-10-31,S3,P18,0,7
2025-11-01,S3,P18,2,5
2025-11-02,S3,P18,0,5
2025-11-03,S3,P18,0,5
2025-11-04,S3,P18,0,5
2025-11-05,S3,P18,0,5
2025-11-06,S3,P18,1,4
2025-11-07,S3,P18,0,4
2025-11-08,S3,P18,1,3
2025-11-09,S3,P18,1,12
2025-11-10,S3,P18,1,11
2025-11-11,S3,P18,0,11
2025-11-12,S3,P18,1,10
2025-11-13,S3,P18,0,10
2025-11-14,S3,P18,0,10
2025-11-15,S3,P18,0,10
2025-11-16,S3,P18,1,9
2025-11-17,S3,P18,0,9
2025-11-18,S3,P18,0,9
2025-11-19,S3,P18,0,9
2025-11-20,S3,P18,1,8
2025-11-21,S3,P18,2,6
2025-11-22,S3,P18,1,5
2025-11-23,S3,P18,0,5
2025-11-24,S3,P18,0,5
2025-11-25,S3,P18,0,5
2025-11-26,S3,P18,1,4
2025-11-27,S3,P18,0,4
2025-11-28,S3,P18,0,4
2025-11-29,S3,P18,0,4
2025-11-30,S3,P18,0,4
2025-12-01,S3,P18,0,4
2025-12-02,S3,P18,0,4
2025-12-03,S3,P18,0,4
2025-12-04,S3,P18,1,3
2025-12-05,S3,P18,0,3
2025-12-06,S3,P18,0,3
2025-12-07,S3,P18,1,12
2025-12-08,S3,P18,0,12
2025-12-09,S3,P18,1,11
2025-12-10,S3,P18,2,9
2025-12-11,S3,P18,0,9
2025-12-12,S3,P18,0,9
2025-12-13,S3,P18,0,9
2025-12-14,S3,P18,0,9
2025-12-15,S3,P18,1,8
2025-12-16,S3,P18,0,8
2025-12-17,S3,P18,0,8
2025-12-18,S3,P18,0,8
2025-12-19,S3,P18,1,7
2025-12-20,S3,P18,0,7
2025-12-21,S3,P18,0,7
2025-12-22,S3,P18,1,6
2025-12-23,S3,P18,2,4
2025-12-24,S3,P18,2,12
2025-12-25,S3,P18,0,12
2025-12-26,S3,P18,1,11
2025-12-27,S3,P18,0,11
2025-12-28,S3,P18,0,11
2025-12-29,S3,P18,2,9
2025-12-30,S3,P18,0,9
2025-12-31,S3,P18,0,9
2026-01-01,S3,P18,0,9
2026-01-02,S3,P18,0,9
2026-01-03,S3,P18,0,9
2026-01-04,S3,P18,0,9
2026-01-05,S3,P18,0,9
2026-01-06,S3,P18,1,8
2026-01-07,S3,P18,0,8
2026-01-08,S3,P18,1,7
2026-01-09,S3,P18,0,7
2026-01-10,S3,P18,0,7
2026-01-11,S3,P18,0,7
2026-01-12,S3,P18,0,7
2026-01-13,S3,P18,0,7
2026-01-14,S3,P18,0,7
2026-01-15,S3,P18,1,6
2026-01-16,S3,P18,0,6
2026-01-17,S3,P18,0,6
2026-01-18,S3,P18,0,6
2026-01-19,S3,P18,1,5
2026-01-20,S3,P18,1,4
2026-01-21,S3,P18,0,4
2026-01-22,S3,P18,0,4
2026-01-23,S3,P18,0,4
2026-01-24,S3,P18,1,3
2026-01-25,S3,P18,0,3
2026-01-26,S3,P18,0,3
2026-01-27,S3,P18,0,3
2026-01-28,S3,P18,1,12
2026-01-29,S3,P18,1,11
2026-01-30,S3,P18,0,11
2026-01-31,S3,P18,0,11
2026-02-01,S3,P18,0,11
2026-02-02,S3,P18,0,11
2026-02-03,S3,P18,0,11
2026-02-04,S3,P18,1,10
2026-02-05,S3,P18,0,10
2026-02-06,S3,P18,0,10
2026-02-07,S3,P18,1,9
2026-02-08,S3,P18,0,9
2026-02-09,S3,P18,1,8
2026-02-10,S3,P18,0,8
2026-02-11,S3,P18,1,7
2026-02-12,S3,P18,0,7
2026-02-13,S3,P18,0,7
2026-02-14,S3,P18,0,7
2026-02-15,S3,P18,3,4
2026-02-16,S3,P18,0,4
2026-02-17,S3,P18,0,4
2026-02-18,S3,P18,0,4
2026-02-19,S3,P18,0,4
2026-02-20,S3,P18,1,3
2026-02-21,S3,P18,0,3
2026-02-22,S3,P18,0,3
2026-02-23,S3,P18,0,3
2026-02-24,S3,P18,0,3
2026-02-25,S3,P18,0,3
2026-02-26,S3,P18,1,12
2026-02-27,S3,P18,0,12
2026-02-28,S3,P18,0,12
2026-03-01,S3,P18,0,12
2026-03-02,S3,P18,0,12
2026-03-03,S3,P18,0,12
2026-03-04,S3,P18,0,12
2026-03-05,S3,P18,0,12
2026-03-06,S3,P18,0,12
2026-03-07,S3,P18,2,10
2026-03-08,S3,P18,2,8
2026-03-09,S3,P18,2,6
2026-03-10,S3,P18,0,6
2026-03-11,S3,P18,0,6
2026-03-12,S3,P18,0,6
2026-03-13,S3,P18,1,5
2026-03-14,S3,P18,0,5
2025-09-01,S3,P19,9,63
2025-09-02,S3,P19,10,53
2025-09-03,S3,P19,4,49
2025-09-04,S3,P19,6,43
2025-09-05,S3,P19,12,31
2025-09-06,S3,P19,5,26
2025-09-07,S3,P19,6,20
2025-09-08,S3,P19,5,91
2025-09-09,S3,P19,3,88
2025-09-10,S3,P19,5,83
2025-09-11,S3,P19,5,78
2025-09-12,S3,P19,5,73
2025-09-13,S3,P19,8,65
2025-09-14,S3,P19,7,58
2025-09-15,S3,P19,7,51
2025-09-16,S3,P19,4,47
2025-09-17,S3,P19,6,41
2025-09-18,S3,P19,9,32
2025-09-19,S3,P19,7,25
2025-09-20,S3,P19,7,18
2025-09-21,S3,P19,5,100
2025-09-22,S3,P19,8,92
2025-09-23,S3,P19,3,89
2025-09-24,S3,P19,3,86
2025-09-25,S3,P19,6,80
2025-09-26,S3,P19,4,76
2025-09-27,S3,P19,4,72
2025-09-28,S3,P19,4,68
2025-09-29,S3,P19,8,60
2025-09-30,S3,P19,10,50
2025-10-01,S3,P19,3,47
2025-10-02,S3,P19,8,39
2025-10-03,S3,P19,11,28
2025-10-04,S3,P19,6,22
2025-10-05,S3,P19,5,17
2025-10-06,S3,P19,3,94
2025-10-07,S3,P19,10,84
2025-10-08,S3,P19,9,75
2025-10-09,S3,P19,4,71
2025-10-10,S3,P19,6,65
2025-10-11,S3,P19,3,62
2025-10-12,S3,P19,4,58
2025-10-13,S3,P19,3,55
2025-10-14,S3,P19,4,51
2025-10-15,S3,P19,7,44
2025-10-16,S3,P19,4,40
2025-10-17,S3,P19,2,38
2025-10-18,S3,P19,5,33
2025-10-19,S3,P19,5,28
2025-10-20,S3,P19,4,24
2025-10-21,S3,P19,8,16
2025-10-22,S3,P19,9,92
2025-10-23,S3,P19,3,89
2025-10-24,S3,P19,3,86
2025-10-25,S3,P19,5,81
2025-10-26,S3,P19,6,75
2025-10-27,S3,P19,4,71
2025-10-28,S3,P19,3,68
2025-10-29,S3,P19,5,63
2025-10-30,S3,P19,7,56
2025-10-31,S3,P19,6,50
2025-11-01,S3,P19,5,45
2025-11-02,S3,P19,7,38
2025-11-03,S3,P19,2,36
2025-11-04,S3,P19,4,32
2025-11-05,S3,P19,3,29
2025-11-06,S3,P19,3,26
2025-11-07,S3,P19,5,21
2025-11-08,S3,P19,12,58
2025-11-09,S3,P19,8,50
2025-11-10,S3,P19,6,44
2025-11-11,S3,P19,2,42
2025-11-12,S3,P19,6,36
2025-11-13,S3,P19,8,28
2025-11-14,S3,P19,6,22
2025-11-15,S3,P19,4,18
2025-11-16,S3,P19,5,105
2025-11-17,S3,P19,8,97
2025-11-18,S3,P19,5,92
2025-11-19,S3,P19,4,88
2025-11-20,S3,P19,7,81
2025-11-21,S3,P19,4,77
2025-11-22,S3,P19,2,75
2025-11-23,S3,P19,3,72
2025-11-24,S3,P19,8,64
2025-11-25,S3,P19,6,58
2025-11-26,S3,P19,3,55
2025-11-27,S3,P19,4,51
2025-11-28,S3,P19,4,47
2025-11-29,S3,P19,5,42
2025-11-30,S3,P19,3,39
2025-12-01,S3,P19,6,33
2025-12-02,S3,P19,6,27
2025-12-03,S3,P19,5,22
2025-12-04,S3,P19,6,16
2025-12-05,S3,P19,5,67
2025-12-06,S3,P19,5,62
2025-12-07,S3,P19,6,56
2025-12-08,S3,P19,5,51
2025-12-09,S3,P19,5,46
2025-12-10,S3,P19,7,39
2025-12-11,S3,P19,4,35
2025-12-12,S3,P19,2,33
2025-12-13,S3,P19,5,28
2025-12-14,S3,P19,6,22
2025-12-15,S3,P19,4,18
2025-12-16,S3,P19,6,56
2025-12-17,S3,P19,4,52
2025-12-18,S3,P19,4,48
2025-12-19,S3,P19,15,33
2025-12-20,S3,P19,11,22
2025-12-21,S3,P19,4,18
2025-12-22,S3,P19,6,106
2025-12-23,S3,P19,2,104
2025-12-24,S3,P19,7,97
2025-12-25,S3,P19,9,88
2025-12-26,S3,P19,7,81
2025-12-27,S3,P19,4,77
2025-12-28,S3,P19,4,73
2025-12-29,S3,P19,1,72
2025-12-30,S3,P19,8,64
2025-12-31,S3,P19,7,57
2026-01-01,S3,P19,5,52
2026-01-02,S3,P19,3,49
2026-01-03,S3,P19,6,43
2026-01-04,S3,P19,3,40
2026-01-05,S3,P19,8,32
2026-01-06,S3,P19,5,27
2026-01-07,S3,P19,2,25
2026-01-08,S3,P19,4,21
2026-01-09,S3,P19,3,18
2026-01-10,S3,P19,6,85
2026-01-11,S3,P19,11,74
2026-01-12,S3,P19,5,69
2026-01-13,S3,P19,5,64
2026-01-14,S3,P19,4,60
2026-01-15,S3,P19,5,55
2026-01-16,S3,P19,2,53
2026-01-17,S3,P19,10,43
2026-01-18,S3,P19,6,37
2026-01-19,S3,P19,5,32
2026-01-20,S3,P19,4,28
2026-01-21,S3,P19,4,24
2026-01-22,S3,P19,2,22
2026-01-23,S3,P19,9,57
2026-01-24,S3,P19,7,50
2026-01-25,S3,P19,10,40
2026-01-26,S3,P19,3,37
2026-01-27,S3,P19,5,32
2026-01-28,S3,P19,5,27
2026-01-29,S3,P19,2,25
2026-01-30,S3,P19,3,22
2026-01-31,S3,P19,8,93
2026-02-01,S3,P19,10,83
2026-02-02,S3,P19,9,74
2026-02-03,S3,P19,4,70
2026-02-04,S3,P19,4,66
2026-02-05,S3,P19,2,64
2026-02-06,S3,P19,9,55
2026-02-07,S3,P19,10,45
2026-02-08,S3,P19,7,38
2026-02-09,S3,P19,7,31
2026-02-10,S3,P19,6,25
2026-02-11,S3,P19,8,17
2026-02-12,S3,P19,5,90
2026-02-13,S3,P19,8,82
2026-02-14,S3,P19,7,75
2026-02-15,S3,P19,8,67
2026-02-16,S3,P19,3,64
2026-02-17,S3,P19,3,61
2026-02-18,S3,P19,5,56
2026-02-19,S3,P19,4,52
2026-02-20,S3,P19,6,46
2026-02-21,S3,P19,9,37
2026-02-22,S3,P19,5,32
2026-02-23,S3,P19,5,27
2026-02-24,S3,P19,6,21
2026-02-25,S3,P19,4,17
2026-02-26,S3,P19,7,91
2026-02-27,S3,P19,5,86
2026-02-28,S3,P19,10,76
2026-03-01,S3,P19,5,71
2026-03-02,S3,P19,8,63
2026-03-03,S3,P19,9,54
2026-03-04,S3,P19,8,46
2026-03-05,S3,P19,4,42
2026-03-06,S3,P19,2,40
2026-03-07,S3,P19,3,37
2026-03-08,S3,P19,3,34
2026-03-09,S3,P19,7,27
2026-03-10,S3,P19,9,18
2026-03-11,S3,P19,4,70
2026-03-12,S3,P19,4,66
2026-03-13,S3,P19,8,58
2026-03-14,S3,P19,6,52
2025-09-01,S3,P20,4,58
2025-09-02,S3,P20,3,55
2025-09-03,S3,P20,4,51
2025-09-04,S3,P20,1,50
2025-09-05,S3,P20,1,49
2025-09-06,S3,P20,7,42
2025-09-07,S3,P20,1,41
2025-09-08,S3,P20,5,36
2025-09-09,S3,P20,5,31
2025-09-10,S3,P20,3,28
2025-09-11,S3,P20,4,24
2025-09-12,S3,P20,5,19
2025-09-13,S3,P20,4,15
2025-09-14,S3,P20,1,14
2025-09-15,S3,P20,2,12
2025-09-16,S3,P20,4,50
2025-09-17,S3,P20,3,47
2025-09-18,S3,P20,6,41
2025-09-19,S3,P20,0,41
2025-09-20,S3,P20,4,37
2025-09-21,S3,P20,2,35
2025-09-22,S3,P20,1,34
2025-09-23,S3,P20,2,32
2025-09-24,S3,P20,7,25
2025-09-25,S3,P20,5,20
2025-09-26,S3,P20,3,17
2025-09-27,S3,P20,10,50
2025-09-28,S3,P20,6,44
2025-09-29,S3,P20,2,42
2025-09-30,S3,P20,7,35
2025-10-01,S3,P20,5,30
2025-10-02,S3,P20,2,28
2025-10-03,S3,P20,4,24
2025-10-04,S3,P20,5,19
2025-10-05,S3,P20,7,12
2025-10-06,S3,P20,3,69
2025-10-07,S3,P20,0,69
2025-10-08,S3,P20,5,64
2025-10-09,S3,P20,0,64
2025-10-10,S3,P20,6,58
2025-10-11,S3,P20,4,54
2025-10-12,S3,P20,4,50
2025-10-13,S3,P20,0,50
2025-10-14,S3,P20,3,47
2025-10-15,S3,P20,3,44
2025-10-16,S3,P20,4,40
2025-10-17,S3,P20,3,37
2025-10-18,S3,P20,1,36
2025-10-19,S3,P20,1,35
2025-10-20,S3,P20,4,31
2025-10-21,S3,P20,5,26
2025-10-22,S3,P20,2,24
2025-10-23,S3,P20,8,16
2025-10-24,S3,P20,2,14
2025-10-25,S3,P20,4,10
2025-10-26,S3,P20,2,59
2025-10-27,S3,P20,5,54
2025-10-28,S3,P20,4,50
2025-10-29,S3,P20,1,49
2025-10-30,S3,P20,9,40
2025-10-31,S3,P20,4,36
2025-11-01,S3,P20,5,31
2025-11-02,S3,P20,5,26
2025-11-03,S3,P20,2,24
2025-11-04,S3,P20,6,18
2025-11-05,S3,P20,4,14
2025-11-06,S3,P20,2,12
2025-11-07,S3,P20,3,46
2025-11-08,S3,P20,4,42
2025-11-09,S3,P20,3,39
2025-11-10,S3,P20,4,35
2025-11-11,S3,P20,4,31
2025-11-12,S3,P20,3,28
2025-11-13,S3,P20,1,27
2025-11-14,S3,P20,3,24
2025-11-15,S3,P20,4,20
2025-11-16,S3,P20,3,17
2025-11-17,S3,P20,2,15
2025-11-18,S3,P20,7,74
2025-11-19,S3,P20,3,71
2025-11-20,S3,P20,2,69
2025-11-21,S3,P20,4,65
2025-11-22,S3,P20,7,58
2025-11-23,S3,P20,3,55
2025-11-24,S3,P20,5,50
2025-11-25,S3,P20,2,48
2025-11-26,S3,P20,5,43
2025-11-27,S3,P20,2,41
2025-11-28,S3,P20,5,36
2025-11-29,S3,P20,2,34
2025-11-30,S3,P20,5,29
2025-12-01,S3,P20,4,25
2025-12-02,S3,P20,4,21
2025-12-03,S3,P20,3,18
2025-12-04,S3,P20,2,16
2025-12-05,S3,P20,3,13
2025-12-06,S3,P20,3,10
2025-12-07,S3,P20,2,38
2025-12-08,S3,P20,6,32
2025-12-09,S3,P20,4,28
2025-12-10,S3,P20,7,21
2025-12-11,S3,P20,3,18
2025-12-12,S3,P20,4,14
2025-12-13,S3,P20,6,47
2025-12-14,S3,P20,2,45
2025-12-15,S3,P20,4,41
2025-12-16,S3,P20,4,37
2025-12-17,S3,P20,2,35
2025-12-18,S3,P20,9,26
2025-12-19,S3,P20,7,19
2025-12-20,S3,P20,1,18
2025-12-21,S3,P20,4,14
2025-12-22,S3,P20,4,10
2025-12-23,S3,P20,3,46
2025-12-24,S3,P20,5,41
2025-12-25,S3,P20,4,37
2025-12-26,S3,P20,6,31
2025-12-27,S3,P20,3,28
2025-12-28,S3,P20,3,25
2025-12-29,S3,P20,3,22
2025-12-30,S3,P20,2,20
2025-12-31,S3,P20,6,14
2026-01-01,S3,P20,3,11
2026-01-02,S3,P20,6,70
2026-01-03,S3,P20,6,64
2026-01-04,S3,P20,3,61
2026-01-05,S3,P20,0,61
2026-01-06,S3,P20,0,61
2026-01-07,S3,P20,5,56
2026-01-08,S3,P20,10,46
2026-01-09,S3,P20,4,42
2026-01-10,S3,P20,5,37
2026-01-11,S3,P20,7,30
2026-01-12,S3,P20,5,25
2026-01-13,S3,P20,3,22
2026-01-14,S3,P20,3,19
2026-01-15,S3,P20,7,12
2026-01-16,S3,P20,5,56
2026-01-17,S3,P20,7,49
2026-01-18,S3,P20,3,46
2026-01-19,S3,P20,1,45
2026-01-20,S3,P20,0,45
2026-01-21,S3,P20,1,44
2026-01-22,S3,P20,5,39
2026-01-23,S3,P20,6,33
2026-01-24,S3,P20,5,28
2026-01-25,S3,P20,1,27
2026-01-26,S3,P20,1,26
2026-01-27,S3,P20,2,24
2026-01-28,S3,P20,2,22
2026-01-29,S3,P20,3,19
2026-01-30,S3,P20,9,10
2026-01-31,S3,P20,3,72
2026-02-01,S3,P20,2,70
2026-02-02,S3,P20,2,68
2026-02-03,S3,P20,3,65
2026-02-04,S3,P20,4,61
2026-02-05,S3,P20,4,57
2026-02-06,S3,P20,1,56
2026-02-07,S3,P20,0,56
2026-02-08,S3,P20,2,54
2026-02-09,S3,P20,2,52
2026-02-10,S3,P20,5,47
2026-02-11,S3,P20,5,42
2026-02-12,S3,P20,1,41
2026-02-13,S3,P20,7,34
2026-02-14,S3,P20,1,33
2026-02-15,S3,P20,5,28
2026-02-16,S3,P20,3,25
2026-02-17,S3,P20,3,22
2026-02-18,S3,P20,6,16
2026-02-19,S3,P20,6,10
2026-02-20,S3,P20,4,37
2026-02-21,S3,P20,2,35
2026-02-22,S3,P20,8,27
2026-02-23,S3,P20,3,24
2026-02-24,S3,P20,3,21
2026-02-25,S3,P20,3,18
2026-02-26,S3,P20,3,15
2026-02-27,S3,P20,4,11
2026-02-28,S3,P20,2,72
2026-03-01,S3,P20,4,68
2026-03-02,S3,P20,5,63
2026-03-03,S3,P20,6,57
2026-03-04,S3,P20,4,53
2026-03-05,S3,P20,2,51
2026-03-06,S3,P20,4,47
2026-03-07,S3,P20,6,41
2026-03-08,S3,P20,5,36
2026-03-09,S3,P20,1,35
2026-03-10,S3,P20,2,33
2026-03-11,S3,P20,2,31
2026-03-12,S3,P20,4,27
2026-03-13,S3,P20,2,25
2026-03-14,S3,P20,7,18
2025-09-01,S4,P1,3,71
2025-09-02,S4,P1,4,67
2025-09-03,S4,P1,4,63
2025-09-04,S4,P1,7,56
2025-09-05,S4,P1,4,52
2025-09-06,S4,P1,3,49
2025-09-07,S4,P1,6,43
2025-09-08,S4,P1,3,40
2025-09-09,S4,P1,0,40
2025-09-10,S4,P1,2,38
2025-09-11,S4,P1,3,35
2025-09-12,S4,P1,7,28
2025-09-13,S4,P1,7,21
2025-09-14,S4,P1,4,17
2025-09-15,S4,P1,5,12
2025-09-16,S4,P1,3,49
2025-09-17,S4,P1,3,46
2025-09-18,S4,P1,1,45
2025-09-19,S4,P1,4,41
2025-09-20,S4,P1,5,36
2025-09-21,S4,P1,1,35
2025-09-22,S4,P1,2,33
2025-09-23,S4,P1,4,29
2025-09-24,S4,P1,4,25
2025-09-25,S4,P1,5,20
2025-09-26,S4,P1,6,14
2025-09-27,S4,P1,4,10
2025-09-28,S4,P1,1,47
2025-09-29,S4,P1,2,45
2025-09-30,S4,P1,5,40
2025-10-01,S4,P1,0,40
2025-10-02,S4,P1,6,34
2025-10-03,S4,P1,6,28
2025-10-04,S4,P1,3,25
2025-10-05,S4,P1,0,25
2025-10-06,S4,P1,0,25
2025-10-07,S4,P1,6,19
2025-10-08,S4,P1,0,19
2025-10-09,S4,P1,4,15
2025-10-10,S4,P1,7,39
2025-10-11,S4,P1,5,34
2025-10-12,S4,P1,8,26
2025-10-13,S4,P1,2,24
2025-10-14,S4,P1,3,21
2025-10-15,S4,P1,2,19
2025-10-16,S4,P1,2,17
2025-10-17,S4,P1,7,10
2025-10-18,S4,P1,7,40
2025-10-19,S4,P1,4,36
2025-10-20,S4,P1,3,33
2025-10-21,S4,P1,3,30
2025-10-22,S4,P1,5,25
2025-10-23,S4,P1,6,19
2025-10-24,S4,P1,11,45
2025-10-25,S4,P1,4,41
2025-10-26,S4,P1,2,39
2025-10-27,S4,P1,4,35
2025-10-28,S4,P1,5,30
2025-10-29,S4,P1,3,27
2025-10-30,S4,P1,3,24
2025-10-31,S4,P1,3,21
2025-11-01,S4,P1,3,18
2025-11-02,S4,P1,1,17
2025-11-03,S4,P1,7,10
2025-11-04,S4,P1,3,64
2025-11-05,S4,P1,4,60
2025-11-06,S4,P1,2,58
2025-11-07,S4,P1,4,54
2025-11-08,S4,P1,2,52
2025-11-09,S4,P1,8,44
2025-11-10,S4,P1,4,40
2025-11-11,S4,P1,4,36
2025-11-12,S4,P1,3,33
2025-11-13,S4,P1,5,28
2025-11-14,S4,P1,6,22
2025-11-15,S4,P1,2,20
2025-11-16,S4,P1,4,16
2025-11-17,S4,P1,2,14
2025-11-18,S4,P1,6,66
2025-11-19,S4,P1,3,63
2025-11-20,S4,P1,1,62
2025-11-21,S4,P1,5,57
2025-11-22,S4,P1,6,51
2025-11-23,S4,P1,3,48
2025-11-24,S4,P1,4,44
2025-11-25,S4,P1,4,40
2025-11-26,S4,P1,1,39
2025-11-27,S4,P1,7,32
2025-11-28,S4,P1,4,28
2025-11-29,S4,P1,6,22
2025-11-30,S4,P1,3,19
2025-12-01,S4,P1,3,16
2025-12-02,S4,P1,5,11
2025-12-03,S4,P1,4,43
2025-12-04,S4,P1,1,42
2025-12-05,S4,P1,7,35
2025-12-06,S4,P1,7,28
2025-12-07,S4,P1,6,22
2025-12-08,S4,P1,0,22
2025-12-09,S4,P1,3,19
2025-12-10,S4,P1,5,14
2025-12-11,S4,P1,5,62
2025-12-12,S4,P1,4,58
2025-12-13,S4,P1,3,55
2025-12-14,S4,P1,4,51
2025-12-15,S4,P1,5,46
2025-12-16,S4,P1,4,42
2025-12-17,S4,P1,4,38
2025-12-18,S4,P1,9,29
2025-12-19,S4,P1,6,23
2025-12-20,S4,P1,0,23
2025-12-21,S4,P1,3,20
2025-12-22,S4,P1,3,17
2025-12-23,S4,P1,1,16
2025-12-24,S4,P1,7,42
2025-12-25,S4,P1,5,37
2025-12-26,S4,P1,3,34
2025-12-27,S4,P1,5,29
2025-12-28,S4,P1,1,28
2025-12-29,S4,P1,4,24
2025-12-30,S4,P1,4,20
2025-12-31,S4,P1,2,18
2026-01-01,S4,P1,4,14
2026-01-02,S4,P1,3,11
2026-01-03,S4,P1,8,56
2026-01-04,S4,P1,0,56
2026-01-05,S4,P1,1,55
2026-01-06,S4,P1,8,47
2026-01-07,S4,P1,4,43
2026-01-08,S4,P1,4,39
2026-01-09,S4,P1,5,34
2026-01-10,S4,P1,2,32
2026-01-11,S4,P1,1,31
2026-01-12,S4,P1,2,29
2026-01-13,S4,P1,6,23
2026-01-14,S4,P1,4,19
2026-01-15,S4,P1,4,15
2026-01-16,S4,P1,1,14
2026-01-17,S4,P1,2,12
2026-01-18,S4,P1,1,11
2026-01-19,S4,P1,1,10
2026-01-20,S4,P1,4,67
2026-01-21,S4,P1,5,62
2026-01-22,S4,P1,5,57
2026-01-23,S4,P1,1,56
2026-01-24,S4,P1,6,50
2026-01-25,S4,P1,3,47
2026-01-26,S4,P1,3,44
2026-01-27,S4,P1,7,37
2026-01-28,S4,P1,7,30
2026-01-29,S4,P1,0,30
2026-01-30,S4,P1,3,27
2026-01-31,S4,P1,5,22
2026-02-01,S4,P1,5,17
2026-02-02,S4,P1,4,13
2026-02-03,S4,P1,1,12
2026-02-04,S4,P1,5,62
2026-02-05,S4,P1,3,59
2026-02-06,S4,P1,4,55
2026-02-07,S4,P1,3,52
2026-02-08,S4,P1,4,48
2026-02-09,S4,P1,0,48
2026-02-10,S4,P1,1,47
2026-02-11,S4,P1,0,47
2026-02-12,S4,P1,1,46
2026-02-13,S4,P1,8,38
2026-02-14,S4,P1,5,33
2026-02-15,S4,P1,5,28
2026-02-16,S4,P1,7,21
2026-02-17,S4,P1,4,17
2026-02-18,S4,P1,0,17
2026-02-19,S4,P1,4,13
2026-02-20,S4,P1,2,11
2026-02-21,S4,P1,6,67
2026-02-22,S4,P1,1,66
2026-02-23,S4,P1,3,63
2026-02-24,S4,P1,2,61
2026-02-25,S4,P1,3,58
2026-02-26,S4,P1,5,53
2026-02-27,S4,P1,4,49
2026-02-28,S4,P1,7,42
2026-03-01,S4,P1,3,39
2026-03-02,S4,P1,5,34
2026-03-03,S4,P1,2,32
2026-03-04,S4,P1,5,27
2026-03-05,S4,P1,3,24
2026-03-06,S4,P1,1,23
2026-03-07,S4,P1,3,20
2026-03-08,S4,P1,6,14
2026-03-09,S4,P1,1,13
2026-03-10,S4,P1,4,46
2026-03-11,S4,P1,1,45
2026-03-12,S4,P1,4,41
2026-03-13,S4,P1,1,40
2026-03-14,S4,P1,1,39
2025-09-01,S4,P2,1,11
2025-09-02,S4,P2,1,10
2025-09-03,S4,P2,0,10
2025-09-04,S4,P2,2,8
2025-09-05,S4,P2,0,8
2025-09-06,S4,P2,0,8
2025-09-07,S4,P2,0,8
2025-09-08,S4,P2,0,8
2025-09-09,S4,P2,0,8
2025-09-10,S4,P2,0,8
2025-09-11,S4,P2,0,8
2025-09-12,S4,P2,1,7
2025-09-13,S4,P2,1,6
2025-09-14,S4,P2,0,6
2025-09-15,S4,P2,0,6
2025-09-16,S4,P2,1,5
2025-09-17,S4,P2,0,5
2025-09-18,S4,P2,1,4
2025-09-19,S4,P2,1,3
2025-09-20,S4,P2,1,12
2025-09-21,S4,P2,1,11
2025-09-22,S4,P2,1,10
2025-09-23,S4,P2,0,10
2025-09-24,S4,P2,1,9
2025-09-25,S4,P2,0,9
2025-09-26,S4,P2,0,9
2025-09-27,S4,P2,0,9
2025-09-28,S4,P2,1,8
2025-09-29,S4,P2,0,8
2025-09-30,S4,P2,0,8
2025-10-01,S4,P2,0,8
2025-10-02,S4,P2,1,7
2025-10-03,S4,P2,0,7
2025-10-04,S4,P2,1,6
2025-10-05,S4,P2,1,5
2025-10-06,S4,P2,2,3
2025-10-07,S4,P2,0,3
2025-10-08,S4,P2,0,3
2025-10-09,S4,P2,1,12
2025-10-10,S4,P2,0,12
2025-10-11,S4,P2,1,11
2025-10-12,S4,P2,1,10
2025-10-13,S4,P2,0,10
2025-10-14,S4,P2,2,8
2025-10-15,S4,P2,0,8
2025-10-16,S4,P2,1,7
2025-10-17,S4,P2,0,7
2025-10-18,S4,P2,1,6
2025-10-19,S4,P2,0,6
2025-10-20,S4,P2,0,6
2025-10-21,S4,P2,1,5
2025-10-22,S4,P2,0,5
2025-10-23,S4,P2,0,5
2025-10-24,S4,P2,1,4
2025-10-25,S4,P2,0,4
2025-10-26,S4,P2,0,4
2025-10-27,S4,P2,0,4
2025-10-28,S4,P2,0,4
2025-10-29,S4,P2,1,3
2025-10-30,S4,P2,0,3
2025-10-31,S4,P2,1,12
2025-11-01,S4,P2,1,11
2025-11-02,S4,P2,1,10
2025-11-03,S4,P2,0,10
2025-11-04,S4,P2,1,9
2025-11-05,S4,P2,0,9
2025-11-06,S4,P2,1,8
2025-11-07,S4,P2,1,7
2025-11-08,S4,P2,0,7
2025-11-09,S4,P2,0,7
2025-11-10,S4,P2,0,7
2025-11-11,S4,P2,0,7
2025-11-12,S4,P2,0,7
2025-11-13,S4,P2,1,6
2025-11-14,S4,P2,0,6
2025-11-15,S4,P2,0,6
2025-11-16,S4,P2,1,5
2025-11-17,S4,P2,1,4
2025-11-18,S4,P2,1,3
2025-11-19,S4,P2,1,12
2025-11-20,S4,P2,0,12
2025-11-21,S4,P2,0,12
2025-11-22,S4,P2,1,11
2025-11-23,S4,P2,1,10
2025-11-24,S4,P2,0,10
2025-11-25,S4,P2,2,8
2025-11-26,S4,P2,0,8
2025-11-27,S4,P2,0,8
2025-11-28,S4,P2,1,7
2025-11-29,S4,P2,0,7
2025-11-30,S4,P2,2,5
2025-12-01,S4,P2,0,5
2025-12-02,S4,P2,0,5
2025-12-03,S4,P2,1,4
2025-12-04,S4,P2,1,3
2025-12-05,S4,P2,1,12
2025-12-06,S4,P2,0,12
2025-12-07,S4,P2,1,11
2025-12-08,S4,P2,1,10
2025-12-09,S4,P2,0,10
2025-12-10,S4,P2,1,9
2025-12-11,S4,P2,0,9
2025-12-12,S4,P2,1,8
2025-12-13,S4,P2,0,8
2025-12-14,S4,P2,0,8
2025-12-15,S4,P2,0,8
2025-12-16,S4,P2,1,7
2025-12-17,S4,P2,1,6
2025-12-18,S4,P2,1,5
2025-12-19,S4,P2,1,4
2025-12-20,S4,P2,3,11
2025-12-21,S4,P2,2,9
2025-12-22,S4,P2,1,8
2025-12-23,S4,P2,0,8
2025-12-24,S4,P2,1,7
2025-12-25,S4,P2,0,7
2025-12-26,S4,P2,1,6
2025-12-27,S4,P2,1,5
2025-12-28,S4,P2,0,5
2025-12-29,S4,P2,0,5
2025-12-30,S4,P2,1,4
2025-12-31,S4,P2,0,4
2026-01-01,S4,P2,2,12
2026-01-02,S4,P2,0,12
2026-01-03,S4,P2,0,12
2026-01-04,S4,P2,1,11
2026-01-05,S4,P2,0,11
2026-01-06,S4,P2,0,11
2026-01-07,S4,P2,0,11
2026-01-08,S4,P2,1,10
2026-01-09,S4,P2,0,10
2026-01-10,S4,P2,1,9
2026-01-11,S4,P2,0,9
2026-01-12,S4,P2,1,8
2026-01-13,S4,P2,0,8
2026-01-14,S4,P2,0,8
2026-01-15,S4,P2,1,7
2026-01-16,S4,P2,1,6
2026-01-17,S4,P2,1,5
2026-01-18,S4,P2,1,4
2026-01-19,S4,P2,0,4
2026-01-20,S4,P2,1,3
2026-01-21,S4,P2,0,3
2026-01-22,S4,P2,1,12
2026-01-23,S4,P2,1,11
2026-01-24,S4,P2,1,10
2026-01-25,S4,P2,1,9
2026-01-26,S4,P2,0,9
2026-01-27,S4,P2,1,8
2026-01-28,S4,P2,0,8
2026-01-29,S4,P2,0,8
2026-01-30,S4,P2,0,8
2026-01-31,S4,P2,1,7
2026-02-01,S4,P2,0,7
2026-02-02,S4,P2,1,6
2026-02-03,S4,P2,2,4
2026-02-04,S4,P2,1,3
2026-02-05,S4,P2,1,12
2026-02-06,S4,P2,1,11
2026-02-07,S4,P2,1,10
2026-02-08,S4,P2,0,10
2026-02-09,S4,P2,1,9
2026-02-10,S4,P2,1,8
2026-02-11,S4,P2,0,8
2026-02-12,S4,P2,0,8
2026-02-13,S4,P2,1,7
2026-02-14,S4,P2,1,6
2026-02-15,S4,P2,1,5
2026-02-16,S4,P2,1,4
2026-02-17,S4,P2,1,3
2026-02-18,S4,P2,0,3
2026-02-19,S4,P2,0,3
2026-02-20,S4,P2,1,12
2026-02-21,S4,P2,1,11
2026-02-22,S4,P2,0,11
2026-02-23,S4,P2,1,10
2026-02-24,S4,P2,0,10
2026-02-25,S4,P2,3,7
2026-02-26,S4,P2,0,7
2026-02-27,S4,P2,1,6
2026-02-28,S4,P2,0,6
2026-03-01,S4,P2,0,6
2026-03-02,S4,P2,0,6
2026-03-03,S4,P2,1,5
2026-03-04,S4,P2,0,5
2026-03-05,S4,P2,2,3
2026-03-06,S4,P2,2,11
2026-03-07,S4,P2,1,10
2026-03-08,S4,P2,0,10
2026-03-09,S4,P2,0,10
2026-03-10,S4,P2,1,9
2026-03-11,S4,P2,0,9
2026-03-12,S4,P2,0,9
2026-03-13,S4,P2,0,9
2026-03-14,S4,P2,1,8
2025-09-01,S4,P3,0,35
2025-09-02,S4,P3,1,34
2025-09-03,S4,P3,4,30
2025-09-04,S4,P3,1,29
2025-09-05,S4,P3,1,28
2025-09-06,S4,P3,2,26
2025-09-07,S4,P3,1,25
2025-09-08,S4,P3,4,21
2025-09-09,S4,P3,5,16
2025-09-10,S4,P3,1,15
2025-09-11,S4,P3,4,11
2025-09-12,S4,P3,2,9
2025-09-13,S4,P3,2,7
2025-09-14,S4,P3,1,6
2025-09-15,S4,P3,0,6
2025-09-16,S4,P3,3,41
2025-09-17,S4,P3,1,40
2025-09-18,S4,P3,1,39
2025-09-19,S4,P3,3,36
2025-09-20,S4,P3,0,36
2025-09-21,S4,P3,2,34
2025-09-22,S4,P3,1,33
2025-09-23,S4,P3,5,28
2025-09-24,S4,P3,0,28
2025-09-25,S4,P3,2,26
2025-09-26,S4,P3,1,25
2025-09-27,S4,P3,1,24
2025-09-28,S4,P3,0,24
2025-09-29,S4,P3,4,20
2025-09-30,S4,P3,0,20
2025-10-01,S4,P3,2,18
2025-10-02,S4,P3,0,18
2025-10-03,S4,P3,1,17
2025-10-04,S4,P3,1,16
2025-10-05,S4,P3,4,12
2025-10-06,S4,P3,1,11
2025-10-07,S4,P3,3,8
2025-10-08,S4,P3,3,30
2025-10-09,S4,P3,1,29
2025-10-10,S4,P3,2,27
2025-10-11,S4,P3,2,25
2025-10-12,S4,P3,5,20
2025-10-13,S4,P3,2,18
2025-10-14,S4,P3,1,17
2025-10-15,S4,P3,5,12
2025-10-16,S4,P3,2,10
2025-10-17,S4,P3,1,9
2025-10-18,S4,P3,1,8
2025-10-19,S4,P3,3,36
2025-10-20,S4,P3,4,32
2025-10-21,S4,P3,0,32
2025-10-22,S4,P3,0,32
2025-10-23,S4,P3,4,28
2025-10-24,S4,P3,3,25
2025-10-25,S4,P3,1,24
2025-10-26,S4,P3,0,24
2025-10-27,S4,P3,0,24
2025-10-28,S4,P3,2,22
2025-10-29,S4,P3,1,21
2025-10-30,S4,P3,3,18
2025-10-31,S4,P3,2,16
2025-11-01,S4,P3,3,13
2025-11-02,S4,P3,2,11
2025-11-03,S4,P3,2,9
2025-11-04,S4,P3,2,7
2025-11-05,S4,P3,1,6
2025-11-06,S4,P3,5,24
2025-11-07,S4,P3,1,23
2025-11-08,S4,P3,1,22
2025-11-09,S4,P3,2,20
2025-11-10,S4,P3,0,20
2025-11-11,S4,P3,3,17
2025-11-12,S4,P3,1,16
2025-11-13,S4,P3,1,15
2025-11-14,S4,P3,2,13
2025-11-15,S4,P3,3,10
2025-11-16,S4,P3,2,8
2025-11-17,S4,P3,4,26
2025-11-18,S4,P3,3,23
2025-11-19,S4,P3,3,20
2025-11-20,S4,P3,2,18
2025-11-21,S4,P3,1,17
2025-11-22,S4,P3,2,15
2025-11-23,S4,P3,5,10
2025-11-24,S4,P3,0,10
2025-11-25,S4,P3,2,8
2025-11-26,S4,P3,3,26
2025-11-27,S4,P3,2,24
2025-11-28,S4,P3,4,20
2025-11-29,S4,P3,2,18
2025-11-30,S4,P3,1,17
2025-12-01,S4,P3,1,16
2025-12-02,S4,P3,3,13
2025-12-03,S4,P3,3,10
2025-12-04,S4,P3,2,8
2025-12-05,S4,P3,1,7
2025-12-06,S4,P3,2,30
2025-12-07,S4,P3,4,26
2025-12-08,S4,P3,2,24
2025-12-09,S4,P3,1,23
2025-12-10,S4,P3,1,22
2025-12-11,S4,P3,0,22
2025-12-12,S4,P3,4,18
2025-12-13,S4,P3,3,15
2025-12-14,S4,P3,0,15
2025-12-15,S4,P3,0,15
2025-12-16,S4,P3,1,14
2025-12-17,S4,P3,4,10
2025-12-18,S4,P3,1,9
2025-12-19,S4,P3,4,38
2025-12-20,S4,P3,4,34
2025-12-21,S4,P3,4,30
2025-12-22,S4,P3,1,29
2025-12-23,S4,P3,3,26
2025-12-24,S4,P3,3,23
2025-12-25,S4,P3,2,21
2025-12-26,S4,P3,4,17
2025-12-27,S4,P3,4,13
2025-12-28,S4,P3,2,11
2025-12-29,S4,P3,8,33
2025-12-30,S4,P3,2,31
2025-12-31,S4,P3,5,26
2026-01-01,S4,P3,1,25
2026-01-02,S4,P3,4,21
2026-01-03,S4,P3,1,20
2026-01-04,S4,P3,0,20
2026-01-05,S4,P3,3,17
2026-01-06,S4,P3,3,14
2026-01-07,S4,P3,2,12
2026-01-08,S4,P3,3,9
2026-01-09,S4,P3,6,22
2026-01-10,S4,P3,1,21
2026-01-11,S4,P3,4,17
2026-01-12,S4,P3,0,17
2026-01-13,S4,P3,3,14
2026-01-14,S4,P3,5,9
2026-01-15,S4,P3,2,7
2026-01-16,S4,P3,3,32
2026-01-17,S4,P3,3,29
2026-01-18,S4,P3,2,27
2026-01-19,S4,P3,4,23
2026-01-20,S4,P3,1,22
2026-01-21,S4,P3,0,22
2026-01-22,S4,P3,1,21
2026-01-23,S4,P3,3,18
2026-01-24,S4,P3,3,15
2026-01-25,S4,P3,3,12
2026-01-26,S4,P3,1,11
2026-01-27,S4,P3,4,7
2026-01-28,S4,P3,1,6
2026-01-29,S4,P3,2,42
2026-01-30,S4,P3,1,41
2026-01-31,S4,P3,4,37
2026-02-01,S4,P3,3,34
2026-02-02,S4,P3,2,32
2026-02-03,S4,P3,3,29
2026-02-04,S4,P3,4,25
2026-02-05,S4,P3,4,21
2026-02-06,S4,P3,1,20
2026-02-07,S4,P3,3,17
2026-02-08,S4,P3,2,15
2026-02-09,S4,P3,0,15
2026-02-10,S4,P3,1,14
2026-02-11,S4,P3,2,12
2026-02-12,S4,P3,0,12
2026-02-13,S4,P3,2,10
2026-02-14,S4,P3,3,7
2026-02-15,S4,P3,1,6
2026-02-16,S4,P3,3,31
2026-02-17,S4,P3,0,31
2026-02-18,S4,P3,2,29
2026-02-19,S4,P3,3,26
2026-02-20,S4,P3,2,24
2026-02-21,S4,P3,3,21
2026-02-22,S4,P3,3,18
2026-02-23,S4,P3,3,15
2026-02-24,S4,P3,5,10
2026-02-25,S4,P3,4,6
2026-02-26,S4,P3,4,23
2026-02-27,S4,P3,1,22
2026-02-28,S4,P3,7,15
2026-03-01,S4,P3,3,12
2026-03-02,S4,P3,1,11
2026-03-03,S4,P3,4,7
2026-03-04,S4,P3,2,33
2026-03-05,S4,P3,6,27
2026-03-06,S4,P3,1,26
2026-03-07,S4,P3,2,24
2026-03-08,S4,P3,1,23
2026-03-09,S4,P3,1,22
2026-03-10,S4,P3,2,20
2026-03-11,S4,P3,5,15
2026-03-12,S4,P3,3,12
2026-03-13,S4,P3,0,12
2026-03-14,S4,P3,5,7
2025-09-01,S4,P4,0,22
2025-09-02,S4,P4,1,21
2025-09-03,S4,P4,0,21
2025-09-04,S4,P4,2,19
2025-09-05,S4,P4,2,17
2025-09-06,S4,P4,1,16
2025-09-07,S4,P4,2,14
2025-09-08,S4,P4,4,10
2025-09-09,S4,P4,1,9
2025-09-10,S4,P4,0,9
2025-09-11,S4,P4,3,6
2025-09-12,S4,P4,0,6
2025-09-13,S4,P4,0,6
2025-09-14,S4,P4,2,4
2025-09-15,S4,P4,0,4
2025-09-16,S4,P4,2,16
2025-09-17,S4,P4,3,13
2025-09-18,S4,P4,0,13
2025-09-19,S4,P4,0,13
2025-09-20,S4,P4,1,12
2025-09-21,S4,P4,1,11
2025-09-22,S4,P4,3,8
2025-09-23,S4,P4,3,5
2025-09-24,S4,P4,3,15
2025-09-25,S4,P4,1,14
2025-09-26,S4,P4,1,13
2025-09-27,S4,P4,1,12
2025-09-28,S4,P4,1,11
2025-09-29,S4,P4,0,11
2025-09-30,S4,P4,0,11
2025-10-01,S4,P4,1,10
2025-10-02,S4,P4,3,7
2025-10-03,S4,P4,1,6
2025-10-04,S4,P4,2,4
2025-10-05,S4,P4,1,3
2025-10-06,S4,P4,2,13
2025-10-07,S4,P4,1,12
2025-10-08,S4,P4,1,11
2025-10-09,S4,P4,3,8
2025-10-10,S4,P4,5,3
2025-10-11,S4,P4,0,3
2025-10-12,S4,P4,2,12
2025-10-13,S4,P4,4,8
2025-10-14,S4,P4,1,7
2025-10-15,S4,P4,2,5
2025-10-16,S4,P4,1,4
2025-10-17,S4,P4,2,19
2025-10-18,S4,P4,1,18
2025-10-19,S4,P4,1,17
2025-10-20,S4,P4,2,15
2025-10-21,S4,P4,2,13
2025-10-22,S4,P4,0,13
2025-10-23,S4,P4,1,12
2025-10-24,S4,P4,1,11
2025-10-25,S4,P4,1,10
2025-10-26,S4,P4,1,9
2025-10-27,S4,P4,4,5
2025-10-28,S4,P4,2,3
2025-10-29,S4,P4,0,3
2025-10-30,S4,P4,1,12
2025-10-31,S4,P4,2,10
2025-11-01,S4,P4,1,9
2025-11-02,S4,P4,4,5
2025-11-03,S4,P4,0,5
2025-11-04,S4,P4,0,5
2025-11-05,S4,P4,0,5
2025-11-06,S4,P4,2,3
2025-11-07,S4,P4,3,21
2025-11-08,S4,P4,6,15
2025-11-09,S4,P4,2,13
2025-11-10,S4,P4,1,12
2025-11-11,S4,P4,2,10
2025-11-12,S4,P4,1,9
2025-11-13,S4,P4,2,7
2025-11-14,S4,P4,3,4
2025-11-15,S4,P4,3,12
2025-11-16,S4,P4,3,9
2025-11-17,S4,P4,2,7
2025-11-18,S4,P4,0,7
2025-11-19,S4,P4,0,7
2025-11-20,S4,P4,1,6
2025-11-21,S4,P4,1,5
2025-11-22,S4,P4,0,5
2025-11-23,S4,P4,0,5
2025-11-24,S4,P4,1,4
2025-11-25,S4,P4,1,3
2025-11-26,S4,P4,1,21
2025-11-27,S4,P4,1,20
2025-11-28,S4,P4,1,19
2025-11-29,S4,P4,2,17
2025-11-30,S4,P4,1,16
2025-12-01,S4,P4,2,14
2025-12-02,S4,P4,1,13
2025-12-03,S4,P4,2,11
2025-12-04,S4,P4,1,10
2025-12-05,S4,P4,0,10
2025-12-06,S4,P4,1,9
2025-12-07,S4,P4,1,8
2025-12-08,S4,P4,2,6
2025-12-09,S4,P4,1,5
2025-12-10,S4,P4,1,4
2025-12-11,S4,P4,0,4
2025-12-12,S4,P4,0,4
2025-12-13,S4,P4,0,4
2025-12-14,S4,P4,0,4
2025-12-15,S4,P4,1,3
2025-12-16,S4,P4,1,22
2025-12-17,S4,P4,1,21
2025-12-18,S4,P4,0,21
2025-12-19,S4,P4,4,17
2025-12-20,S4,P4,1,16
2025-12-21,S4,P4,0,16
2025-12-22,S4,P4,1,15
2025-12-23,S4,P4,1,14
2025-12-24,S4,P4,0,14
2025-12-25,S4,P4,3,11
2025-12-26,S4,P4,4,7
2025-12-27,S4,P4,2,5
2025-12-28,S4,P4,0,5
2025-12-29,S4,P4,0,5
2025-12-30,S4,P4,2,3
2025-12-31,S4,P4,1,22
2026-01-01,S4,P4,2,20
2026-01-02,S4,P4,3,17
2026-01-03,S4,P4,1,16
2026-01-04,S4,P4,2,14
2026-01-05,S4,P4,0,14
2026-01-06,S4,P4,1,13
2026-01-07,S4,P4,3,10
2026-01-08,S4,P4,3,7
2026-01-09,S4,P4,0,7
2026-01-10,S4,P4,2,5
2026-01-11,S4,P4,2,3
2026-01-12,S4,P4,1,14
2026-01-13,S4,P4,0,14
2026-01-14,S4,P4,1,13
2026-01-15,S4,P4,1,12
2026-01-16,S4,P4,2,10
2026-01-17,S4,P4,0,10
2026-01-18,S4,P4,1,9
2026-01-19,S4,P4,2,7
2026-01-20,S4,P4,2,5
2026-01-21,S4,P4,1,4
2026-01-22,S4,P4,1,3
2026-01-23,S4,P4,2,13
2026-01-24,S4,P4,1,12
2026-01-25,S4,P4,1,11
2026-01-26,S4,P4,2,9
2026-01-27,S4,P4,1,8
2026-01-28,S4,P4,1,7
2026-01-29,S4,P4,1,6
2026-01-30,S4,P4,1,5
2026-01-31,S4,P4,1,4
2026-02-01,S4,P4,1,3
2026-02-02,S4,P4,1,13
2026-02-03,S4,P4,2,11
2026-02-04,S4,P4,2,9
2026-02-05,S4,P4,2,7
2026-02-06,S4,P4,1,6
2026-02-07,S4,P4,4,20
2026-02-08,S4,P4,1,19
2026-02-09,S4,P4,0,19
2026-02-10,S4,P4,3,16
2026-02-11,S4,P4,1,15
2026-02-12,S4,P4,1,14
2026-02-13,S4,P4,0,14
2026-02-14,S4,P4,0,14
2026-02-15,S4,P4,1,13
2026-02-16,S4,P4,4,9
2026-02-17,S4,P4,0,9
2026-02-18,S4,P4,0,9
2026-02-19,S4,P4,3,6
2026-02-20,S4,P4,0,6
2026-02-21,S4,P4,2,4
2026-02-22,S4,P4,1,3
2026-02-23,S4,P4,2,16
2026-02-24,S4,P4,0,16
2026-02-25,S4,P4,2,14
2026-02-26,S4,P4,0,14
2026-02-27,S4,P4,4,10
2026-02-28,S4,P4,0,10
2026-03-01,S4,P4,1,9
2026-03-02,S4,P4,2,7
2026-03-03,S4,P4,1,6
2026-03-04,S4,P4,2,4
2026-03-05,S4,P4,3,19
2026-03-06,S4,P4,0,19
2026-03-07,S4,P4,2,17
2026-03-08,S4,P4,4,13
2026-03-09,S4,P4,0,13
2026-03-10,S4,P4,2,11
2026-03-11,S4,P4,3,8
2026-03-12,S4,P4,2,6
2026-03-13,S4,P4,1,5
2026-03-14,S4,P4,1,4
2025-09-01,S4,P5,2,25
2025-09-02,S4,P5,2,23
2025-09-03,S4,P5,0,23
2025-09-04,S4,P5,0,23
2025-09-05,S4,P5,1,22
2025-09-06,S4,P5,1,21
2025-09-07,S4,P5,1,20
2025-09-08,S4,P5,2,18
2025-09-09,S4,P5,3,15
2025-09-10,S4,P5,2,13
2025-09-11,S4,P5,2,11
2025-09-12,S4,P5,1,10
2025-09-13,S4,P5,0,10
2025-09-14,S4,P5,2,8
2025-09-15,S4,P5,0,8
2025-09-16,S4,P5,0,8
2025-09-17,S4,P5,2,6
2025-09-18,S4,P5,1,5
2025-09-19,S4,P5,1,4
2025-09-20,S4,P5,2,20
2025-09-21,S4,P5,2,18
2025-09-22,S4,P5,2,16
2025-09-23,S4,P5,1,15
2025-09-24,S4,P5,1,14
2025-09-25,S4,P5,2,12
2025-09-26,S4,P5,0,12
2025-09-27,S4,P5,2,10
2025-09-28,S4,P5,3,7
2025-09-29,S4,P5,2,5
2025-09-30,S4,P5,1,4
2025-10-01,S4,P5,3,14
2025-10-02,S4,P5,2,12
2025-10-03,S4,P5,0,12
2025-10-04,S4,P5,1,11
2025-10-05,S4,P5,0,11
2025-10-06,S4,P5,2,9
2025-10-07,S4,P5,0,9
2025-10-08,S4,P5,0,9
2025-10-09,S4,P5,0,9
2025-10-10,S4,P5,1,8
2025-10-11,S4,P5,2,6
2025-10-12,S4,P5,0,6
2025-10-13,S4,P5,0,6
2025-10-14,S4,P5,0,6
2025-10-15,S4,P5,1,5
2025-10-16,S4,P5,2,3
2025-10-17,S4,P5,2,17
2025-10-18,S4,P5,0,17
2025-10-19,S4,P5,0,17
2025-10-20,S4,P5,0,17
2025-10-21,S4,P5,0,17
2025-10-22,S4,P5,0,17
2025-10-23,S4,P5,0,17
2025-10-24,S4,P5,1,16
2025-10-25,S4,P5,0,16
2025-10-26,S4,P5,0,16
2025-10-27,S4,P5,0,16
2025-10-28,S4,P5,2,14
2025-10-29,S4,P5,1,13
2025-10-30,S4,P5,3,10
2025-10-31,S4,P5,2,8
2025-11-01,S4,P5,2,6
2025-11-02,S4,P5,3,3
2025-11-03,S4,P5,1,19
2025-11-04,S4,P5,1,18
2025-11-05,S4,P5,2,16
2025-11-06,S4,P5,3,13
2025-11-07,S4,P5,3,10
2025-11-08,S4,P5,1,9
2025-11-09,S4,P5,0,9
2025-11-10,S4,P5,2,7
2025-11-11,S4,P5,0,7
2025-11-12,S4,P5,1,6
2025-11-13,S4,P5,1,5
2025-11-14,S4,P5,3,16
2025-11-15,S4,P5,1,15
2025-11-16,S4,P5,1,14
2025-11-17,S4,P5,1,13
2025-11-18,S4,P5,0,13
2025-11-19,S4,P5,0,13
2025-11-20,S4,P5,1,12
2025-11-21,S4,P5,2,10
2025-11-22,S4,P5,0,10
2025-11-23,S4,P5,0,10
2025-11-24,S4,P5,1,9
2025-11-25,S4,P5,2,7
2025-11-26,S4,P5,0,7
2025-11-27,S4,P5,0,7
2025-11-28,S4,P5,5,14
2025-11-29,S4,P5,1,13
2025-11-30,S4,P5,0,13
2025-12-01,S4,P5,1,12
2025-12-02,S4,P5,1,11
2025-12-03,S4,P5,1,10
2025-12-04,S4,P5,1,9
2025-12-05,S4,P5,0,9
2025-12-06,S4,P5,0,9
2025-12-07,S4,P5,0,9
2025-12-08,S4,P5,1,8
2025-12-09,S4,P5,0,8
2025-12-10,S4,P5,0,8
2025-12-11,S4,P5,0,8
2025-12-12,S4,P5,1,7
2025-12-13,S4,P5,0,7
2025-12-14,S4,P5,2,5
2025-12-15,S4,P5,1,4
2025-12-16,S4,P5,2,14
2025-12-17,S4,P5,0,14
2025-12-18,S4,P5,3,11
2025-12-19,S4,P5,1,10
2025-12-20,S4,P5,3,7
2025-12-21,S4,P5,1,6
2025-12-22,S4,P5,1,5
2025-12-23,S4,P5,1,4
2025-12-24,S4,P5,1,3
2025-12-25,S4,P5,2,17
2025-12-26,S4,P5,3,14
2025-12-27,S4,P5,1,13
2025-12-28,S4,P5,4,9
2025-12-29,S4,P5,2,7
2025-12-30,S4,P5,1,6
2025-12-31,S4,P5,2,4
2026-01-01,S4,P5,1,3
2026-01-02,S4,P5,0,3
2026-01-03,S4,P5,1,12
2026-01-04,S4,P5,0,12
2026-01-05,S4,P5,1,11
2026-01-06,S4,P5,1,10
2026-01-07,S4,P5,1,9
2026-01-08,S4,P5,0,9
2026-01-09,S4,P5,3,6
2026-01-10,S4,P5,4,14
2026-01-11,S4,P5,0,14
2026-01-12,S4,P5,4,10
2026-01-13,S4,P5,0,10
2026-01-14,S4,P5,2,8
2026-01-15,S4,P5,1,7
2026-01-16,S4,P5,4,3
2026-01-17,S4,P5,2,13
2026-01-18,S4,P5,0,13
2026-01-19,S4,P5,2,11
2026-01-20,S4,P5,2,9
2026-01-21,S4,P5,5,4
2026-01-22,S4,P5,4,14
2026-01-23,S4,P5,2,12
2026-01-24,S4,P5,3,9
2026-01-25,S4,P5,2,7
2026-01-26,S4,P5,1,6
2026-01-27,S4,P5,0,6
2026-01-28,S4,P5,2,4
2026-01-29,S4,P5,3,11
2026-01-30,S4,P5,2,9
2026-01-31,S4,P5,1,8
2026-02-01,S4,P5,3,5
2026-02-02,S4,P5,3,14
2026-02-03,S4,P5,1,13
2026-02-04,S4,P5,2,11
2026-02-05,S4,P5,2,9
2026-02-06,S4,P5,2,7
2026-02-07,S4,P5,3,4
2026-02-08,S4,P5,0,4
2026-02-09,S4,P5,1,3
2026-02-10,S4,P5,2,11
2026-02-11,S4,P5,3,8
2026-02-12,S4,P5,0,8
2026-02-13,S4,P5,1,7
2026-02-14,S4,P5,0,7
2026-02-15,S4,P5,1,6
2026-02-16,S4,P5,1,5
2026-02-17,S4,P5,1,4
2026-02-18,S4,P5,2,12
2026-02-19,S4,P5,4,8
2026-02-20,S4,P5,0,8
2026-02-21,S4,P5,1,7
2026-02-22,S4,P5,1,6
2026-02-23,S4,P5,0,6
2026-02-24,S4,P5,3,3
2026-02-25,S4,P5,0,3
2026-02-26,S4,P5,2,20
2026-02-27,S4,P5,3,17
2026-02-28,S4,P5,3,14
2026-03-01,S4,P5,1,13
2026-03-02,S4,P5,1,12
2026-03-03,S4,P5,2,10
2026-03-04,S4,P5,1,9
2026-03-05,S4,P5,2,7
2026-03-06,S4,P5,1,6
2026-03-07,S4,P5,2,4
2026-03-08,S4,P5,0,4
2026-03-09,S4,P5,2,18
2026-03-10,S4,P5,0,18
2026-03-11,S4,P5,3,15
2026-03-12,S4,P5,0,15
2026-03-13,S4,P5,2,13
2026-03-14,S4,P5,3,10
2025-09-01,S4,P6,5,86
2025-09-02,S4,P6,6,80
2025-09-03,S4,P6,2,78
2025-09-04,S4,P6,3,75
2025-09-05,S4,P6,6,69
2025-09-06,S4,P6,9,60
2025-09-07,S4,P6,5,55
2025-09-08,S4,P6,4,51
2025-09-09,S4,P6,4,47
2025-09-10,S4,P6,5,42
2025-09-11,S4,P6,2,40
2025-09-12,S4,P6,7,33
2025-09-13,S4,P6,7,26
2025-09-14,S4,P6,8,18
2025-09-15,S4,P6,2,16
2025-09-16,S4,P6,5,48
2025-09-17,S4,P6,4,44
2025-09-18,S4,P6,2,42
2025-09-19,S4,P6,4,38
2025-09-20,S4,P6,8,30
2025-09-21,S4,P6,4,26
2025-09-22,S4,P6,3,23
2025-09-23,S4,P6,4,19
2025-09-24,S4,P6,5,14
2025-09-25,S4,P6,2,12
2025-09-26,S4,P6,8,38
2025-09-27,S4,P6,2,36
2025-09-28,S4,P6,3,33
2025-09-29,S4,P6,3,30
2025-09-30,S4,P6,1,29
2025-10-01,S4,P6,4,25
2025-10-02,S4,P6,4,21
2025-10-03,S4,P6,1,20
2025-10-04,S4,P6,9,49
2025-10-05,S4,P6,3,46
2025-10-06,S4,P6,7,39
2025-10-07,S4,P6,4,35
2025-10-08,S4,P6,1,34
2025-10-09,S4,P6,2,32
2025-10-10,S4,P6,4,28
2025-10-11,S4,P6,1,27
2025-10-12,S4,P6,5,22
2025-10-13,S4,P6,1,21
2025-10-14,S4,P6,5,16
2025-10-15,S4,P6,5,84
2025-10-16,S4,P6,3,81
2025-10-17,S4,P6,4,77
2025-10-18,S4,P6,6,71
2025-10-19,S4,P6,6,65
2025-10-20,S4,P6,3,62
2025-10-21,S4,P6,3,59
2025-10-22,S4,P6,3,56
2025-10-23,S4,P6,7,49
2025-10-24,S4,P6,6,43
2025-10-25,S4,P6,3,40
2025-10-26,S4,P6,3,37
2025-10-27,S4,P6,7,30
2025-10-28,S4,P6,4,26
2025-10-29,S4,P6,3,23
2025-10-30,S4,P6,6,17
2025-10-31,S4,P6,9,75
2025-11-01,S4,P6,7,68
2025-11-02,S4,P6,4,64
2025-11-03,S4,P6,1,63
2025-11-04,S4,P6,5,58
2025-11-05,S4,P6,7,51
2025-11-06,S4,P6,0,51
2025-11-07,S4,P6,8,43
2025-11-08,S4,P6,3,40
2025-11-09,S4,P6,3,37
2025-11-10,S4,P6,2,35
2025-11-11,S4,P6,6,29
2025-11-12,S4,P6,7,22
2025-11-13,S4,P6,5,17
2025-11-14,S4,P6,6,45
2025-11-15,S4,P6,4,41
2025-11-16,S4,P6,2,39
2025-11-17,S4,P6,9,30
2025-11-18,S4,P6,2,28
2025-11-19,S4,P6,5,23
2025-11-20,S4,P6,9,14
2025-11-21,S4,P6,5,76
2025-11-22,S4,P6,3,73
2025-11-23,S4,P6,6,67
2025-11-24,S4,P6,4,63
2025-11-25,S4,P6,2,61
2025-11-26,S4,P6,5,56
2025-11-27,S4,P6,1,55
2025-11-28,S4,P6,8,47
2025-11-29,S4,P6,4,43
2025-11-30,S4,P6,4,39
2025-12-01,S4,P6,2,37
2025-12-02,S4,P6,5,32
2025-12-03,S4,P6,6,26
2025-12-04,S4,P6,0,26
2025-12-05,S4,P6,5,21
2025-12-06,S4,P6,3,18
2025-12-07,S4,P6,3,15
2025-12-08,S4,P6,9,51
2025-12-09,S4,P6,2,49
2025-12-10,S4,P6,2,47
2025-12-11,S4,P6,5,42
2025-12-12,S4,P6,3,39
2025-12-13,S4,P6,4,35
2025-12-14,S4,P6,6,29
2025-12-15,S4,P6,2,27
2025-12-16,S4,P6,2,25
2025-12-17,S4,P6,2,23
2025-12-18,S4,P6,8,15
2025-12-19,S4,P6,4,55
2025-12-20,S4,P6,7,48
2025-12-21,S4,P6,0,48
2025-12-22,S4,P6,7,41
2025-12-23,S4,P6,8,33
2025-12-24,S4,P6,2,31
2025-12-25,S4,P6,0,31
2025-12-26,S4,P6,6,25
2025-12-27,S4,P6,7,18
2025-12-28,S4,P6,6,12
2025-12-29,S4,P6,9,43
2025-12-30,S4,P6,5,38
2025-12-31,S4,P6,7,31
2026-01-01,S4,P6,6,25
2026-01-02,S4,P6,7,18
2026-01-03,S4,P6,6,12
2026-01-04,S4,P6,3,80
2026-01-05,S4,P6,6,74
2026-01-06,S4,P6,3,71
2026-01-07,S4,P6,6,65
2026-01-08,S4,P6,6,59
2026-01-09,S4,P6,1,58
2026-01-10,S4,P6,2,56
2026-01-11,S4,P6,1,55
2026-01-12,S4,P6,5,50
2026-01-13,S4,P6,2,48
2026-01-14,S4,P6,6,42
2026-01-15,S4,P6,1,41
2026-01-16,S4,P6,4,37
2026-01-17,S4,P6,9,28
2026-01-18,S4,P6,3,25
2026-01-19,S4,P6,4,21
2026-01-20,S4,P6,5,16
2026-01-21,S4,P6,4,12
2026-01-22,S4,P6,3,54
2026-01-23,S4,P6,5,49
2026-01-24,S4,P6,5,44
2026-01-25,S4,P6,3,41
2026-01-26,S4,P6,4,37
2026-01-27,S4,P6,4,33
2026-01-28,S4,P6,5,28
2026-01-29,S4,P6,6,22
2026-01-30,S4,P6,8,14
2026-01-31,S4,P6,6,72
2026-02-01,S4,P6,2,70
2026-02-02,S4,P6,4,66
2026-02-03,S4,P6,4,62
2026-02-04,S4,P6,4,58
2026-02-05,S4,P6,3,55
2026-02-06,S4,P6,4,51
2026-02-07,S4,P6,5,46
2026-02-08,S4,P6,4,42
2026-02-09,S4,P6,5,37
2026-02-10,S4,P6,5,32
2026-02-11,S4,P6,1,31
2026-02-12,S4,P6,7,24
2026-02-13,S4,P6,6,18
2026-02-14,S4,P6,2,16
2026-02-15,S4,P6,4,12
2026-02-16,S4,P6,4,75
2026-02-17,S4,P6,6,69
2026-02-18,S4,P6,3,66
2026-02-19,S4,P6,4,62
2026-02-20,S4,P6,5,57
2026-02-21,S4,P6,5,52
2026-02-22,S4,P6,1,51
2026-02-23,S4,P6,6,45
2026-02-24,S4,P6,3,42
2026-02-25,S4,P6,2,40
2026-02-26,S4,P6,3,37
2026-02-27,S4,P6,6,31
2026-02-28,S4,P6,7,24
2026-03-01,S4,P6,4,20
2026-03-02,S4,P6,4,16
2026-03-03,S4,P6,6,79
2026-03-04,S4,P6,3,76
2026-03-05,S4,P6,4,72
2026-03-06,S4,P6,3,69
2026-03-07,S4,P6,0,69
2026-03-08,S4,P6,3,66
2026-03-09,S4,P6,4,62
2026-03-10,S4,P6,3,59
2026-03-11,S4,P6,4,55
2026-03-12,S4,P6,3,52
2026-03-13,S4,P6,2,50
2026-03-14,S4,P6,8,42
2025-09-01,S4,P7,4,103
2025-09-02,S4,P7,6,97
2025-09-03,S4,P7,3,94
2025-09-04,S4,P7,6,88
2025-09-05,S4,P7,1,87
2025-09-06,S4,P7,7,80
2025-09-07,S4,P7,5,75
2025-09-08,S4,P7,4,71
2025-09-09,S4,P7,4,67
2025-09-10,S4,P7,8,59
2025-09-11,S4,P7,9,50
2025-09-12,S4,P7,3,47
2025-09-13,S4,P7,3,44
2025-09-14,S4,P7,6,38
2025-09-15,S4,P7,4,34
2025-09-16,S4,P7,7,27
2025-09-17,S4,P7,4,23
2025-09-18,S4,P7,4,19
2025-09-19,S4,P7,3,16
2025-09-20,S4,P7,5,69
2025-09-21,S4,P7,1,68
2025-09-22,S4,P7,8,60
2025-09-23,S4,P7,8,52
2025-09-24,S4,P7,5,47
2025-09-25,S4,P7,8,39
2025-09-26,S4,P7,4,35
2025-09-27,S4,P7,4,31
2025-09-28,S4,P7,5,26
2025-09-29,S4,P7,2,24
2025-09-30,S4,P7,5,19
2025-10-01,S4,P7,3,16
2025-10-02,S4,P7,4,52
2025-10-03,S4,P7,4,48
2025-10-04,S4,P7,5,43
2025-10-05,S4,P7,6,37
2025-10-06,S4,P7,3,34
2025-10-07,S4,P7,3,31
2025-10-08,S4,P7,6,25
2025-10-09,S4,P7,6,19
2025-10-10,S4,P7,2,17
2025-10-11,S4,P7,8,59
2025-10-12,S4,P7,3,56
2025-10-13,S4,P7,5,51
2025-10-14,S4,P7,5,46
2025-10-15,S4,P7,5,41
2025-10-16,S4,P7,8,33
2025-10-17,S4,P7,8,25
2025-10-18,S4,P7,9,16
2025-10-19,S4,P7,3,13
2025-10-20,S4,P7,1,72
2025-10-21,S4,P7,5,67
2025-10-22,S4,P7,3,64
2025-10-23,S4,P7,5,59
2025-10-24,S4,P7,4,55
2025-10-25,S4,P7,5,50
2025-10-26,S4,P7,6,44
2025-10-27,S4,P7,6,38
2025-10-28,S4,P7,3,35
2025-10-29,S4,P7,4,31
2025-10-30,S4,P7,8,23
2025-10-31,S4,P7,7,16
2025-11-01,S4,P7,5,80
2025-11-02,S4,P7,4,76
2025-11-03,S4,P7,4,72
2025-11-04,S4,P7,3,69
2025-11-05,S4,P7,6,63
2025-11-06,S4,P7,5,58
2025-11-07,S4,P7,4,54
2025-11-08,S4,P7,4,50
2025-11-09,S4,P7,4,46
2025-11-10,S4,P7,5,41
2025-11-11,S4,P7,1,40
2025-11-12,S4,P7,9,31
2025-11-13,S4,P7,6,25
2025-11-14,S4,P7,6,19
2025-11-15,S4,P7,8,78
2025-11-16,S4,P7,3,75
2025-11-17,S4,P7,3,72
2025-11-18,S4,P7,5,67
2025-11-19,S4,P7,4,63
2025-11-20,S4,P7,4,59
2025-11-21,S4,P7,8,51
2025-11-22,S4,P7,7,44
2025-11-23,S4,P7,2,42
2025-11-24,S4,P7,0,42
2025-11-25,S4,P7,4,38
2025-11-26,S4,P7,8,30
2025-11-27,S4,P7,6,24
2025-11-28,S4,P7,7,17
2025-11-29,S4,P7,4,13
2025-11-30,S4,P7,5,56
2025-12-01,S4,P7,4,52
2025-12-02,S4,P7,3,49
2025-12-03,S4,P7,4,45
2025-12-04,S4,P7,4,41
2025-12-05,S4,P7,2,39
2025-12-06,S4,P7,5,34
2025-12-07,S4,P7,4,30
2025-12-08,S4,P7,11,19
2025-12-09,S4,P7,3,16
2025-12-10,S4,P7,6,83
2025-12-11,S4,P7,2,81
2025-12-12,S4,P7,5,76
2025-12-13,S4,P7,2,74
2025-12-14,S4,P7,4,70
2025-12-15,S4,P7,1,69
2025-12-16,S4,P7,3,66
2025-12-17,S4,P7,9,57
2025-12-18,S4,P7,3,54
2025-12-19,S4,P7,6,48
2025-12-20,S4,P7,5,43
2025-12-21,S4,P7,6,37
2025-12-22,S4,P7,1,36
2025-12-23,S4,P7,3,33
2025-12-24,S4,P7,4,29
2025-12-25,S4,P7,5,24
2025-12-26,S4,P7,3,21
2025-12-27,S4,P7,5,16
2025-12-28,S4,P7,3,13
2025-12-29,S4,P7,4,48
2025-12-30,S4,P7,1,47
2025-12-31,S4,P7,3,44
2026-01-01,S4,P7,5,39
2026-01-02,S4,P7,5,34
2026-01-03,S4,P7,6,28
2026-01-04,S4,P7,6,22
2026-01-05,S4,P7,6,16
2026-01-06,S4,P7,8,78
2026-01-07,S4,P7,5,73
2026-01-08,S4,P7,4,69
2026-01-09,S4,P7,6,63
2026-01-10,S4,P7,4,59
2026-01-11,S4,P7,9,50
2026-01-12,S4,P7,7,43
2026-01-13,S4,P7,5,38
2026-01-14,S4,P7,2,36
2026-01-15,S4,P7,4,32
2026-01-16,S4,P7,3,29
2026-01-17,S4,P7,8,21
2026-01-18,S4,P7,7,14
2026-01-19,S4,P7,6,51
2026-01-20,S4,P7,6,45
2026-01-21,S4,P7,0,45
2026-01-22,S4,P7,2,43
2026-01-23,S4,P7,10,33
2026-01-24,S4,P7,6,27
2026-01-25,S4,P7,6,21
2026-01-26,S4,P7,3,18
2026-01-27,S4,P7,7,61
2026-01-28,S4,P7,6,55
2026-01-29,S4,P7,2,53
2026-01-30,S4,P7,4,49
2026-01-31,S4,P7,7,42
2026-02-01,S4,P7,7,35
2026-02-02,S4,P7,4,31
2026-02-03,S4,P7,7,24
2026-02-04,S4,P7,4,20
2026-02-05,S4,P7,7,13
2026-02-06,S4,P7,9,42
2026-02-07,S4,P7,6,36
2026-02-08,S4,P7,7,29
2026-02-09,S4,P7,2,27
2026-02-10,S4,P7,8,19
2026-02-11,S4,P7,5,14
2026-02-12,S4,P7,4,63
2026-02-13,S4,P7,3,60
2026-02-14,S4,P7,3,57
2026-02-15,S4,P7,2,55
2026-02-16,S4,P7,2,53
2026-02-17,S4,P7,4,49
2026-02-18,S4,P7,8,41
2026-02-19,S4,P7,3,38
2026-02-20,S4,P7,2,36
2026-02-21,S4,P7,4,32
2026-02-22,S4,P7,5,27
2026-02-23,S4,P7,3,24
2026-02-24,S4,P7,9,15
2026-02-25,S4,P7,7,71
2026-02-26,S4,P7,2,69
2026-02-27,S4,P7,9,60
2026-02-28,S4,P7,13,47
2026-03-01,S4,P7,2,45
2026-03-02,S4,P7,3,42
2026-03-03,S4,P7,3,39
2026-03-04,S4,P7,5,34
2026-03-05,S4,P7,4,30
2026-03-06,S4,P7,6,24
2026-03-07,S4,P7,5,19
2026-03-08,S4,P7,6,13
2026-03-09,S4,P7,4,91
2026-03-10,S4,P7,8,83
2026-03-11,S4,P7,2,81
2026-03-12,S4,P7,1,80
2026-03-13,S4,P7,6,74
2026-03-14,S4,P7,5,69
2025-09-01,S4,P8,3,17
2025-09-02,S4,P8,1,16
2025-09-03,S4,P8,1,15
2025-09-04,S4,P8,2,13
2025-09-05,S4,P8,0,13
2025-09-06,S4,P8,6,7
2025-09-07,S4,P8,1,6
2025-09-08,S4,P8,1,5
2025-09-09,S4,P8,0,5
2025-09-10,S4,P8,0,5
2025-09-11,S4,P8,0,5
2025-09-12,S4,P8,2,23
2025-09-13,S4,P8,2,21
2025-09-14,S4,P8,1,20
2025-09-15,S4,P8,3,17
2025-09-16,S4,P8,2,15
2025-09-17,S4,P8,3,12
2025-09-18,S4,P8,0,12
2025-09-19,S4,P8,2,10
2025-09-20,S4,P8,2,8
2025-09-21,S4,P8,3,5
2025-09-22,S4,P8,4,20
2025-09-23,S4,P8,1,19
2025-09-24,S4,P8,2,17
2025-09-25,S4,P8,0,17
2025-09-26,S4,P8,3,14
2025-09-27,S4,P8,3,11
2025-09-28,S4,P8,1,10
2025-09-29,S4,P8,0,10
2025-09-30,S4,P8,0,10
2025-10-01,S4,P8,2,8
2025-10-02,S4,P8,2,6
2025-10-03,S4,P8,2,4
2025-10-04,S4,P8,3,29
2025-10-05,S4,P8,0,29
2025-10-06,S4,P8,0,29
2025-10-07,S4,P8,0,29
2025-10-08,S4,P8,0,29
2025-10-09,S4,P8,3,26
2025-10-10,S4,P8,2,24
2025-10-11,S4,P8,2,22
2025-10-12,S4,P8,0,22
2025-10-13,S4,P8,0,22
2025-10-14,S4,P8,2,20
2025-10-15,S4,P8,4,16
2025-10-16,S4,P8,1,15
2025-10-17,S4,P8,2,13
2025-10-18,S4,P8,0,13
2025-10-19,S4,P8,1,12
2025-10-20,S4,P8,2,10
2025-10-21,S4,P8,1,9
2025-10-22,S4,P8,2,7
2025-10-23,S4,P8,0,7
2025-10-24,S4,P8,0,7
2025-10-25,S4,P8,1,6
2025-10-26,S4,P8,6,25
2025-10-27,S4,P8,1,24
2025-10-28,S4,P8,2,22
2025-10-29,S4,P8,2,20
2025-10-30,S4,P8,3,17
2025-10-31,S4,P8,3,14
2025-11-01,S4,P8,0,14
2025-11-02,S4,P8,2,12
2025-11-03,S4,P8,1,11
2025-11-04,S4,P8,2,9
2025-11-05,S4,P8,1,8
2025-11-06,S4,P8,1,7
2025-11-07,S4,P8,2,5
2025-11-08,S4,P8,1,4
2025-11-09,S4,P8,3,21
2025-11-10,S4,P8,3,18
2025-11-11,S4,P8,1,17
2025-11-12,S4,P8,1,16
2025-11-13,S4,P8,6,10
2025-11-14,S4,P8,2,8
2025-11-15,S4,P8,2,6
2025-11-16,S4,P8,2,4
2025-11-17,S4,P8,0,4
2025-11-18,S4,P8,2,16
2025-11-19,S4,P8,1,15
2025-11-20,S4,P8,3,12
2025-11-21,S4,P8,2,10
2025-11-22,S4,P8,3,7
2025-11-23,S4,P8,2,5
2025-11-24,S4,P8,0,5
2025-11-25,S4,P8,1,4
2025-11-26,S4,P8,0,4
2025-11-27,S4,P8,0,4
2025-11-28,S4,P8,2,30
2025-11-29,S4,P8,3,27
2025-11-30,S4,P8,0,27
2025-12-01,S4,P8,2,25
2025-12-02,S4,P8,2,23
2025-12-03,S4,P8,7,16
2025-12-04,S4,P8,2,14
2025-12-05,S4,P8,1,13
2025-12-06,S4,P8,2,11
2025-12-07,S4,P8,1,10
2025-12-08,S4,P8,1,9
2025-12-09,S4,P8,1,8
2025-12-10,S4,P8,4,4
2025-12-11,S4,P8,3,29
2025-12-12,S4,P8,3,26
2025-12-13,S4,P8,2,24
2025-12-14,S4,P8,2,22
2025-12-15,S4,P8,1,21
2025-12-16,S4,P8,2,19
2025-12-17,S4,P8,1,18
2025-12-18,S4,P8,1,17
2025-12-19,S4,P8,3,14
2025-12-20,S4,P8,0,14
2025-12-21,S4,P8,6,8
2025-12-22,S4,P8,2,6
2025-12-23,S4,P8,2,4
2025-12-24,S4,P8,3,22
2025-12-25,S4,P8,2,20
2025-12-26,S4,P8,1,19
2025-12-27,S4,P8,4,15
2025-12-28,S4,P8,1,14
2025-12-29,S4,P8,2,12
2025-12-30,S4,P8,1,11
2025-12-31,S4,P8,1,10
2026-01-01,S4,P8,0,10
2026-01-02,S4,P8,1,9
2026-01-03,S4,P8,1,8
2026-01-04,S4,P8,0,8
2026-01-05,S4,P8,0,8
2026-01-06,S4,P8,2,6
2026-01-07,S4,P8,0,6
2026-01-08,S4,P8,4,31
2026-01-09,S4,P8,6,25
2026-01-10,S4,P8,2,23
2026-01-11,S4,P8,0,23
2026-01-12,S4,P8,3,20
2026-01-13,S4,P8,3,17
2026-01-14,S4,P8,1,16
2026-01-15,S4,P8,4,12
2026-01-16,S4,P8,3,9
2026-01-17,S4,P8,4,5
2026-01-18,S4,P8,2,30
2026-01-19,S4,P8,1,29
2026-01-20,S4,P8,0,29
2026-01-21,S4,P8,7,22
2026-01-22,S4,P8,1,21
2026-01-23,S4,P8,0,21
2026-01-24,S4,P8,3,18
2026-01-25,S4,P8,0,18
2026-01-26,S4,P8,2,16
2026-01-27,S4,P8,2,14
2026-01-28,S4,P8,2,12
2026-01-29,S4,P8,2,10
2026-01-30,S4,P8,1,9
2026-01-31,S4,P8,4,5
2026-02-01,S4,P8,0,5
2026-02-02,S4,P8,2,18
2026-02-03,S4,P8,3,15
2026-02-04,S4,P8,3,12
2026-02-05,S4,P8,1,11
2026-02-06,S4,P8,3,8
2026-02-07,S4,P8,1,7
2026-02-08,S4,P8,4,21
2026-02-09,S4,P8,1,20
2026-02-10,S4,P8,0,20
2026-02-11,S4,P8,1,19
2026-02-12,S4,P8,2,17
2026-02-13,S4,P8,3,14
2026-02-14,S4,P8,0,14
2026-02-15,S4,P8,0,14
2026-02-16,S4,P8,1,13
2026-02-17,S4,P8,2,11
2026-02-18,S4,P8,0,11
2026-02-19,S4,P8,2,9
2026-02-20,S4,P8,0,9
2026-02-21,S4,P8,4,5
2026-02-22,S4,P8,3,23
2026-02-23,S4,P8,3,20
2026-02-24,S4,P8,0,20
2026-02-25,S4,P8,0,20
2026-02-26,S4,P8,1,19
2026-02-27,S4,P8,1,18
2026-02-28,S4,P8,1,17
2026-03-01,S4,P8,3,14
2026-03-02,S4,P8,0,14
2026-03-03,S4,P8,3,11
2026-03-04,S4,P8,5,6
2026-03-05,S4,P8,4,26
2026-03-06,S4,P8,2,24
2026-03-07,S4,P8,3,21
2026-03-08,S4,P8,0,21
2026-03-09,S4,P8,3,18
2026-03-10,S4,P8,0,18
2026-03-11,S4,P8,2,16
2026-03-12,S4,P8,5,11
2026-03-13,S4,P8,2,9
2026-03-14,S4,P8,7,18
2025-09-01,S4,P9,0,14
2025-09-02,S4,P9,0,14
2025-09-03,S4,P9,0,14
2025-09-04,S4,P9,1,13
2025-09-05,S4,P9,2,11
2025-09-06,S4,P9,0,11
2025-09-07,S4,P9,0,11
2025-09-08,S4,P9,2,9
2025-09-09,S4,P9,0,9
2025-09-10,S4,P9,0,9
2025-09-11,S4,P9,2,7
2025-09-12,S4,P9,3,4
2025-09-13,S4,P9,1,3
2025-09-14,S4,P9,0,3
2025-09-15,S4,P9,1,13
2025-09-16,S4,P9,0,13
2025-09-17,S4,P9,2,11
2025-09-18,S4,P9,1,10
2025-09-19,S4,P9,0,10
2025-09-20,S4,P9,2,8
2025-09-21,S4,P9,1,7
2025-09-22,S4,P9,0,7
2025-09-23,S4,P9,0,7
2025-09-24,S4,P9,0,7
2025-09-25,S4,P9,0,7
2025-09-26,S4,P9,2,5
2025-09-27,S4,P9,1,4
2025-09-28,S4,P9,0,4
2025-09-29,S4,P9,2,12
2025-09-30,S4,P9,1,11
2025-10-01,S4,P9,0,11
2025-10-02,S4,P9,0,11
2025-10-03,S4,P9,1,10
2025-10-04,S4,P9,2,8
2025-10-05,S4,P9,1,7
2025-10-06,S4,P9,2,5
2025-10-07,S4,P9,0,5
2025-10-08,S4,P9,1,4
2025-10-09,S4,P9,0,4
2025-10-10,S4,P9,1,3
2025-10-11,S4,P9,1,14
2025-10-12,S4,P9,3,11
2025-10-13,S4,P9,2,9
2025-10-14,S4,P9,1,8
2025-10-15,S4,P9,0,8
2025-10-16,S4,P9,0,8
2025-10-17,S4,P9,1,7
2025-10-18,S4,P9,0,7
2025-10-19,S4,P9,2,5
2025-10-20,S4,P9,3,16
2025-10-21,S4,P9,0,16
2025-10-22,S4,P9,1,15
2025-10-23,S4,P9,1,14
2025-10-24,S4,P9,0,14
2025-10-25,S4,P9,1,13
2025-10-26,S4,P9,1,12
2025-10-27,S4,P9,1,11
2025-10-28,S4,P9,1,10
2025-10-29,S4,P9,0,10
2025-10-30,S4,P9,1,9
2025-10-31,S4,P9,2,7
2025-11-01,S4,P9,1,6
2025-11-02,S4,P9,0,6
2025-11-03,S4,P9,0,6
2025-11-04,S4,P9,0,6
2025-11-05,S4,P9,1,5
2025-11-06,S4,P9,1,4
2025-11-07,S4,P9,1,3
2025-11-08,S4,P9,2,11
2025-11-09,S4,P9,0,11
2025-11-10,S4,P9,0,11
2025-11-11,S4,P9,2,9
2025-11-12,S4,P9,0,9
2025-11-13,S4,P9,2,7
2025-11-14,S4,P9,3,4
2025-11-15,S4,P9,1,3
2025-11-16,S4,P9,1,12
2025-11-17,S4,P9,2,10
2025-11-18,S4,P9,0,10
2025-11-19,S4,P9,1,9
2025-11-20,S4,P9,0,9
2025-11-21,S4,P9,1,8
2025-11-22,S4,P9,0,8
2025-11-23,S4,P9,1,7
2025-11-24,S4,P9,1,6
2025-11-25,S4,P9,4,12
2025-11-26,S4,P9,0,12
2025-11-27,S4,P9,1,11
2025-11-28,S4,P9,2,9
2025-11-29,S4,P9,2,7
2025-11-30,S4,P9,0,7
2025-12-01,S4,P9,2,5
2025-12-02,S4,P9,0,5
2025-12-03,S4,P9,1,4
2025-12-04,S4,P9,0,4
2025-12-05,S4,P9,2,15
2025-12-06,S4,P9,2,13
2025-12-07,S4,P9,0,13
2025-12-08,S4,P9,1,12
2025-12-09,S4,P9,0,12
2025-12-10,S4,P9,0,12
2025-12-11,S4,P9,0,12
2025-12-12,S4,P9,2,10
2025-12-13,S4,P9,5,5
2025-12-14,S4,P9,1,4
2025-12-15,S4,P9,0,4
2025-12-16,S4,P9,0,4
2025-12-17,S4,P9,0,4
2025-12-18,S4,P9,2,17
2025-12-19,S4,P9,1,16
2025-12-20,S4,P9,1,15
2025-12-21,S4,P9,0,15
2025-12-22,S4,P9,1,14
2025-12-23,S4,P9,1,13
2025-12-24,S4,P9,1,12
2025-12-25,S4,P9,0,12
2025-12-26,S4,P9,0,12
2025-12-27,S4,P9,2,10
2025-12-28,S4,P9,0,10
2025-12-29,S4,P9,0,10
2025-12-30,S4,P9,1,9
2025-12-31,S4,P9,2,7
2026-01-01,S4,P9,1,6
2026-01-02,S4,P9,2,4
2026-01-03,S4,P9,1,3
2026-01-04,S4,P9,1,16
2026-01-05,S4,P9,2,14
2026-01-06,S4,P9,2,12
2026-01-07,S4,P9,1,11
2026-01-08,S4,P9,2,9
2026-01-09,S4,P9,4,5
2026-01-10,S4,P9,0,5
2026-01-11,S4,P9,1,4
2026-01-12,S4,P9,0,4
2026-01-13,S4,P9,0,4
2026-01-14,S4,P9,4,11
2026-01-15,S4,P9,0,11
2026-01-16,S4,P9,1,10
2026-01-17,S4,P9,2,8
2026-01-18,S4,P9,0,8
2026-01-19,S4,P9,2,6
2026-01-20,S4,P9,0,6
2026-01-21,S4,P9,2,4
2026-01-22,S4,P9,0,4
2026-01-23,S4,P9,0,4
2026-01-24,S4,P9,0,4
2026-01-25,S4,P9,0,4
2026-01-26,S4,P9,0,4
2026-01-27,S4,P9,0,4
2026-01-28,S4,P9,2,12
2026-01-29,S4,P9,2,10
2026-01-30,S4,P9,1,9
2026-01-31,S4,P9,2,7
2026-02-01,S4,P9,0,7
2026-02-02,S4,P9,1,6
2026-02-03,S4,P9,0,6
2026-02-04,S4,P9,1,5
2026-02-05,S4,P9,1,4
2026-02-06,S4,P9,2,16
2026-02-07,S4,P9,2,14
2026-02-08,S4,P9,2,12
2026-02-09,S4,P9,2,10
2026-02-10,S4,P9,2,8
2026-02-11,S4,P9,0,8
2026-02-12,S4,P9,2,6
2026-02-13,S4,P9,0,6
2026-02-14,S4,P9,0,6
2026-02-15,S4,P9,1,5
2026-02-16,S4,P9,0,5
2026-02-17,S4,P9,1,4
2026-02-18,S4,P9,0,4
2026-02-19,S4,P9,0,4
2026-02-20,S4,P9,0,4
2026-02-21,S4,P9,1,3
2026-02-22,S4,P9,2,14
2026-02-23,S4,P9,3,11
2026-02-24,S4,P9,2,9
2026-02-25,S4,P9,2,7
2026-02-26,S4,P9,0,7
2026-02-27,S4,P9,0,7
2026-02-28,S4,P9,1,6
2026-03-01,S4,P9,0,6
2026-03-02,S4,P9,0,6
2026-03-03,S4,P9,0,6
2026-03-04,S4,P9,1,5
2026-03-05,S4,P9,0,5
2026-03-06,S4,P9,0,5
2026-03-07,S4,P9,1,4
2026-03-08,S4,P9,0,4
2026-03-09,S4,P9,0,4
2026-03-10,S4,P9,2,13
2026-03-11,S4,P9,1,12
2026-03-12,S4,P9,2,10
2026-03-13,S4,P9,0,10
2026-03-14,S4,P9,2,8
2025-09-01,S4,P10,8,158
2025-09-02,S4,P10,15,143
2025-09-03,S4,P10,7,136
2025-09-04,S4,P10,6,130
2025-09-05,S4,P10,4,126
2025-09-06,S4,P10,13,113
2025-09-07,S4,P10,10,103
2025-09-08,S4,P10,8,95
2025-09-09,S4,P10,7,88
2025-09-10,S4,P10,4,84
2025-09-11,S4,P10,6,78
2025-09-12,S4,P10,3,75
2025-09-13,S4,P10,12,63
2025-09-14,S4,P10,5,58
2025-09-15,S4,P10,9,49
2025-09-16,S4,P10,5,44
2025-09-17,S4,P10,10,34
2025-09-18,S4,P10,6,28
2025-09-19,S4,P10,3,25
2025-09-20,S4,P10,11,94
2025-09-21,S4,P10,7,87
2025-09-22,S4,P10,5,82
2025-09-23,S4,P10,11,71
2025-09-24,S4,P10,5,66
2025-09-25,S4,P10,9,57
2025-09-26,S4,P10,5,52
2025-09-27,S4,P10,10,42
2025-09-28,S4,P10,9,33
2025-09-29,S4,P10,9,24
2025-09-30,S4,P10,10,140
2025-10-01,S4,P10,3,137
2025-10-02,S4,P10,7,130
2025-10-03,S4,P10,14,116
2025-10-04,S4,P10,14,102
2025-10-05,S4,P10,5,97
2025-10-06,S4,P10,5,92
2025-10-07,S4,P10,9,83
2025-10-08,S4,P10,5,78
2025-10-09,S4,P10,7,71
2025-10-10,S4,P10,10,61
2025-10-11,S4,P10,11,50
2025-10-12,S4,P10,8,42
2025-10-13,S4,P10,8,34
2025-10-14,S4,P10,5,29
2025-10-15,S4,P10,8,21
2025-10-16,S4,P10,7,110
2025-10-17,S4,P10,9,101
2025-10-18,S4,P10,15,86
2025-10-19,S4,P10,12,74
2025-10-20,S4,P10,7,67
2025-10-21,S4,P10,5,62
2025-10-22,S4,P10,6,56
2025-10-23,S4,P10,2,54
2025-10-24,S4,P10,9,45
2025-10-25,S4,P10,10,35
2025-10-26,S4,P10,7,28
2025-10-27,S4,P10,4,24
2025-10-28,S4,P10,6,134
2025-10-29,S4,P10,9,125
2025-10-30,S4,P10,11,114
2025-10-31,S4,P10,8,106
2025-11-01,S4,P10,15,91
2025-11-02,S4,P10,6,85
2025-11-03,S4,P10,4,81
2025-11-04,S4,P10,9,72
2025-11-05,S4,P10,9,63
2025-11-06,S4,P10,12,51
2025-11-07,S4,P10,8,43
2025-11-08,S4,P10,4,39
2025-11-09,S4,P10,13,26
2025-11-10,S4,P10,9,133
2025-11-11,S4,P10,7,126
2025-11-12,S4,P10,6,120
2025-11-13,S4,P10,6,114
2025-11-14,S4,P10,11,103
2025-11-15,S4,P10,8,95
2025-11-16,S4,P10,4,91
2025-11-17,S4,P10,9,82
2025-11-18,S4,P10,7,75
2025-11-19,S4,P10,9,66
2025-11-20,S4,P10,5,61
2025-11-21,S4,P10,10,51
2025-11-22,S4,P10,7,44
2025-11-23,S4,P10,4,40
2025-11-24,S4,P10,8,32
2025-11-25,S4,P10,3,29
2025-11-26,S4,P10,12,90
2025-11-27,S4,P10,3,87
2025-11-28,S4,P10,8,79
2025-11-29,S4,P10,7,72
2025-11-30,S4,P10,6,66
2025-12-01,S4,P10,4,62
2025-12-02,S4,P10,7,55
2025-12-03,S4,P10,5,50
2025-12-04,S4,P10,7,43
2025-12-05,S4,P10,11,32
2025-12-06,S4,P10,6,26
2025-12-07,S4,P10,8,142
2025-12-08,S4,P10,10,132
2025-12-09,S4,P10,7,125
2025-12-10,S4,P10,7,118
2025-12-11,S4,P10,7,111
2025-12-12,S4,P10,12,99
2025-12-13,S4,P10,5,94
2025-12-14,S4,P10,9,85
2025-12-15,S4,P10,4,81
2025-12-16,S4,P10,3,78
2025-12-17,S4,P10,5,73
2025-12-18,S4,P10,7,66
2025-12-19,S4,P10,5,61
2025-12-20,S4,P10,10,51
2025-12-21,S4,P10,8,43
2025-12-22,S4,P10,12,31
2025-12-23,S4,P10,10,21
2025-12-24,S4,P10,8,139
2025-12-25,S4,P10,10,129
2025-12-26,S4,P10,10,119
2025-12-27,S4,P10,9,110
2025-12-28,S4,P10,7,103
2025-12-29,S4,P10,7,96
2025-12-30,S4,P10,5,91
2025-12-31,S4,P10,10,81
2026-01-01,S4,P10,7,74
2026-01-02,S4,P10,10,64
2026-01-03,S4,P10,11,53
2026-01-04,S4,P10,4,49
2026-01-05,S4,P10,3,46
2026-01-06,S4,P10,5,41
2026-01-07,S4,P10,6,35
2026-01-08,S4,P10,8,27
2026-01-09,S4,P10,10,76
2026-01-10,S4,P10,8,68
2026-01-11,S4,P10,11,57
2026-01-12,S4,P10,5,52
2026-01-13,S4,P10,12,40
2026-01-14,S4,P10,10,30
2026-01-15,S4,P10,11,96
2026-01-16,S4,P10,12,84
2026-01-17,S4,P10,10,74
2026-01-18,S4,P10,7,67
2026-01-19,S4,P10,4,63
2026-01-20,S4,P10,9,54
2026-01-21,S4,P10,7,47
2026-01-22,S4,P10,6,41
2026-01-23,S4,P10,8,33
2026-01-24,S4,P10,4,29
2026-01-25,S4,P10,4,25
2026-01-26,S4,P10,6,143
2026-01-27,S4,P10,5,138
2026-01-28,S4,P10,9,129
2026-01-29,S4,P10,6,123
2026-01-30,S4,P10,6,117
2026-01-31,S4,P10,8,109
2026-02-01,S4,P10,5,104
2026-02-02,S4,P10,4,100
2026-02-03,S4,P10,6,94
2026-02-04,S4,P10,7,87
2026-02-05,S4,P10,12,75
2026-02-06,S4,P10,15,60
2026-02-07,S4,P10,6,54
2026-02-08,S4,P10,7,47
2026-02-09,S4,P10,7,40
2026-02-10,S4,P10,3,37
2026-02-11,S4,P10,10,27
2026-02-12,S4,P10,10,111
2026-02-13,S4,P10,13,98
2026-02-14,S4,P10,6,92
2026-02-15,S4,P10,10,82
2026-02-16,S4,P10,4,78
2026-02-17,S4,P10,9,69
2026-02-18,S4,P10,5,64
2026-02-19,S4,P10,3,61
2026-02-20,S4,P10,6,55
2026-02-21,S4,P10,10,45
2026-02-22,S4,P10,3,42
2026-02-23,S4,P10,8,34
2026-02-24,S4,P10,3,31
2026-02-25,S4,P10,8,23
2026-02-26,S4,P10,5,102
2026-02-27,S4,P10,5,97
2026-02-28,S4,P10,9,88
2026-03-01,S4,P10,6,82
2026-03-02,S4,P10,12,70
2026-03-03,S4,P10,6,64
2026-03-04,S4,P10,7,57
2026-03-05,S4,P10,11,46
2026-03-06,S4,P10,9,37
2026-03-07,S4,P10,8,29
2026-03-08,S4,P10,4,25
2026-03-09,S4,P10,5,109
2026-03-10,S4,P10,4,105
2026-03-11,S4,P10,10,95
2026-03-12,S4,P10,6,89
2026-03-13,S4,P10,4,85
2026-03-14,S4,P10,10,75
2025-09-01,S4,P11,0,35
2025-09-02,S4,P11,1,34
2025-09-03,S4,P11,2,32
2025-09-04,S4,P11,0,32
2025-09-05,S4,P11,4,28
2025-09-06,S4,P11,2,26
2025-09-07,S4,P11,3,23
2025-09-08,S4,P11,2,21
2025-09-09,S4,P11,0,21
2025-09-10,S4,P11,3,18
2025-09-11,S4,P11,3,15
2025-09-12,S4,P11,1,14
2025-09-13,S4,P11,4,10
2025-09-14,S4,P11,0,10
2025-09-15,S4,P11,1,9
2025-09-16,S4,P11,3,28
2025-09-17,S4,P11,5,23
2025-09-18,S4,P11,2,21
2025-09-19,S4,P11,3,18
2025-09-20,S4,P11,3,15
2025-09-21,S4,P11,4,11
2025-09-22,S4,P11,4,41
2025-09-23,S4,P11,2,39
2025-09-24,S4,P11,2,37
2025-09-25,S4,P11,3,34
2025-09-26,S4,P11,6,28
2025-09-27,S4,P11,3,25
2025-09-28,S4,P11,2,23
2025-09-29,S4,P11,0,23
2025-09-30,S4,P11,1,22
2025-10-01,S4,P11,5,17
2025-10-02,S4,P11,3,14
2025-10-03,S4,P11,2,12
2025-10-04,S4,P11,3,9
2025-10-05,S4,P11,3,54
2025-10-06,S4,P11,2,52
2025-10-07,S4,P11,2,50
2025-10-08,S4,P11,4,46
2025-10-09,S4,P11,2,44
2025-10-10,S4,P11,3,41
2025-10-11,S4,P11,3,38
2025-10-12,S4,P11,1,37
2025-10-13,S4,P11,5,32
2025-10-14,S4,P11,1,31
2025-10-15,S4,P11,5,26
2025-10-16,S4,P11,5,21
2025-10-17,S4,P11,4,17
2025-10-18,S4,P11,5,12
2025-10-19,S4,P11,1,11
2025-10-20,S4,P11,1,10
2025-10-21,S4,P11,4,38
2025-10-22,S4,P11,2,36
2025-10-23,S4,P11,3,33
2025-10-24,S4,P11,0,33
2025-10-25,S4,P11,2,31
2025-10-26,S4,P11,1,30
2025-10-27,S4,P11,4,26
2025-10-28,S4,P11,0,26
2025-10-29,S4,P11,4,22
2025-10-30,S4,P11,2,20
2025-10-31,S4,P11,3,17
2025-11-01,S4,P11,2,15
2025-11-02,S4,P11,5,10
2025-11-03,S4,P11,2,8
2025-11-04,S4,P11,2,29
2025-11-05,S4,P11,2,27
2025-11-06,S4,P11,1,26
2025-11-07,S4,P11,3,23
2025-11-08,S4,P11,7,16
2025-11-09,S4,P11,1,15
2025-11-10,S4,P11,6,9
2025-11-11,S4,P11,5,52
2025-11-12,S4,P11,2,50
2025-11-13,S4,P11,3,47
2025-11-14,S4,P11,2,45
2025-11-15,S4,P11,1,44
2025-11-16,S4,P11,4,40
2025-11-17,S4,P11,2,38
2025-11-18,S4,P11,6,32
2025-11-19,S4,P11,5,27
2025-11-20,S4,P11,1,26
2025-11-21,S4,P11,4,22
2025-11-22,S4,P11,2,20
2025-11-23,S4,P11,4,16
2025-11-24,S4,P11,4,12
2025-11-25,S4,P11,3,9
2025-11-26,S4,P11,4,48
2025-11-27,S4,P11,1,47
2025-11-28,S4,P11,3,44
2025-11-29,S4,P11,3,41
2025-11-30,S4,P11,4,37
2025-12-01,S4,P11,5,32
2025-12-02,S4,P11,2,30
2025-12-03,S4,P11,2,28
2025-12-04,S4,P11,3,25
2025-12-05,S4,P11,2,23
2025-12-06,S4,P11,5,18
2025-12-07,S4,P11,2,16
2025-12-08,S4,P11,3,13
2025-12-09,S4,P11,3,10
2025-12-10,S4,P11,2,8
2025-12-11,S4,P11,2,37
2025-12-12,S4,P11,0,37
2025-12-13,S4,P11,5,32
2025-12-14,S4,P11,5,27
2025-12-15,S4,P11,4,23
2025-12-16,S4,P11,2,21
2025-12-17,S4,P11,4,17
2025-12-18,S4,P11,1,16
2025-12-19,S4,P11,7,9
2025-12-20,S4,P11,2,49
2025-12-21,S4,P11,0,49
2025-12-22,S4,P11,3,46
2025-12-23,S4,P11,1,45
2025-12-24,S4,P11,2,43
2025-12-25,S4,P11,3,40
2025-12-26,S4,P11,4,36
2025-12-27,S4,P11,2,34
2025-12-28,S4,P11,5,29
2025-12-29,S4,P11,2,27
2025-12-30,S4,P11,5,22
2025-12-31,S4,P11,3,19
2026-01-01,S4,P11,4,15
2026-01-02,S4,P11,5,10
2026-01-03,S4,P11,5,39
2026-01-04,S4,P11,6,33
2026-01-05,S4,P11,0,33
2026-01-06,S4,P11,4,29
2026-01-07,S4,P11,1,28
2026-01-08,S4,P11,3,25
2026-01-09,S4,P11,4,21
2026-01-10,S4,P11,4,17
2026-01-11,S4,P11,7,10
2026-01-12,S4,P11,3,41
2026-01-13,S4,P11,3,38
2026-01-14,S4,P11,3,35
2026-01-15,S4,P11,2,33
2026-01-16,S4,P11,1,32
2026-01-17,S4,P11,4,28
2026-01-18,S4,P11,1,27
2026-01-19,S4,P11,1,26
2026-01-20,S4,P11,2,24
2026-01-21,S4,P11,1,23
2026-01-22,S4,P11,2,21
2026-01-23,S4,P11,5,16
2026-01-24,S4,P11,1,15
2026-01-25,S4,P11,5,10
2026-01-26,S4,P11,3,47
2026-01-27,S4,P11,2,45
2026-01-28,S4,P11,2,43
2026-01-29,S4,P11,2,41
2026-01-30,S4,P11,2,39
2026-01-31,S4,P11,2,37
2026-02-01,S4,P11,0,37
2026-02-02,S4,P11,2,35
2026-02-03,S4,P11,3,32
2026-02-04,S4,P11,0,32
2026-02-05,S4,P11,5,27
2026-02-06,S4,P11,1,26
2026-02-07,S4,P11,5,21
2026-02-08,S4,P11,7,14
2026-02-09,S4,P11,7,33
2026-02-10,S4,P11,3,30
2026-02-11,S4,P11,0,30
2026-02-12,S4,P11,4,26
2026-02-13,S4,P11,4,22
2026-02-14,S4,P11,1,21
2026-02-15,S4,P11,2,19
2026-02-16,S4,P11,5,14
2026-02-17,S4,P11,2,12
2026-02-18,S4,P11,2,10
2026-02-19,S4,P11,7,52
2026-02-20,S4,P11,3,49
2026-02-21,S4,P11,3,46
2026-02-22,S4,P11,1,45
2026-02-23,S4,P11,3,42
2026-02-24,S4,P11,0,42
2026-02-25,S4,P11,3,39
2026-02-26,S4,P11,6,33
2026-02-27,S4,P11,6,27
2026-02-28,S4,P11,2,25
2026-03-01,S4,P11,4,21
2026-03-02,S4,P11,0,21
2026-03-03,S4,P11,9,12
2026-03-04,S4,P11,0,12
2026-03-05,S4,P11,3,9
2026-03-06,S4,P11,3,42
2026-03-07,S4,P11,4,38
2026-03-08,S4,P11,4,34
2026-03-09,S4,P11,5,29
2026-03-10,S4,P11,1,28
2026-03-11,S4,P11,4,24
2026-03-12,S4,P11,3,21
2026-03-13,S4,P11,4,17
2026-03-14,S4,P11,3,14
2025-09-01,S4,P12,0,8
2025-09-02,S4,P12,0,8
2025-09-03,S4,P12,1,7
2025-09-04,S4,P12,2,5
2025-09-05,S4,P12,0,5
2025-09-06,S4,P12,0,5
2025-09-07,S4,P12,0,5
2025-09-08,S4,P12,1,4
2025-09-09,S4,P12,0,4
2025-09-10,S4,P12,0,4
2025-09-11,S4,P12,0,4
2025-09-12,S4,P12,1,3
2025-09-13,S4,P12,0,3
2025-09-14,S4,P12,0,3
2025-09-15,S4,P12,0,3
2025-09-16,S4,P12,0,3
2025-09-17,S4,P12,0,3
2025-09-18,S4,P12,0,3
2025-09-19,S4,P12,0,3
2025-09-20,S4,P12,1,12
2025-09-21,S4,P12,0,12
2025-09-22,S4,P12,0,12
2025-09-23,S4,P12,0,12
2025-09-24,S4,P12,0,12
2025-09-25,S4,P12,0,12
2025-09-26,S4,P12,0,12
2025-09-27,S4,P12,0,12
2025-09-28,S4,P12,0,12
2025-09-29,S4,P12,0,12
2025-09-30,S4,P12,1,11
2025-10-01,S4,P12,0,11
2025-10-02,S4,P12,0,11
2025-10-03,S4,P12,0,11
2025-10-04,S4,P12,0,11
2025-10-05,S4,P12,0,11
2025-10-06,S4,P12,0,11
2025-10-07,S4,P12,1,10
2025-10-08,S4,P12,0,10
2025-10-09,S4,P12,0,10
2025-10-10,S4,P12,0,10
2025-10-11,S4,P12,0,10
2025-10-12,S4,P12,0,10
2025-10-13,S4,P12,0,10
2025-10-14,S4,P12,0,10
2025-10-15,S4,P12,0,10
2025-10-16,S4,P12,0,10
2025-10-17,S4,P12,0,10
2025-10-18,S4,P12,0,10
2025-10-19,S4,P12,0,10
2025-10-20,S4,P12,0,10
2025-10-21,S4,P12,0,10
2025-10-22,S4,P12,1,9
2025-10-23,S4,P12,0,9
2025-10-24,S4,P12,0,9
2025-10-25,S4,P12,0,9
2025-10-26,S4,P12,0,9
2025-10-27,S4,P12,1,8
2025-10-28,S4,P12,1,7
2025-10-29,S4,P12,2,5
2025-10-30,S4,P12,0,5
2025-10-31,S4,P12,0,5
2025-11-01,S4,P12,1,4
2025-11-02,S4,P12,0,4
2025-11-03,S4,P12,0,4
2025-11-04,S4,P12,0,4
2025-11-05,S4,P12,0,4
2025-11-06,S4,P12,0,4
2025-11-07,S4,P12,1,3
2025-11-08,S4,P12,2,11
2025-11-09,S4,P12,0,11
2025-11-10,S4,P12,0,11
2025-11-11,S4,P12,0,11
2025-11-12,S4,P12,0,11
2025-11-13,S4,P12,0,11
2025-11-14,S4,P12,2,9
2025-11-15,S4,P12,0,9
2025-11-16,S4,P12,1,8
2025-11-17,S4,P12,0,8
2025-11-18,S4,P12,0,8
2025-11-19,S4,P12,0,8
2025-11-20,S4,P12,1,7
2025-11-21,S4,P12,0,7
2025-11-22,S4,P12,1,6
2025-11-23,S4,P12,0,6
2025-11-24,S4,P12,0,6
2025-11-25,S4,P12,0,6
2025-11-26,S4,P12,1,5
2025-11-27,S4,P12,0,5
2025-11-28,S4,P12,0,5
2025-11-29,S4,P12,2,3
2025-11-30,S4,P12,0,3
2025-12-01,S4,P12,0,3
2025-12-02,S4,P12,1,12
2025-12-03,S4,P12,0,12
2025-12-04,S4,P12,0,12
2025-12-05,S4,P12,0,12
2025-12-06,S4,P12,0,12
2025-12-07,S4,P12,0,12
2025-12-08,S4,P12,1,11
2025-12-09,S4,P12,0,11
2025-12-10,S4,P12,1,10
2025-12-11,S4,P12,0,10
2025-12-12,S4,P12,2,8
2025-12-13,S4,P12,0,8
2025-12-14,S4,P12,0,8
2025-12-15,S4,P12,0,8
2025-12-16,S4,P12,0,8
2025-12-17,S4,P12,0,8
2025-12-18,S4,P12,0,8
2025-12-19,S4,P12,1,7
2025-12-20,S4,P12,0,7
2025-12-21,S4,P12,0,7
2025-12-22,S4,P12,0,7
2025-12-23,S4,P12,0,7
2025-12-24,S4,P12,0,7
2025-12-25,S4,P12,0,7
2025-12-26,S4,P12,0,7
2025-12-27,S4,P12,0,7
2025-12-28,S4,P12,1,6
2025-12-29,S4,P12,0,6
2025-12-30,S4,P12,0,6
2025-12-31,S4,P12,1,5
2026-01-01,S4,P12,0,5
2026-01-02,S4,P12,0,5
2026-01-03,S4,P12,1,4
2026-01-04,S4,P12,0,4
2026-01-05,S4,P12,0,4
2026-01-06,S4,P12,1,3
2026-01-07,S4,P12,1,12
2026-01-08,S4,P12,1,11
2026-01-09,S4,P12,1,10
2026-01-10,S4,P12,0,10
2026-01-11,S4,P12,0,10
2026-01-12,S4,P12,0,10
2026-01-13,S4,P12,0,10
2026-01-14,S4,P12,0,10
2026-01-15,S4,P12,1,9
2026-01-16,S4,P12,0,9
2026-01-17,S4,P12,0,9
2026-01-18,S4,P12,1,8
2026-01-19,S4,P12,1,7
2026-01-20,S4,P12,1,6
2026-01-21,S4,P12,0,6
2026-01-22,S4,P12,0,6
2026-01-23,S4,P12,1,5
2026-01-24,S4,P12,0,5
2026-01-25,S4,P12,0,5
2026-01-26,S4,P12,1,4
2026-01-27,S4,P12,0,4
2026-01-28,S4,P12,0,4
2026-01-29,S4,P12,1,3
2026-01-30,S4,P12,1,12
2026-01-31,S4,P12,1,11
2026-02-01,S4,P12,0,11
2026-02-02,S4,P12,0,11
2026-02-03,S4,P12,0,11
2026-02-04,S4,P12,0,11
2026-02-05,S4,P12,1,10
2026-02-06,S4,P12,0,10
2026-02-07,S4,P12,0,10
2026-02-08,S4,P12,0,10
2026-02-09,S4,P12,0,10
2026-02-10,S4,P12,0,10
2026-02-11,S4,P12,2,8
2026-02-12,S4,P12,1,7
2026-02-13,S4,P12,1,6
2026-02-14,S4,P12,1,5
2026-02-15,S4,P12,0,5
2026-02-16,S4,P12,0,5
2026-02-17,S4,P12,0,5
2026-02-18,S4,P12,0,5
2026-02-19,S4,P12,0,5
2026-02-20,S4,P12,0,5
2026-02-21,S4,P12,0,5
2026-02-22,S4,P12,0,5
2026-02-23,S4,P12,0,5
2026-02-24,S4,P12,1,4
2026-02-25,S4,P12,0,4
2026-02-26,S4,P12,2,12
2026-02-27,S4,P12,1,11
2026-02-28,S4,P12,0,11
2026-03-01,S4,P12,1,10
2026-03-02,S4,P12,1,9
2026-03-03,S4,P12,1,8
2026-03-04,S4,P12,1,7
2026-03-05,S4,P12,1,6
2026-03-06,S4,P12,0,6
2026-03-07,S4,P12,1,5
2026-03-08,S4,P12,0,5
2026-03-09,S4,P12,2,3
2026-03-10,S4,P12,2,11
2026-03-11,S4,P12,0,11
2026-03-12,S4,P12,0,11
2026-03-13,S4,P12,0,11
2026-03-14,S4,P12,2,9
2025-09-01,S4,P13,9,130
2025-09-02,S4,P13,3,127
2025-09-03,S4,P13,8,119
2025-09-04,S4,P13,4,115
2025-09-05,S4,P13,10,105
2025-09-06,S4,P13,18,87
2025-09-07,S4,P13,7,80
2025-09-08,S4,P13,5,75
2025-09-09,S4,P13,6,69
2025-09-10,S4,P13,8,61
2025-09-11,S4,P13,7,54
2025-09-12,S4,P13,5,49
2025-09-13,S4,P13,6,43
2025-09-14,S4,P13,12,31
2025-09-15,S4,P13,8,23
2025-09-16,S4,P13,9,118
2025-09-17,S4,P13,2,116
2025-09-18,S4,P13,7,109
2025-09-19,S4,P13,9,100
2025-09-20,S4,P13,4,96
2025-09-21,S4,P13,5,91
2025-09-22,S4,P13,3,88
2025-09-23,S4,P13,3,85
2025-09-24,S4,P13,6,79
2025-09-25,S4,P13,4,75
2025-09-26,S4,P13,7,68
2025-09-27,S4,P13,13,55
2025-09-28,S4,P13,9,46
2025-09-29,S4,P13,2,44
2025-09-30,S4,P13,5,39
2025-10-01,S4,P13,5,34
2025-10-02,S4,P13,8,26
2025-10-03,S4,P13,8,137
2025-10-04,S4,P13,12,125
2025-10-05,S4,P13,2,123
2025-10-06,S4,P13,7,116
2025-10-07,S4,P13,3,113
2025-10-08,S4,P13,7,106
2025-10-09,S4,P13,5,101
2025-10-10,S4,P13,7,94
2025-10-11,S4,P13,3,91
2025-10-12,S4,P13,8,83
2025-10-13,S4,P13,7,76
2025-10-14,S4,P13,2,74
2025-10-15,S4,P13,4,70
2025-10-16,S4,P13,8,62
2025-10-17,S4,P13,3,59
2025-10-18,S4,P13,9,50
2025-10-19,S4,P13,9,41
2025-10-20,S4,P13,4,37
2025-10-21,S4,P13,6,31
2025-10-22,S4,P13,6,25
2025-10-23,S4,P13,7,123
2025-10-24,S4,P13,5,118
2025-10-25,S4,P13,5,113
2025-10-26,S4,P13,5,108
2025-10-27,S4,P13,7,101
2025-10-28,S4,P13,8,93
2025-10-29,S4,P13,7,86
2025-10-30,S4,P13,6,80
2025-10-31,S4,P13,9,71
2025-11-01,S4,P13,5,66
2025-11-02,S4,P13,6,60
2025-11-03,S4,P13,5,55
2025-11-04,S4,P13,6,49
2025-11-05,S4,P13,3,46
2025-11-06,S4,P13,7,39
2025-11-07,S4,P13,3,36
2025-11-08,S4,P13,13,23
2025-11-09,S4,P13,7,124
2025-11-10,S4,P13,6,118
2025-11-11,S4,P13,9,109
2025-11-12,S4,P13,6,103
2025-11-13,S4,P13,6,97
2025-11-14,S4,P13,5,92
2025-11-15,S4,P13,12,80
2025-11-16,S4,P13,5,75
2025-11-17,S4,P13,4,71
2025-11-18,S4,P13,5,66
2025-11-19,S4,P13,4,62
2025-11-20,S4,P13,5,57
2025-11-21,S4,P13,5,52
2025-11-22,S4,P13,14,38
2025-11-23,S4,P13,3,35
2025-11-24,S4,P13,4,31
2025-11-25,S4,P13,6,25
2025-11-26,S4,P13,8,109
2025-11-27,S4,P13,2,107
2025-11-28,S4,P13,15,92
2025-11-29,S4,P13,5,87
2025-11-30,S4,P13,10,77
2025-12-01,S4,P13,8,69
2025-12-02,S4,P13,7,62
2025-12-03,S4,P13,4,58
2025-12-04,S4,P13,3,55
2025-12-05,S4,P13,5,50
2025-12-06,S4,P13,8,42
2025-12-07,S4,P13,12,30
2025-12-08,S4,P13,3,27
2025-12-09,S4,P13,8,19
2025-12-10,S4,P13,9,120
2025-12-11,S4,P13,8,112
2025-12-12,S4,P13,10,102
2025-12-13,S4,P13,9,93
2025-12-14,S4,P13,6,87
2025-12-15,S4,P13,2,85
2025-12-16,S4,P13,4,81
2025-12-17,S4,P13,6,75
2025-12-18,S4,P13,14,61
2025-12-19,S4,P13,7,54
2025-12-20,S4,P13,8,46
2025-12-21,S4,P13,7,39
2025-12-22,S4,P13,6,33
2025-12-23,S4,P13,7,26
2025-12-24,S4,P13,6,20
2025-12-25,S4,P13,8,67
2025-12-26,S4,P13,14,53
2025-12-27,S4,P13,6,47
2025-12-28,S4,P13,13,34
2025-12-29,S4,P13,8,26
2025-12-30,S4,P13,7,19
2025-12-31,S4,P13,4,100
2026-01-01,S4,P13,5,95
2026-01-02,S4,P13,5,90
2026-01-03,S4,P13,9,81
2026-01-04,S4,P13,7,74
2026-01-05,S4,P13,7,67
2026-01-06,S4,P13,4,63
2026-01-07,S4,P13,5,58
2026-01-08,S4,P13,6,52
2026-01-09,S4,P13,6,46
2026-01-10,S4,P13,4,42
2026-01-11,S4,P13,6,36
2026-01-12,S4,P13,6,30
2026-01-13,S4,P13,4,26
2026-01-14,S4,P13,3,23
2026-01-15,S4,P13,8,117
2026-01-16,S4,P13,6,111
2026-01-17,S4,P13,10,101
2026-01-18,S4,P13,4,97
2026-01-19,S4,P13,5,92
2026-01-20,S4,P13,7,85
2026-01-21,S4,P13,7,78
2026-01-22,S4,P13,2,76
2026-01-23,S4,P13,8,68
2026-01-24,S4,P13,9,59
2026-01-25,S4,P13,5,54
2026-01-26,S4,P13,4,50
2026-01-27,S4,P13,13,37
2026-01-28,S4,P13,6,31
2026-01-29,S4,P13,6,25
2026-01-30,S4,P13,8,82
2026-01-31,S4,P13,5,77
2026-02-01,S4,P13,7,70
2026-02-02,S4,P13,3,67
2026-02-03,S4,P13,11,56
2026-02-04,S4,P13,7,49
2026-02-05,S4,P13,10,39
2026-02-06,S4,P13,9,30
2026-02-07,S4,P13,7,23
2026-02-08,S4,P13,12,102
2026-02-09,S4,P13,2,100
2026-02-10,S4,P13,8,92
2026-02-11,S4,P13,3,89
2026-02-12,S4,P13,10,79
2026-02-13,S4,P13,6,73
2026-02-14,S4,P13,5,68
2026-02-15,S4,P13,2,66
2026-02-16,S4,P13,5,61
2026-02-17,S4,P13,6,55
2026-02-18,S4,P13,8,47
2026-02-19,S4,P13,8,39
2026-02-20,S4,P13,10,29
2026-02-21,S4,P13,12,72
2026-02-22,S4,P13,12,60
2026-02-23,S4,P13,7,53
2026-02-24,S4,P13,9,44
2026-02-25,S4,P13,1,43
2026-02-26,S4,P13,6,37
2026-02-27,S4,P13,12,25
2026-02-28,S4,P13,11,118
2026-03-01,S4,P13,9,109
2026-03-02,S4,P13,5,104
2026-03-03,S4,P13,7,97
2026-03-04,S4,P13,8,89
2026-03-05,S4,P13,12,77
2026-03-06,S4,P13,2,75
2026-03-07,S4,P13,6,69
2026-03-08,S4,P13,5,64
2026-03-09,S4,P13,4,60
2026-03-10,S4,P13,9,51
2026-03-11,S4,P13,5,46
2026-03-12,S4,P13,5,41
2026-03-13,S4,P13,15,26
2026-03-14,S4,P13,11,75
2025-09-01,S4,P14,1,36
2025-09-02,S4,P14,0,36
2025-09-03,S4,P14,4,32
2025-09-04,S4,P14,3,29
2025-09-05,S4,P14,4,25
2025-09-06,S4,P14,1,24
2025-09-07,S4,P14,1,23
2025-09-08,S4,P14,0,23
2025-09-09,S4,P14,2,21
2025-09-10,S4,P14,6,15
2025-09-11,S4,P14,3,12
2025-09-12,S4,P14,6,6
2025-09-13,S4,P14,1,39
2025-09-14,S4,P14,3,36
2025-09-15,S4,P14,3,33
2025-09-16,S4,P14,3,30
2025-09-17,S4,P14,2,28
2025-09-18,S4,P14,2,26
2025-09-19,S4,P14,5,21
2025-09-20,S4,P14,2,19
2025-09-21,S4,P14,4,15
2025-09-22,S4,P14,2,13
2025-09-23,S4,P14,0,13
2025-09-24,S4,P14,4,9
2025-09-25,S4,P14,3,6
2025-09-26,S4,P14,5,21
2025-09-27,S4,P14,5,16
2025-09-28,S4,P14,1,15
2025-09-29,S4,P14,2,13
2025-09-30,S4,P14,2,11
2025-10-01,S4,P14,1,10
2025-10-02,S4,P14,2,8
2025-10-03,S4,P14,3,26
2025-10-04,S4,P14,4,22
2025-10-05,S4,P14,1,21
2025-10-06,S4,P14,1,20
2025-10-07,S4,P14,0,20
2025-10-08,S4,P14,5,15
2025-10-09,S4,P14,4,11
2025-10-10,S4,P14,4,7
2025-10-11,S4,P14,0,7
2025-10-12,S4,P14,2,35
2025-10-13,S4,P14,0,35
2025-10-14,S4,P14,2,33
2025-10-15,S4,P14,1,32
2025-10-16,S4,P14,2,30
2025-10-17,S4,P14,3,27
2025-10-18,S4,P14,3,24
2025-10-19,S4,P14,2,22
2025-10-20,S4,P14,0,22
2025-10-21,S4,P14,4,18
2025-10-22,S4,P14,1,17
2025-10-23,S4,P14,2,15
2025-10-24,S4,P14,3,12
2025-10-25,S4,P14,3,9
2025-10-26,S4,P14,2,7
2025-10-27,S4,P14,1,6
2025-10-28,S4,P14,5,32
2025-10-29,S4,P14,3,29
2025-10-30,S4,P14,3,26
2025-10-31,S4,P14,4,22
2025-11-01,S4,P14,0,22
2025-11-02,S4,P14,0,22
2025-11-03,S4,P14,3,19
2025-11-04,S4,P14,0,19
2025-11-05,S4,P14,2,17
2025-11-06,S4,P14,1,16
2025-11-07,S4,P14,2,14
2025-11-08,S4,P14,2,12
2025-11-09,S4,P14,4,8
2025-11-10,S4,P14,3,28
2025-11-11,S4,P14,3,25
2025-11-12,S4,P14,1,24
2025-11-13,S4,P14,3,21
2025-11-14,S4,P14,3,18
2025-11-15,S4,P14,2,16
2025-11-16,S4,P14,2,14
2025-11-17,S4,P14,1,13
2025-11-18,S4,P14,1,12
2025-11-19,S4,P14,3,9
2025-11-20,S4,P14,2,7
2025-11-21,S4,P14,2,43
2025-11-22,S4,P14,1,42
2025-11-23,S4,P14,0,42
2025-11-24,S4,P14,1,41
2025-11-25,S4,P14,1,40
2025-11-26,S4,P14,1,39
2025-11-27,S4,P14,0,39
2025-11-28,S4,P14,5,34
2025-11-29,S4,P14,3,31
2025-11-30,S4,P14,1,30
2025-12-01,S4,P14,3,27
2025-12-02,S4,P14,4,23
2025-12-03,S4,P14,4,19
2025-12-04,S4,P14,4,15
2025-12-05,S4,P14,2,13
2025-12-06,S4,P14,3,10
2025-12-07,S4,P14,1,9
2025-12-08,S4,P14,2,7
2025-12-09,S4,P14,1,6
2025-12-10,S4,P14,1,31
2025-12-11,S4,P14,3,28
2025-12-12,S4,P14,1,27
2025-12-13,S4,P14,3,24
2025-12-14,S4,P14,3,21
2025-12-15,S4,P14,3,18
2025-12-16,S4,P14,2,16
2025-12-17,S4,P14,1,15
2025-12-18,S4,P14,1,14
2025-12-19,S4,P14,4,10
2025-12-20,S4,P14,1,9
2025-12-21,S4,P14,4,28
2025-12-22,S4,P14,1,27
2025-12-23,S4,P14,4,23
2025-12-24,S4,P14,0,23
2025-12-25,S4,P14,6,17
2025-12-26,S4,P14,4,13
2025-12-27,S4,P14,0,13
2025-12-28,S4,P14,0,13
2025-12-29,S4,P14,1,12
2025-12-30,S4,P14,3,9
2025-12-31,S4,P14,1,8
2026-01-01,S4,P14,1,7
2026-01-02,S4,P14,1,6
2026-01-03,S4,P14,3,23
2026-01-04,S4,P14,4,19
2026-01-05,S4,P14,1,18
2026-01-06,S4,P14,5,13
2026-01-07,S4,P14,3,10
2026-01-08,S4,P14,5,22
2026-01-09,S4,P14,0,22
2026-01-10,S4,P14,3,19
2026-01-11,S4,P14,3,16
2026-01-12,S4,P14,2,14
2026-01-13,S4,P14,2,12
2026-01-14,S4,P14,3,9
2026-01-15,S4,P14,3,6
2026-01-16,S4,P14,3,41
2026-01-17,S4,P14,3,38
2026-01-18,S4,P14,0,38
2026-01-19,S4,P14,5,33
2026-01-20,S4,P14,2,31
2026-01-21,S4,P14,0,31
2026-01-22,S4,P14,3,28
2026-01-23,S4,P14,1,27
2026-01-24,S4,P14,3,24
2026-01-25,S4,P14,0,24
2026-01-26,S4,P14,3,21
2026-01-27,S4,P14,5,16
2026-01-28,S4,P14,2,14
2026-01-29,S4,P14,5,9
2026-01-30,S4,P14,1,8
2026-01-31,S4,P14,2,6
2026-02-01,S4,P14,2,41
2026-02-02,S4,P14,1,40
2026-02-03,S4,P14,2,38
2026-02-04,S4,P14,3,35
2026-02-05,S4,P14,1,34
2026-02-06,S4,P14,0,34
2026-02-07,S4,P14,6,28
2026-02-08,S4,P14,2,26
2026-02-09,S4,P14,1,25
2026-02-10,S4,P14,1,24
2026-02-11,S4,P14,1,23
2026-02-12,S4,P14,1,22
2026-02-13,S4,P14,2,20
2026-02-14,S4,P14,4,16
2026-02-15,S4,P14,4,12
2026-02-16,S4,P14,3,9
2026-02-17,S4,P14,1,8
2026-02-18,S4,P14,5,26
2026-02-19,S4,P14,1,25
2026-02-20,S4,P14,2,23
2026-02-21,S4,P14,3,20
2026-02-22,S4,P14,4,16
2026-02-23,S4,P14,1,15
2026-02-24,S4,P14,1,14
2026-02-25,S4,P14,4,10
2026-02-26,S4,P14,1,9
2026-02-27,S4,P14,3,6
2026-02-28,S4,P14,0,6
2026-03-01,S4,P14,1,27
2026-03-02,S4,P14,4,23
2026-03-03,S4,P14,2,21
2026-03-04,S4,P14,0,21
2026-03-05,S4,P14,2,19
2026-03-06,S4,P14,6,13
2026-03-07,S4,P14,0,13
2026-03-08,S4,P14,1,12
2026-03-09,S4,P14,1,11
2026-03-10,S4,P14,2,9
2026-03-11,S4,P14,3,6
2026-03-12,S4,P14,2,35
2026-03-13,S4,P14,1,34
2026-03-14,S4,P14,3,31
2025-09-01,S4,P15,3,71
2025-09-02,S4,P15,2,69
2025-09-03,S4,P15,3,66
2025-09-04,S4,P15,2,64
2025-09-05,S4,P15,4,60
2025-09-06,S4,P15,3,57
2025-09-07,S4,P15,2,55
2025-09-08,S4,P15,3,52
2025-09-09,S4,P15,5,47
2025-09-10,S4,P15,1,46
2025-09-11,S4,P15,4,42
2025-09-12,S4,P15,5,37
2025-09-13,S4,P15,4,33
2025-09-14,S4,P15,3,30
2025-09-15,S4,P15,4,26
2025-09-16,S4,P15,2,24
2025-09-17,S4,P15,4,20
2025-09-18,S4,P15,4,16
2025-09-19,S4,P15,4,12
2025-09-20,S4,P15,3,44
2025-09-21,S4,P15,2,42
2025-09-22,S4,P15,5,37
2025-09-23,S4,P15,4,33
2025-09-24,S4,P15,3,30
2025-09-25,S4,P15,4,26
2025-09-26,S4,P15,4,22
2025-09-27,S4,P15,6,16
2025-09-28,S4,P15,4,12
2025-09-29,S4,P15,3,57
2025-09-30,S4,P15,7,50
2025-10-01,S4,P15,1,49
2025-10-02,S4,P15,0,49
2025-10-03,S4,P15,4,45
2025-10-04,S4,P15,2,43
2025-10-05,S4,P15,4,39
2025-10-06,S4,P15,7,32
2025-10-07,S4,P15,2,30
2025-10-08,S4,P15,2,28
2025-10-09,S4,P15,3,25
2025-10-10,S4,P15,6,19
2025-10-11,S4,P15,6,13
2025-10-12,S4,P15,3,50
2025-10-13,S4,P15,0,50
2025-10-14,S4,P15,1,49
2025-10-15,S4,P15,5,44
2025-10-16,S4,P15,3,41
2025-10-17,S4,P15,6,35
2025-10-18,S4,P15,2,33
2025-10-19,S4,P15,2,31
2025-10-20,S4,P15,3,28
2025-10-21,S4,P15,5,23
2025-10-22,S4,P15,1,22
2025-10-23,S4,P15,3,19
2025-10-24,S4,P15,2,17
2025-10-25,S4,P15,1,16
2025-10-26,S4,P15,4,12
2025-10-27,S4,P15,2,44
2025-10-28,S4,P15,5,39
2025-10-29,S4,P15,7,32
2025-10-30,S4,P15,3,29
2025-10-31,S4,P15,5,24
2025-11-01,S4,P15,5,19
2025-11-02,S4,P15,4,15
2025-11-03,S4,P15,3,12
2025-11-04,S4,P15,0,12
2025-11-05,S4,P15,3,59
2025-11-06,S4,P15,2,57
2025-11-07,S4,P15,5,52
2025-11-08,S4,P15,4,48
2025-11-09,S4,P15,7,41
2025-11-10,S4,P15,4,37
2025-11-11,S4,P15,4,33
2025-11-12,S4,P15,7,26
2025-11-13,S4,P15,8,18
2025-11-14,S4,P15,10,48
2025-11-15,S4,P15,6,42
2025-11-16,S4,P15,6,36
2025-11-17,S4,P15,0,36
2025-11-18,S4,P15,3,33
2025-11-19,S4,P15,2,31
2025-11-20,S4,P15,1,30
2025-11-21,S4,P15,8,22
2025-11-22,S4,P15,3,19
2025-11-23,S4,P15,4,15
2025-11-24,S4,P15,7,43
2025-11-25,S4,P15,8,35
2025-11-26,S4,P15,3,32
2025-11-27,S4,P15,4,28
2025-11-28,S4,P15,8,20
2025-11-29,S4,P15,3,17
2025-11-30,S4,P15,1,16
2025-12-01,S4,P15,6,74
2025-12-02,S4,P15,4,70
2025-12-03,S4,P15,7,63
2025-12-04,S4,P15,2,61
2025-12-05,S4,P15,6,55
2025-12-06,S4,P15,12,43
2025-12-07,S4,P15,2,41
2025-12-08,S4,P15,3,38
2025-12-09,S4,P15,5,33
2025-12-10,S4,P15,5,28
2025-12-11,S4,P15,5,23
2025-12-12,S4,P15,4,19
2025-12-13,S4,P15,4,15
2025-12-14,S4,P15,1,14
2025-12-15,S4,P15,6,54
2025-12-16,S4,P15,2,52
2025-12-17,S4,P15,4,48
2025-12-18,S4,P15,3,45
2025-12-19,S4,P15,6,39
2025-12-20,S4,P15,12,27
2025-12-21,S4,P15,4,23
2025-12-22,S4,P15,4,19
2025-12-23,S4,P15,5,14
2025-12-24,S4,P15,3,11
2025-12-25,S4,P15,2,66
2025-12-26,S4,P15,4,62
2025-12-27,S4,P15,1,61
2025-12-28,S4,P15,4,57
2025-12-29,S4,P15,2,55
2025-12-30,S4,P15,3,52
2025-12-31,S4,P15,4,48
2026-01-01,S4,P15,6,42
2026-01-02,S4,P15,5,37
2026-01-03,S4,P15,6,31
2026-01-04,S4,P15,4,27
2026-01-05,S4,P15,0,27
2026-01-06,S4,P15,5,22
2026-01-07,S4,P15,1,21
2026-01-08,S4,P15,3,18
2026-01-09,S4,P15,4,14
2026-01-10,S4,P15,3,11
2026-01-11,S4,P15,2,67
2026-01-12,S4,P15,4,63
2026-01-13,S4,P15,4,59
2026-01-14,S4,P15,3,56
2026-01-15,S4,P15,4,52
2026-01-16,S4,P15,4,48
2026-01-17,S4,P15,0,48
2026-01-18,S4,P15,6,42
2026-01-19,S4,P15,3,39
2026-01-20,S4,P15,1,38
2026-01-21,S4,P15,6,32
2026-01-22,S4,P15,6,26
2026-01-23,S4,P15,4,22
2026-01-24,S4,P15,3,19
2026-01-25,S4,P15,3,16
2026-01-26,S4,P15,1,15
2026-01-27,S4,P15,5,70
2026-01-28,S4,P15,6,64
2026-01-29,S4,P15,6,58
2026-01-30,S4,P15,4,54
2026-01-31,S4,P15,5,49
2026-02-01,S4,P15,4,45
2026-02-02,S4,P15,4,41
2026-02-03,S4,P15,1,40
2026-02-04,S4,P15,2,38
2026-02-05,S4,P15,3,35
2026-02-06,S4,P15,5,30
2026-02-07,S4,P15,1,29
2026-02-08,S4,P15,2,27
2026-02-09,S4,P15,6,21
2026-02-10,S4,P15,3,18
2026-02-11,S4,P15,4,14
2026-02-12,S4,P15,3,11
2026-02-13,S4,P15,6,71
2026-02-14,S4,P15,5,66
2026-02-15,S4,P15,3,63
2026-02-16,S4,P15,6,57
2026-02-17,S4,P15,3,54
2026-02-18,S4,P15,3,51
2026-02-19,S4,P15,6,45
2026-02-20,S4,P15,4,41
2026-02-21,S4,P15,8,33
2026-02-22,S4,P15,2,31
2026-02-23,S4,P15,2,29
2026-02-24,S4,P15,1,28
2026-02-25,S4,P15,4,24
2026-02-26,S4,P15,8,16
2026-02-27,S4,P15,10,52
2026-02-28,S4,P15,3,49
2026-03-01,S4,P15,6,43
2026-03-02,S4,P15,6,37
2026-03-03,S4,P15,12,25
2026-03-04,S4,P15,2,23
2026-03-05,S4,P15,7,16
2026-03-06,S4,P15,8,74
2026-03-07,S4,P15,2,72
2026-03-08,S4,P15,1,71
2026-03-09,S4,P15,6,65
2026-03-10,S4,P15,4,61
2026-03-11,S4,P15,0,61
2026-03-12,S4,P15,4,57
2026-03-13,S4,P15,9,48
2026-03-14,S4,P15,9,39
2025-09-01,S4,P16,4,41
2025-09-02,S4,P16,3,38
2025-09-03,S4,P16,5,33
2025-09-04,S4,P16,7,26
2025-09-05,S4,P16,3,23
2025-09-06,S4,P16,3,20
2025-09-07,S4,P16,4,16
2025-09-08,S4,P16,2,14
2025-09-09,S4,P16,1,13
2025-09-10,S4,P16,5,62
2025-09-11,S4,P16,7,55
2025-09-12,S4,P16,4,51
2025-09-13,S4,P16,4,47
2025-09-14,S4,P16,3,44
2025-09-15,S4,P16,2,42
2025-09-16,S4,P16,2,40
2025-09-17,S4,P16,6,34
2025-09-18,S4,P16,6,28
2025-09-19,S4,P16,2,26
2025-09-20,S4,P16,3,23
2025-09-21,S4,P16,2,21
2025-09-22,S4,P16,4,17
2025-09-23,S4,P16,3,14
2025-09-24,S4,P16,1,13
2025-09-25,S4,P16,3,10
2025-09-26,S4,P16,4,39
2025-09-27,S4,P16,3,36
2025-09-28,S4,P16,2,34
2025-09-29,S4,P16,1,33
2025-09-30,S4,P16,5,28
2025-10-01,S4,P16,2,26
2025-10-02,S4,P16,4,22
2025-10-03,S4,P16,4,18
2025-10-04,S4,P16,1,17
2025-10-05,S4,P16,4,13
2025-10-06,S4,P16,3,10
2025-10-07,S4,P16,3,37
2025-10-08,S4,P16,1,36
2025-10-09,S4,P16,5,31
2025-10-10,S4,P16,2,29
2025-10-11,S4,P16,8,21
2025-10-12,S4,P16,1,20
2025-10-13,S4,P16,3,17
2025-10-14,S4,P16,4,13
2025-10-15,S4,P16,0,13
2025-10-16,S4,P16,2,11
2025-10-17,S4,P16,5,46
2025-10-18,S4,P16,4,42
2025-10-19,S4,P16,3,39
2025-10-20,S4,P16,3,36
2025-10-21,S4,P16,1,35
2025-10-22,S4,P16,5,30
2025-10-23,S4,P16,4,26
2025-10-24,S4,P16,4,22
2025-10-25,S4,P16,5,17
2025-10-26,S4,P16,4,13
2025-10-27,S4,P16,4,9
2025-10-28,S4,P16,4,62
2025-10-29,S4,P16,3,59
2025-10-30,S4,P16,7,52
2025-10-31,S4,P16,6,46
2025-11-01,S4,P16,3,43
2025-11-02,S4,P16,3,40
2025-11-03,S4,P16,3,37
2025-11-04,S4,P16,6,31
2025-11-05,S4,P16,0,31
2025-11-06,S4,P16,6,25
2025-11-07,S4,P16,7,18
2025-11-08,S4,P16,3,15
2025-11-09,S4,P16,2,13
2025-11-10,S4,P16,4,9
2025-11-11,S4,P16,0,9
2025-11-12,S4,P16,3,57
2025-11-13,S4,P16,3,54
2025-11-14,S4,P16,9,45
2025-11-15,S4,P16,2,43
2025-11-16,S4,P16,3,40
2025-11-17,S4,P16,2,38
2025-11-18,S4,P16,3,35
2025-11-19,S4,P16,3,32
2025-11-20,S4,P16,6,26
2025-11-21,S4,P16,6,20
2025-11-22,S4,P16,3,17
2025-11-23,S4,P16,3,14
2025-11-24,S4,P16,2,12
2025-11-25,S4,P16,4,49
2025-11-26,S4,P16,1,48
2025-11-27,S4,P16,1,47
2025-11-28,S4,P16,1,46
2025-11-29,S4,P16,1,45
2025-11-30,S4,P16,4,41
2025-12-01,S4,P16,2,39
2025-12-02,S4,P16,4,35
2025-12-03,S4,P16,2,33
2025-12-04,S4,P16,6,27
2025-12-05,S4,P16,7,20
2025-12-06,S4,P16,3,17
2025-12-07,S4,P16,6,11
2025-12-08,S4,P16,1,10
2025-12-09,S4,P16,3,59
2025-12-10,S4,P16,4,55
2025-12-11,S4,P16,1,54
2025-12-12,S4,P16,3,51
2025-12-13,S4,P16,2,49
2025-12-14,S4,P16,5,44
2025-12-15,S4,P16,1,43
2025-12-16,S4,P16,5,38
2025-12-17,S4,P16,5,33
2025-12-18,S4,P16,2,31
2025-12-19,S4,P16,3,28
2025-12-20,S4,P16,2,26
2025-12-21,S4,P16,2,24
2025-12-22,S4,P16,1,23
2025-12-23,S4,P16,3,20
2025-12-24,S4,P16,6,14
2025-12-25,S4,P16,5,9
2025-12-26,S4,P16,3,40
2025-12-27,S4,P16,1,39
2025-12-28,S4,P16,3,36
2025-12-29,S4,P16,4,32
2025-12-30,S4,P16,3,29
2025-12-31,S4,P16,5,24
2026-01-01,S4,P16,7,17
2026-01-02,S4,P16,2,15
2026-01-03,S4,P16,2,13
2026-01-04,S4,P16,2,11
2026-01-05,S4,P16,2,9
2026-01-06,S4,P16,4,46
2026-01-07,S4,P16,3,43
2026-01-08,S4,P16,2,41
2026-01-09,S4,P16,1,40
2026-01-10,S4,P16,4,36
2026-01-11,S4,P16,2,34
2026-01-12,S4,P16,2,32
2026-01-13,S4,P16,4,28
2026-01-14,S4,P16,2,26
2026-01-15,S4,P16,6,20
2026-01-16,S4,P16,4,16
2026-01-17,S4,P16,2,14
2026-01-18,S4,P16,4,10
2026-01-19,S4,P16,2,63
2026-01-20,S4,P16,7,56
2026-01-21,S4,P16,3,53
2026-01-22,S4,P16,7,46
2026-01-23,S4,P16,5,41
2026-01-24,S4,P16,4,37
2026-01-25,S4,P16,2,35
2026-01-26,S4,P16,2,33
2026-01-27,S4,P16,3,30
2026-01-28,S4,P16,1,29
2026-01-29,S4,P16,5,24
2026-01-30,S4,P16,6,18
2026-01-31,S4,P16,3,15
2026-02-01,S4,P16,4,11
2026-02-02,S4,P16,2,9
2026-02-03,S4,P16,2,50
2026-02-04,S4,P16,3,47
2026-02-05,S4,P16,2,45
2026-02-06,S4,P16,1,44
2026-02-07,S4,P16,4,40
2026-02-08,S4,P16,5,35
2026-02-09,S4,P16,4,31
2026-02-10,S4,P16,3,28
2026-02-11,S4,P16,1,27
2026-02-12,S4,P16,5,22
2026-02-13,S4,P16,3,19
2026-02-14,S4,P16,3,16
2026-02-15,S4,P16,2,14
2026-02-16,S4,P16,2,12
2026-02-17,S4,P16,4,63
2026-02-18,S4,P16,1,62
2026-02-19,S4,P16,0,62
2026-02-20,S4,P16,7,55
2026-02-21,S4,P16,3,52
2026-02-22,S4,P16,2,50
2026-02-23,S4,P16,1,49
2026-02-24,S4,P16,3,46
2026-02-25,S4,P16,2,44
2026-02-26,S4,P16,1,43
2026-02-27,S4,P16,4,39
2026-02-28,S4,P16,5,34
2026-03-01,S4,P16,3,31
2026-03-02,S4,P16,4,27
2026-03-03,S4,P16,0,27
2026-03-04,S4,P16,2,25
2026-03-05,S4,P16,3,22
2026-03-06,S4,P16,7,15
2026-03-07,S4,P16,1,14
2026-03-08,S4,P16,2,12
2026-03-09,S4,P16,4,60
2026-03-10,S4,P16,9,51
2026-03-11,S4,P16,3,48
2026-03-12,S4,P16,3,45
2026-03-13,S4,P16,7,38
2026-03-14,S4,P16,0,38
2025-09-01,S4,P17,1,22
2025-09-02,S4,P17,0,22
2025-09-03,S4,P17,0,22
2025-09-04,S4,P17,3,19
2025-09-05,S4,P17,1,18
2025-09-06,S4,P17,1,17
2025-09-07,S4,P17,2,15
2025-09-08,S4,P17,0,15
2025-09-09,S4,P17,1,14
2025-09-10,S4,P17,2,12
2025-09-11,S4,P17,2,10
2025-09-12,S4,P17,1,9
2025-09-13,S4,P17,0,9
2025-09-14,S4,P17,2,7
2025-09-15,S4,P17,2,5
2025-09-16,S4,P17,0,5
2025-09-17,S4,P17,2,3
2025-09-18,S4,P17,2,14
2025-09-19,S4,P17,0,14
2025-09-20,S4,P17,1,13
2025-09-21,S4,P17,0,13
2025-09-22,S4,P17,4,9
2025-09-23,S4,P17,0,9
2025-09-24,S4,P17,2,7
2025-09-25,S4,P17,0,7
2025-09-26,S4,P17,2,5
2025-09-27,S4,P17,2,3
2025-09-28,S4,P17,1,12
2025-09-29,S4,P17,0,12
2025-09-30,S4,P17,2,10
2025-10-01,S4,P17,0,10
2025-10-02,S4,P17,1,9
2025-10-03,S4,P17,0,9
2025-10-04,S4,P17,0,9
2025-10-05,S4,P17,0,9
2025-10-06,S4,P17,2,7
2025-10-07,S4,P17,1,6
2025-10-08,S4,P17,1,5
2025-10-09,S4,P17,5,10
2025-10-10,S4,P17,1,9
2025-10-11,S4,P17,2,7
2025-10-12,S4,P17,2,5
2025-10-13,S4,P17,0,5
2025-10-14,S4,P17,1,4
2025-10-15,S4,P17,0,4
2025-10-16,S4,P17,0,4
2025-10-17,S4,P17,1,3
2025-10-18,S4,P17,2,11
2025-10-19,S4,P17,2,9
2025-10-20,S4,P17,1,8
2025-10-21,S4,P17,0,8
2025-10-22,S4,P17,0,8
2025-10-23,S4,P17,1,7
2025-10-24,S4,P17,2,5
2025-10-25,S4,P17,1,4
2025-10-26,S4,P17,1,3
2025-10-27,S4,P17,3,16
2025-10-28,S4,P17,2,14
2025-10-29,S4,P17,1,13
2025-10-30,S4,P17,3,10
2025-10-31,S4,P17,2,8
2025-11-01,S4,P17,0,8
2025-11-02,S4,P17,0,8
2025-11-03,S4,P17,0,8
2025-11-04,S4,P17,0,8
2025-11-05,S4,P17,3,5
2025-11-06,S4,P17,0,5
2025-11-07,S4,P17,2,3
2025-11-08,S4,P17,1,12
2025-11-09,S4,P17,2,10
2025-11-10,S4,P17,3,7
2025-11-11,S4,P17,2,5
2025-11-12,S4,P17,2,3
2025-11-13,S4,P17,0,3
2025-11-14,S4,P17,3,13
2025-11-15,S4,P17,0,13
2025-11-16,S4,P17,0,13
2025-11-17,S4,P17,2,11
2025-11-18,S4,P17,1,10
2025-11-19,S4,P17,0,10
2025-11-20,S4,P17,1,9
2025-11-21,S4,P17,1,8
2025-11-22,S4,P17,3,5
2025-11-23,S4,P17,1,4
2025-11-24,S4,P17,1,3
2025-11-25,S4,P17,1,16
2025-11-26,S4,P17,1,15
2025-11-27,S4,P17,0,15
2025-11-28,S4,P17,2,13
2025-11-29,S4,P17,2,11
2025-11-30,S4,P17,0,11
2025-12-01,S4,P17,0,11
2025-12-02,S4,P17,1,10
2025-12-03,S4,P17,1,9
2025-12-04,S4,P17,0,9
2025-12-05,S4,P17,1,8
2025-12-06,S4,P17,2,6
2025-12-07,S4,P17,1,5
2025-12-08,S4,P17,1,4
2025-12-09,S4,P17,0,4
2025-12-10,S4,P17,1,3
2025-12-11,S4,P17,0,3
2025-12-12,S4,P17,0,3
2025-12-13,S4,P17,0,3
2025-12-14,S4,P17,1,12
2025-12-15,S4,P17,0,12
2025-12-16,S4,P17,2,10
2025-12-17,S4,P17,2,8
2025-12-18,S4,P17,1,7
2025-12-19,S4,P17,1,6
2025-12-20,S4,P17,2,4
2025-12-21,S4,P17,2,14
2025-12-22,S4,P17,0,14
2025-12-23,S4,P17,0,14
2025-12-24,S4,P17,0,14
2025-12-25,S4,P17,1,13
2025-12-26,S4,P17,0,13
2025-12-27,S4,P17,4,9
2025-12-28,S4,P17,1,8
2025-12-29,S4,P17,0,8
2025-12-30,S4,P17,1,7
2025-12-31,S4,P17,1,6
2026-01-01,S4,P17,1,5
2026-01-02,S4,P17,1,4
2026-01-03,S4,P17,2,17
2026-01-04,S4,P17,1,16
2026-01-05,S4,P17,0,16
2026-01-06,S4,P17,1,15
2026-01-07,S4,P17,2,13
2026-01-08,S4,P17,2,11
2026-01-09,S4,P17,1,10
2026-01-10,S4,P17,0,10
2026-01-11,S4,P17,0,10
2026-01-12,S4,P17,0,10
2026-01-13,S4,P17,2,8
2026-01-14,S4,P17,0,8
2026-01-15,S4,P17,0,8
2026-01-16,S4,P17,0,8
2026-01-17,S4,P17,1,7
2026-01-18,S4,P17,1,6
2026-01-19,S4,P17,1,5
2026-01-20,S4,P17,3,17
2026-01-21,S4,P17,1,16
2026-01-22,S4,P17,0,16
2026-01-23,S4,P17,2,14
2026-01-24,S4,P17,0,14
2026-01-25,S4,P17,2,12
2026-01-26,S4,P17,0,12
2026-01-27,S4,P17,0,12
2026-01-28,S4,P17,1,11
2026-01-29,S4,P17,1,10
2026-01-30,S4,P17,1,9
2026-01-31,S4,P17,3,6
2026-02-01,S4,P17,1,5
2026-02-02,S4,P17,0,5
2026-02-03,S4,P17,0,5
2026-02-04,S4,P17,2,3
2026-02-05,S4,P17,1,12
2026-02-06,S4,P17,0,12
2026-02-07,S4,P17,0,12
2026-02-08,S4,P17,2,10
2026-02-09,S4,P17,1,9
2026-02-10,S4,P17,0,9
2026-02-11,S4,P17,0,9
2026-02-12,S4,P17,1,8
2026-02-13,S4,P17,2,6
2026-02-14,S4,P17,1,5
2026-02-15,S4,P17,4,11
2026-02-16,S4,P17,0,11
2026-02-17,S4,P17,0,11
2026-02-18,S4,P17,1,10
2026-02-19,S4,P17,1,9
2026-02-20,S4,P17,0,9
2026-02-21,S4,P17,0,9
2026-02-22,S4,P17,2,7
2026-02-23,S4,P17,3,4
2026-02-24,S4,P17,0,4
2026-02-25,S4,P17,3,11
2026-02-26,S4,P17,2,9
2026-02-27,S4,P17,0,9
2026-02-28,S4,P17,0,9
2026-03-01,S4,P17,0,9
2026-03-02,S4,P17,1,8
2026-03-03,S4,P17,0,8
2026-03-04,S4,P17,3,5
2026-03-05,S4,P17,2,3
2026-03-06,S4,P17,0,3
2026-03-07,S4,P17,2,11
2026-03-08,S4,P17,1,10
2026-03-09,S4,P17,1,9
2026-03-10,S4,P17,0,9
2026-03-11,S4,P17,1,8
2026-03-12,S4,P17,0,8
2026-03-13,S4,P17,0,8
2026-03-14,S4,P17,0,8
2025-09-01,S4,P18,0,8
2025-09-02,S4,P18,0,8
2025-09-03,S4,P18,0,8
2025-09-04,S4,P18,0,8
2025-09-05,S4,P18,0,8
2025-09-06,S4,P18,1,7
2025-09-07,S4,P18,1,6
2025-09-08,S4,P18,1,5
2025-09-09,S4,P18,1,4
2025-09-10,S4,P18,0,4
2025-09-11,S4,P18,0,4
2025-09-12,S4,P18,1,3
2025-09-13,S4,P18,0,3
2025-09-14,S4,P18,0,3
2025-09-15,S4,P18,0,3
2025-09-16,S4,P18,0,3
2025-09-17,S4,P18,0,3
2025-09-18,S4,P18,0,3
2025-09-19,S4,P18,1,12
2025-09-20,S4,P18,1,11
2025-09-21,S4,P18,0,11
2025-09-22,S4,P18,0,11
2025-09-23,S4,P18,0,11
2025-09-24,S4,P18,0,11
2025-09-25,S4,P18,0,11
2025-09-26,S4,P18,0,11
2025-09-27,S4,P18,1,10
2025-09-28,S4,P18,0,10
2025-09-29,S4,P18,0,10
2025-09-30,S4,P18,0,10
2025-10-01,S4,P18,0,10
2025-10-02,S4,P18,1,9
2025-10-03,S4,P18,0,9
2025-10-04,S4,P18,0,9
2025-10-05,S4,P18,0,9
2025-10-06,S4,P18,0,9
2025-10-07,S4,P18,0,9
2025-10-08,S4,P18,1,8
2025-10-09,S4,P18,0,8
2025-10-10,S4,P18,0,8
2025-10-11,S4,P18,0,8
2025-10-12,S4,P18,0,8
2025-10-13,S4,P18,1,7
2025-10-14,S4,P18,1,6
2025-10-15,S4,P18,0,6
2025-10-16,S4,P18,0,6
2025-10-17,S4,P18,0,6
2025-10-18,S4,P18,1,5
2025-10-19,S4,P18,0,5
2025-10-20,S4,P18,0,5
2025-10-21,S4,P18,1,4
2025-10-22,S4,P18,0,4
2025-10-23,S4,P18,0,4
2025-10-24,S4,P18,0,4
2025-10-25,S4,P18,1,3
2025-10-26,S4,P18,0,3
2025-10-27,S4,P18,0,3
2025-10-28,S4,P18,1,12
2025-10-29,S4,P18,0,12
2025-10-30,S4,P18,1,11
2025-10-31,S4,P18,1,10
2025-11-01,S4,P18,0,10
2025-11-02,S4,P18,0,10
2025-11-03,S4,P18,0,10
2025-11-04,S4,P18,0,10
2025-11-05,S4,P18,0,10
2025-11-06,S4,P18,0,10
2025-11-07,S4,P18,0,10
2025-11-08,S4,P18,0,10
2025-11-09,S4,P18,0,10
2025-11-10,S4,P18,1,9
2025-11-11,S4,P18,0,9
2025-11-12,S4,P18,0,9
2025-11-13,S4,P18,1,8
2025-11-14,S4,P18,0,8
2025-11-15,S4,P18,0,8
2025-11-16,S4,P18,0,8
2025-11-17,S4,P18,2,6
2025-11-18,S4,P18,2,4
2025-11-19,S4,P18,0,4
2025-11-20,S4,P18,0,4
2025-11-21,S4,P18,0,4
2025-11-22,S4,P18,1,3
2025-11-23,S4,P18,0,3
2025-11-24,S4,P18,0,3
2025-11-25,S4,P18,0,3
2025-11-26,S4,P18,0,3
2025-11-27,S4,P18,0,3
2025-11-28,S4,P18,1,12
2025-11-29,S4,P18,0,12
2025-11-30,S4,P18,0,12
2025-12-01,S4,P18,1,11
2025-12-02,S4,P18,0,11
2025-12-03,S4,P18,0,11
2025-12-04,S4,P18,0,11
2025-12-05,S4,P18,2,9
2025-12-06,S4,P18,0,9
2025-12-07,S4,P18,0,9
2025-12-08,S4,P18,0,9
2025-12-09,S4,P18,0,9
2025-12-10,S4,P18,0,9
2025-12-11,S4,P18,0,9
2025-12-12,S4,P18,0,9
2025-12-13,S4,P18,0,9
2025-12-14,S4,P18,1,8
2025-12-15,S4,P18,0,8
2025-12-16,S4,P18,0,8
2025-12-17,S4,P18,1,7
2025-12-18,S4,P18,1,6
2025-12-19,S4,P18,0,6
2025-12-20,S4,P18,0,6
2025-12-21,S4,P18,1,5
2025-12-22,S4,P18,0,5
2025-12-23,S4,P18,0,5
2025-12-24,S4,P18,2,3
2025-12-25,S4,P18,0,3
2025-12-26,S4,P18,1,12
2025-12-27,S4,P18,0,12
2025-12-28,S4,P18,0,12
2025-12-29,S4,P18,0,12
2025-12-30,S4,P18,1,11
2025-12-31,S4,P18,0,11
2026-01-01,S4,P18,0,11
2026-01-02,S4,P18,0,11
2026-01-03,S4,P18,0,11
2026-01-04,S4,P18,0,11
2026-01-05,S4,P18,0,11
2026-01-06,S4,P18,2,9
2026-01-07,S4,P18,0,9
2026-01-08,S4,P18,0,9
2026-01-09,S4,P18,0,9
2026-01-10,S4,P18,0,9
2026-01-11,S4,P18,1,8
2026-01-12,S4,P18,0,8
2026-01-13,S4,P18,0,8
2026-01-14,S4,P18,0,8
2026-01-15,S4,P18,0,8
2026-01-16,S4,P18,0,8
2026-01-17,S4,P18,0,8
2026-01-18,S4,P18,1,7
2026-01-19,S4,P18,2,5
2026-01-20,S4,P18,0,5
2026-01-21,S4,P18,1,4
2026-01-22,S4,P18,2,12
2026-01-23,S4,P18,0,12
2026-01-24,S4,P18,0,12
2026-01-25,S4,P18,1,11
2026-01-26,S4,P18,0,11
2026-01-27,S4,P18,0,11
2026-01-28,S4,P18,0,11
2026-01-29,S4,P18,1,10
2026-01-30,S4,P18,0,10
2026-01-31,S4,P18,2,8
2026-02-01,S4,P18,0,8
2026-02-02,S4,P18,0,8
2026-02-03,S4,P18,0,8
2026-02-04,S4,P18,1,7
2026-02-05,S4,P18,0,7
2026-02-06,S4,P18,0,7
2026-02-07,S4,P18,0,7
2026-02-08,S4,P18,0,7
2026-02-09,S4,P18,0,7
2026-02-10,S4,P18,0,7
2026-02-11,S4,P18,0,7
2026-02-12,S4,P18,0,7
2026-02-13,S4,P18,0,7
2026-02-14,S4,P18,0,7
2026-02-15,S4,P18,0,7
2026-02-16,S4,P18,0,7
2026-02-17,S4,P18,0,7
2026-02-18,S4,P18,0,7
2026-02-19,S4,P18,0,7
2026-02-20,S4,P18,0,7
2026-02-21,S4,P18,1,6
2026-02-22,S4,P18,0,6
2026-02-23,S4,P18,0,6
2026-02-24,S4,P18,1,5
2026-02-25,S4,P18,0,5
2026-02-26,S4,P18,0,5
2026-02-27,S4,P18,2,3
2026-02-28,S4,P18,0,3
2026-03-01,S4,P18,0,3
2026-03-02,S4,P18,0,3
2026-03-03,S4,P18,0,3
2026-03-04,S4,P18,0,3
2026-03-05,S4,P18,0,3
2026-03-06,S4,P18,1,12
2026-03-07,S4,P18,0,12
2026-03-08,S4,P18,0,12
2026-03-09,S4,P18,0,12
2026-03-10,S4,P18,0,12
2026-03-11,S4,P18,0,12
2026-03-12,S4,P18,0,12
2026-03-13,S4,P18,0,12
2026-03-14,S4,P18,0,12
2025-09-01,S4,P19,3,74
2025-09-02,S4,P19,5,69
2025-09-03,S4,P19,5,64
2025-09-04,S4,P19,2,62
2025-09-05,S4,P19,6,56
2025-09-06,S4,P19,2,54
2025-09-07,S4,P19,5,49
2025-09-08,S4,P19,3,46
2025-09-09,S4,P19,8,38
2025-09-10,S4,P19,2,36
2025-09-11,S4,P19,6,30
2025-09-12,S4,P19,7,23
2025-09-13,S4,P19,4,19
2025-09-14,S4,P19,4,15
2025-09-15,S4,P19,4,76
2025-09-16,S4,P19,3,73
2025-09-17,S4,P19,6,67
2025-09-18,S4,P19,4,63
2025-09-19,S4,P19,5,58
2025-09-20,S4,P19,2,56
2025-09-21,S4,P19,5,51
2025-09-22,S4,P19,3,48
2025-09-23,S4,P19,5,43
2025-09-24,S4,P19,3,40
2025-09-25,S4,P19,11,29
2025-09-26,S4,P19,8,21
2025-09-27,S4,P19,3,18
2025-09-28,S4,P19,1,17
2025-09-29,S4,P19,5,12
2025-09-30,S4,P19,2,71
2025-10-01,S4,P19,4,67
2025-10-02,S4,P19,4,63
2025-10-03,S4,P19,2,61
2025-10-04,S4,P19,5,56
2025-10-05,S4,P19,6,50
2025-10-06,S4,P19,5,45
2025-10-07,S4,P19,4,41
2025-10-08,S4,P19,5,36
2025-10-09,S4,P19,7,29
2025-10-10,S4,P19,2,27
2025-10-11,S4,P19,1,26
2025-10-12,S4,P19,5,21
2025-10-13,S4,P19,4,17
2025-10-14,S4,P19,2,15
2025-10-15,S4,P19,4,70
2025-10-16,S4,P19,5,65
2025-10-17,S4,P19,4,61
2025-10-18,S4,P19,1,60
2025-10-19,S4,P19,3,57
2025-10-20,S4,P19,2,55
2025-10-21,S4,P19,3,52
2025-10-22,S4,P19,4,48
2025-10-23,S4,P19,5,43
2025-10-24,S4,P19,4,39
2025-10-25,S4,P19,3,36
2025-10-26,S4,P19,0,36
2025-10-27,S4,P19,4,32
2025-10-28,S4,P19,3,29
2025-10-29,S4,P19,5,24
2025-10-30,S4,P19,5,19
2025-10-31,S4,P19,7,12
2025-11-01,S4,P19,3,74
2025-11-02,S4,P19,9,65
2025-11-03,S4,P19,2,63
2025-11-04,S4,P19,2,61
2025-11-05,S4,P19,2,59
2025-11-06,S4,P19,3,56
2025-11-07,S4,P19,5,51
2025-11-08,S4,P19,4,47
2025-11-09,S4,P19,1,46
2025-11-10,S4,P19,4,42
2025-11-11,S4,P19,5,37
2025-11-12,S4,P19,5,32
2025-11-13,S4,P19,5,27
2025-11-14,S4,P19,6,21
2025-11-15,S4,P19,6,15
2025-11-16,S4,P19,3,12
2025-11-17,S4,P19,0,12
2025-11-18,S4,P19,4,59
2025-11-19,S4,P19,2,57
2025-11-20,S4,P19,5,52
2025-11-21,S4,P19,6,46
2025-11-22,S4,P19,6,40
2025-11-23,S4,P19,3,37
2025-11-24,S4,P19,6,31
2025-11-25,S4,P19,7,24
2025-11-26,S4,P19,3,21
2025-11-27,S4,P19,5,16
2025-11-28,S4,P19,2,14
2025-11-29,S4,P19,4,64
2025-11-30,S4,P19,2,62
2025-12-01,S4,P19,6,56
2025-12-02,S4,P19,7,49
2025-12-03,S4,P19,5,44
2025-12-04,S4,P19,3,41
2025-12-05,S4,P19,2,39
2025-12-06,S4,P19,7,32
2025-12-07,S4,P19,3,29
2025-12-08,S4,P19,3,26
2025-12-09,S4,P19,4,22
2025-12-10,S4,P19,2,20
2025-12-11,S4,P19,5,15
2025-12-12,S4,P19,5,71
2025-12-13,S4,P19,2,69
2025-12-14,S4,P19,4,65
2025-12-15,S4,P19,5,60
2025-12-16,S4,P19,5,55
2025-12-17,S4,P19,3,52
2025-12-18,S4,P19,0,52
2025-12-19,S4,P19,8,44
2025-12-20,S4,P19,4,40
2025-12-21,S4,P19,0,40
2025-12-22,S4,P19,2,38
2025-12-23,S4,P19,0,38
2025-12-24,S4,P19,5,33
2025-12-25,S4,P19,2,31
2025-12-26,S4,P19,5,26
2025-12-27,S4,P19,9,17
2025-12-28,S4,P19,8,69
2025-12-29,S4,P19,4,65
2025-12-30,S4,P19,3,62
2025-12-31,S4,P19,6,56
2026-01-01,S4,P19,3,53
2026-01-02,S4,P19,4,49
2026-01-03,S4,P19,4,45
2026-01-04,S4,P19,3,42
2026-01-05,S4,P19,5,37
2026-01-06,S4,P19,5,32
2026-01-07,S4,P19,2,30
2026-01-08,S4,P19,2,28
2026-01-09,S4,P19,3,25
2026-01-10,S4,P19,5,20
2026-01-11,S4,P19,4,16
2026-01-12,S4,P19,3,13
2026-01-13,S4,P19,4,53
2026-01-14,S4,P19,4,49
2026-01-15,S4,P19,4,45
2026-01-16,S4,P19,8,37
2026-01-17,S4,P19,3,34
2026-01-18,S4,P19,10,24
2026-01-19,S4,P19,4,20
2026-01-20,S4,P19,2,18
2026-01-21,S4,P19,7,63
2026-01-22,S4,P19,7,56
2026-01-23,S4,P19,4,52
2026-01-24,S4,P19,6,46
2026-01-25,S4,P19,1,45
2026-01-26,S4,P19,4,41
2026-01-27,S4,P19,5,36
2026-01-28,S4,P19,4,32
2026-01-29,S4,P19,5,27
2026-01-30,S4,P19,7,20
2026-01-31,S4,P19,3,17
2026-02-01,S4,P19,2,15
2026-02-02,S4,P19,2,13
2026-02-03,S4,P19,6,50
2026-02-04,S4,P19,6,44
2026-02-05,S4,P19,3,41
2026-02-06,S4,P19,1,40
2026-02-07,S4,P19,4,36
2026-02-08,S4,P19,1,35
2026-02-09,S4,P19,3,32
2026-02-10,S4,P19,1,31
2026-02-11,S4,P19,7,24
2026-02-12,S4,P19,6,18
2026-02-13,S4,P19,5,13
2026-02-14,S4,P19,6,64
2026-02-15,S4,P19,2,62
2026-02-16,S4,P19,1,61
2026-02-17,S4,P19,5,56
2026-02-18,S4,P19,2,54
2026-02-19,S4,P19,1,53
2026-02-20,S4,P19,6,47
2026-02-21,S4,P19,5,42
2026-02-22,S4,P19,5,37
2026-02-23,S4,P19,5,32
2026-02-24,S4,P19,3,29
2026-02-25,S4,P19,6,23
2026-02-26,S4,P19,3,20
2026-02-27,S4,P19,3,17
2026-02-28,S4,P19,6,44
2026-03-01,S4,P19,2,42
2026-03-02,S4,P19,4,38
2026-03-03,S4,P19,2,36
2026-03-04,S4,P19,3,33
2026-03-05,S4,P19,4,29
2026-03-06,S4,P19,5,24
2026-03-07,S4,P19,8,16
2026-03-08,S4,P19,1,15
2026-03-09,S4,P19,6,79
2026-03-10,S4,P19,2,77
2026-03-11,S4,P19,3,74
2026-03-12,S4,P19,1,73
2026-03-13,S4,P19,6,67
2026-03-14,S4,P19,2,65
2025-09-01,S4,P20,1,35
2025-09-02,S4,P20,3,32
2025-09-03,S4,P20,2,30
2025-09-04,S4,P20,4,26
2025-09-05,S4,P20,5,21
2025-09-06,S4,P20,3,18
2025-09-07,S4,P20,2,16
2025-09-08,S4,P20,1,15
2025-09-09,S4,P20,3,12
2025-09-10,S4,P20,0,12
2025-09-11,S4,P20,4,8
2025-09-12,S4,P20,6,39
2025-09-13,S4,P20,4,35
2025-09-14,S4,P20,3,32
2025-09-15,S4,P20,1,31
2025-09-16,S4,P20,4,27
2025-09-17,S4,P20,0,27
2025-09-18,S4,P20,2,25
2025-09-19,S4,P20,5,20
2025-09-20,S4,P20,3,17
2025-09-21,S4,P20,4,13
2025-09-22,S4,P20,1,12
2025-09-23,S4,P20,4,8
2025-09-24,S4,P20,1,36
2025-09-25,S4,P20,3,33
2025-09-26,S4,P20,3,30
2025-09-27,S4,P20,7,23
2025-09-28,S4,P20,5,18
2025-09-29,S4,P20,2,16
2025-09-30,S4,P20,0,16
2025-10-01,S4,P20,1,15
2025-10-02,S4,P20,2,13
2025-10-03,S4,P20,5,8
2025-10-04,S4,P20,1,43
2025-10-05,S4,P20,5,38
2025-10-06,S4,P20,2,36
2025-10-07,S4,P20,4,32
2025-10-08,S4,P20,2,30
2025-10-09,S4,P20,3,27
2025-10-10,S4,P20,1,26
2025-10-11,S4,P20,3,23
2025-10-12,S4,P20,2,21
2025-10-13,S4,P20,3,18
2025-10-14,S4,P20,1,17
2025-10-15,S4,P20,1,16
2025-10-16,S4,P20,1,15
2025-10-17,S4,P20,4,11
2025-10-18,S4,P20,7,42
2025-10-19,S4,P20,2,40
2025-10-20,S4,P20,2,38
2025-10-21,S4,P20,4,34
2025-10-22,S4,P20,1,33
2025-10-23,S4,P20,4,29
2025-10-24,S4,P20,2,27
2025-10-25,S4,P20,3,24
2025-10-26,S4,P20,8,16
2025-10-27,S4,P20,0,16
2025-10-28,S4,P20,3,13
2025-10-29,S4,P20,2,11
2025-10-30,S4,P20,2,9
2025-10-31,S4,P20,0,9
2025-11-01,S4,P20,4,47
2025-11-02,S4,P20,5,42
2025-11-03,S4,P20,3,39
2025-11-04,S4,P20,5,34
2025-11-05,S4,P20,3,31
2025-11-06,S4,P20,2,29
2025-11-07,S4,P20,3,26
2025-11-08,S4,P20,1,25
2025-11-09,S4,P20,1,24
2025-11-10,S4,P20,3,21
2025-11-11,S4,P20,1,20
2025-11-12,S4,P20,1,19
2025-11-13,S4,P20,2,17
2025-11-14,S4,P20,2,15
2025-11-15,S4,P20,4,11
2025-11-16,S4,P20,4,37
2025-11-17,S4,P20,4,33
2025-11-18,S4,P20,3,30
2025-11-19,S4,P20,1,29
2025-11-20,S4,P20,0,29
2025-11-21,S4,P20,4,25
2025-11-22,S4,P20,5,20
2025-11-23,S4,P20,4,16
2025-11-24,S4,P20,2,14
2025-11-25,S4,P20,1,13
2025-11-26,S4,P20,1,12
2025-11-27,S4,P20,4,8
2025-11-28,S4,P20,4,30
2025-11-29,S4,P20,0,30
2025-11-30,S4,P20,4,26
2025-12-01,S4,P20,1,25
2025-12-02,S4,P20,1,24
2025-12-03,S4,P20,2,22
2025-12-04,S4,P20,0,22
2025-12-05,S4,P20,3,19
2025-12-06,S4,P20,4,15
2025-12-07,S4,P20,2,13
2025-12-08,S4,P20,2,11
2025-12-09,S4,P20,5,45
2025-12-10,S4,P20,1,44
2025-12-11,S4,P20,3,41
2025-12-12,S4,P20,3,38
2025-12-13,S4,P20,5,33
2025-12-14,S4,P20,4,29
2025-12-15,S4,P20,0,29
2025-12-16,S4,P20,3,26
2025-12-17,S4,P20,4,22
2025-12-18,S4,P20,3,19
2025-12-19,S4,P20,5,14
2025-12-20,S4,P20,5,9
2025-12-21,S4,P20,0,9
2025-12-22,S4,P20,2,36
2025-12-23,S4,P20,6,30
2025-12-24,S4,P20,1,29
2025-12-25,S4,P20,0,29
2025-12-26,S4,P20,7,22
2025-12-27,S4,P20,5,17
2025-12-28,S4,P20,1,16
2025-12-29,S4,P20,2,14
2025-12-30,S4,P20,8,46
2025-12-31,S4,P20,3,43
2026-01-01,S4,P20,1,42
2026-01-02,S4,P20,5,37
2026-01-03,S4,P20,6,31
2026-01-04,S4,P20,4,27
2026-01-05,S4,P20,2,25
2026-01-06,S4,P20,4,21
2026-01-07,S4,P20,2,19
2026-01-08,S4,P20,4,15
2026-01-09,S4,P20,0,15
2026-01-10,S4,P20,2,13
2026-01-11,S4,P20,5,8
2026-01-12,S4,P20,3,35
2026-01-13,S4,P20,1,34
2026-01-14,S4,P20,1,33
2026-01-15,S4,P20,3,30
2026-01-16,S4,P20,3,27
2026-01-17,S4,P20,5,22
2026-01-18,S4,P20,1,21
2026-01-19,S4,P20,3,18
2026-01-20,S4,P20,0,18
2026-01-21,S4,P20,6,12
2026-01-22,S4,P20,4,8
2026-01-23,S4,P20,1,56
2026-01-24,S4,P20,3,53
2026-01-25,S4,P20,1,52
2026-01-26,S4,P20,2,50
2026-01-27,S4,P20,5,45
2026-01-28,S4,P20,1,44
2026-01-29,S4,P20,3,41
2026-01-30,S4,P20,3,38
2026-01-31,S4,P20,3,35
2026-02-01,S4,P20,2,33
2026-02-02,S4,P20,2,31
2026-02-03,S4,P20,1,30
2026-02-04,S4,P20,7,23
2026-02-05,S4,P20,3,20
2026-02-06,S4,P20,2,18
2026-02-07,S4,P20,6,12
2026-02-08,S4,P20,5,51
2026-02-09,S4,P20,1,50
2026-02-10,S4,P20,1,49
2026-02-11,S4,P20,1,48
2026-02-12,S4,P20,2,46
2026-02-13,S4,P20,0,46
2026-02-14,S4,P20,3,43
2026-02-15,S4,P20,1,42
2026-02-16,S4,P20,2,40
2026-02-17,S4,P20,2,38
2026-02-18,S4,P20,0,38
2026-02-19,S4,P20,4,34
2026-02-20,S4,P20,1,33
2026-02-21,S4,P20,4,29
2026-02-22,S4,P20,2,27
2026-02-23,S4,P20,1,26
2026-02-24,S4,P20,3,23
2026-02-25,S4,P20,5,18
2026-02-26,S4,P20,4,14
2026-02-27,S4,P20,3,11
2026-02-28,S4,P20,2,9
2026-03-01,S4,P20,2,54
2026-03-02,S4,P20,2,52
2026-03-03,S4,P20,2,50
2026-03-04,S4,P20,1,49
2026-03-05,S4,P20,0,49
2026-03-06,S4,P20,6,43
2026-03-07,S4,P20,3,40
2026-03-08,S4,P20,4,36
2026-03-09,S4,P20,2,34
2026-03-10,S4,P20,1,33
2026-03-11,S4,P20,4,29
2026-03-12,S4,P20,1,28
2026-03-13,S4,P20,1,27
2026-03-14,S4,P20,0,27
2025-09-01,S5,P1,3,68
2025-09-02,S5,P1,2,66
2025-09-03,S5,P1,6,60
2025-09-04,S5,P1,5,55
2025-09-05,S5,P1,4,51
2025-09-06,S5,P1,0,51
2025-09-07,S5,P1,3,48
2025-09-08,S5,P1,4,44
2025-09-09,S5,P1,4,40
2025-09-10,S5,P1,1,39
2025-09-11,S5,P1,3,36
2025-09-12,S5,P1,1,35
2025-09-13,S5,P1,4,31
2025-09-14,S5,P1,3,28
2025-09-15,S5,P1,4,24
2025-09-16,S5,P1,4,20
2025-09-17,S5,P1,5,15
2025-09-18,S5,P1,2,13
2025-09-19,S5,P1,6,34
2025-09-20,S5,P1,6,28
2025-09-21,S5,P1,3,25
2025-09-22,S5,P1,2,23
2025-09-23,S5,P1,5,18
2025-09-24,S5,P1,4,14
2025-09-25,S5,P1,5,9
2025-09-26,S5,P1,2,38
2025-09-27,S5,P1,5,33
2025-09-28,S5,P1,4,29
2025-09-29,S5,P1,1,28
2025-09-30,S5,P1,2,26
2025-10-01,S5,P1,0,26
2025-10-02,S5,P1,2,24
2025-10-03,S5,P1,5,19
2025-10-04,S5,P1,5,14
2025-10-05,S5,P1,4,10
2025-10-06,S5,P1,1,9
2025-10-07,S5,P1,2,55
2025-10-08,S5,P1,3,52
2025-10-09,S5,P1,2,50
2025-10-10,S5,P1,5,45
2025-10-11,S5,P1,2,43
2025-10-12,S5,P1,2,41
2025-10-13,S5,P1,3,38
2025-10-14,S5,P1,1,37
2025-10-15,S5,P1,5,32
2025-10-16,S5,P1,2,30
2025-10-17,S5,P1,2,28
2025-10-18,S5,P1,2,26
2025-10-19,S5,P1,0,26
2025-10-20,S5,P1,5,21
2025-10-21,S5,P1,2,19
2025-10-22,S5,P1,3,16
2025-10-23,S5,P1,1,15
2025-10-24,S5,P1,2,13
2025-10-25,S5,P1,3,10
2025-10-26,S5,P1,1,9
2025-10-27,S5,P1,0,9
2025-10-28,S5,P1,2,47
2025-10-29,S5,P1,6,41
2025-10-30,S5,P1,3,38
2025-10-31,S5,P1,1,37
2025-11-01,S5,P1,5,32
2025-11-02,S5,P1,2,30
2025-11-03,S5,P1,3,27
2025-11-04,S5,P1,2,25
2025-11-05,S5,P1,1,24
2025-11-06,S5,P1,3,21
2025-11-07,S5,P1,4,17
2025-11-08,S5,P1,9,8
2025-11-09,S5,P1,2,38
2025-11-10,S5,P1,6,32
2025-11-11,S5,P1,4,28
2025-11-12,S5,P1,1,27
2025-11-13,S5,P1,5,22
2025-11-14,S5,P1,5,17
2025-11-15,S5,P1,1,16
2025-11-16,S5,P1,5,11
2025-11-17,S5,P1,5,42
2025-11-18,S5,P1,3,39
2025-11-19,S5,P1,4,35
2025-11-20,S5,P1,2,33
2025-11-21,S5,P1,3,30
2025-11-22,S5,P1,3,27
2025-11-23,S5,P1,3,24
2025-11-24,S5,P1,4,20
2025-11-25,S5,P1,3,17
2025-11-26,S5,P1,2,15
2025-11-27,S5,P1,0,15
2025-11-28,S5,P1,4,11
2025-11-29,S5,P1,2,9
2025-11-30,S5,P1,6,44
2025-12-01,S5,P1,0,44
2025-12-02,S5,P1,4,40
2025-12-03,S5,P1,3,37
2025-12-04,S5,P1,3,34
2025-12-05,S5,P1,4,30
2025-12-06,S5,P1,3,27
2025-12-07,S5,P1,0,27
2025-12-08,S5,P1,2,25
2025-12-09,S5,P1,2,23
2025-12-10,S5,P1,4,19
2025-12-11,S5,P1,1,18
2025-12-12,S5,P1,6,12
2025-12-13,S5,P1,2,10
2025-12-14,S5,P1,6,31
2025-12-15,S5,P1,4,27
2025-12-16,S5,P1,1,26
2025-12-17,S5,P1,1,25
2025-12-18,S5,P1,5,20
2025-12-19,S5,P1,4,16
2025-12-20,S5,P1,0,16
2025-12-21,S5,P1,4,12
2025-12-22,S5,P1,4,8
2025-12-23,S5,P1,2,38
2025-12-24,S5,P1,0,38
2025-12-25,S5,P1,2,36
2025-12-26,S5,P1,2,34
2025-12-27,S5,P1,4,30
2025-12-28,S5,P1,3,27
2025-12-29,S5,P1,6,21
2025-12-30,S5,P1,2,19
2025-12-31,S5,P1,2,17
2026-01-01,S5,P1,2,15
2026-01-02,S5,P1,4,11
2026-01-03,S5,P1,4,46
2026-01-04,S5,P1,7,39
2026-01-05,S5,P1,5,34
2026-01-06,S5,P1,1,33
2026-01-07,S5,P1,5,28
2026-01-08,S5,P1,7,21
2026-01-09,S5,P1,5,16
2026-01-10,S5,P1,3,13
2026-01-11,S5,P1,2,11
2026-01-12,S5,P1,3,8
2026-01-13,S5,P1,2,48
2026-01-14,S5,P1,2,46
2026-01-15,S5,P1,1,45
2026-01-16,S5,P1,5,40
2026-01-17,S5,P1,3,37
2026-01-18,S5,P1,3,34
2026-01-19,S5,P1,3,31
2026-01-20,S5,P1,4,27
2026-01-21,S5,P1,0,27
2026-01-22,S5,P1,2,25
2026-01-23,S5,P1,9,16
2026-01-24,S5,P1,1,15
2026-01-25,S5,P1,1,14
2026-01-26,S5,P1,2,12
2026-01-27,S5,P1,2,10
2026-01-28,S5,P1,1,9
2026-01-29,S5,P1,3,40
2026-01-30,S5,P1,2,38
2026-01-31,S5,P1,5,33
2026-02-01,S5,P1,2,31
2026-02-02,S5,P1,4,27
2026-02-03,S5,P1,2,25
2026-02-04,S5,P1,1,24
2026-02-05,S5,P1,7,17
2026-02-06,S5,P1,2,15
2026-02-07,S5,P1,3,12
2026-02-08,S5,P1,2,10
2026-02-09,S5,P1,5,49
2026-02-10,S5,P1,3,46
2026-02-11,S5,P1,2,44
2026-02-12,S5,P1,1,43
2026-02-13,S5,P1,3,40
2026-02-14,S5,P1,2,38
2026-02-15,S5,P1,1,37
2026-02-16,S5,P1,6,31
2026-02-17,S5,P1,4,27
2026-02-18,S5,P1,4,23
2026-02-19,S5,P1,3,20
2026-02-20,S5,P1,6,14
2026-02-21,S5,P1,0,14
2026-02-22,S5,P1,3,11
2026-02-23,S5,P1,1,10
2026-02-24,S5,P1,4,54
2026-02-25,S5,P1,2,52
2026-02-26,S5,P1,4,48
2026-02-27,S5,P1,0,48
2026-02-28,S5,P1,8,40
2026-03-01,S5,P1,4,36
2026-03-02,S5,P1,3,33
2026-03-03,S5,P1,1,32
2026-03-04,S5,P1,0,32
2026-03-05,S5,P1,1,31
2026-03-06,S5,P1,2,29
2026-03-07,S5,P1,3,26
2026-03-08,S5,P1,5,21
2026-03-09,S5,P1,2,19
2026-03-10,S5,P1,1,18
2026-03-11,S5,P1,4,14
2026-03-12,S5,P1,4,10
2026-03-13,S5,P1,4,45
2026-03-14,S5,P1,6,39
2025-09-01,S5,P2,0,8
2025-09-02,S5,P2,0,8
2025-09-03,S5,P2,2,6
2025-09-04,S5,P2,0,6
2025-09-05,S5,P2,2,4
2025-09-06,S5,P2,0,4
2025-09-07,S5,P2,0,4
2025-09-08,S5,P2,0,4
2025-09-09,S5,P2,0,4
2025-09-10,S5,P2,0,4
2025-09-11,S5,P2,2,12
2025-09-12,S5,P2,3,9
2025-09-13,S5,P2,1,8
2025-09-14,S5,P2,1,7
2025-09-15,S5,P2,1,6
2025-09-16,S5,P2,0,6
2025-09-17,S5,P2,1,5
2025-09-18,S5,P2,1,4
2025-09-19,S5,P2,0,4
2025-09-20,S5,P2,0,4
2025-09-21,S5,P2,1,3
2025-09-22,S5,P2,0,3
2025-09-23,S5,P2,1,12
2025-09-24,S5,P2,0,12
2025-09-25,S5,P2,2,10
2025-09-26,S5,P2,0,10
2025-09-27,S5,P2,0,10
2025-09-28,S5,P2,0,10
2025-09-29,S5,P2,0,10
2025-09-30,S5,P2,0,10
2025-10-01,S5,P2,0,10
2025-10-02,S5,P2,0,10
2025-10-03,S5,P2,2,8
2025-10-04,S5,P2,0,8
2025-10-05,S5,P2,0,8
2025-10-06,S5,P2,0,8
2025-10-07,S5,P2,0,8
2025-10-08,S5,P2,0,8
2025-10-09,S5,P2,1,7
2025-10-10,S5,P2,2,5
2025-10-11,S5,P2,0,5
2025-10-12,S5,P2,1,4
2025-10-13,S5,P2,1,3
2025-10-14,S5,P2,0,3
2025-10-15,S5,P2,1,12
2025-10-16,S5,P2,0,12
2025-10-17,S5,P2,0,12
2025-10-18,S5,P2,1,11
2025-10-19,S5,P2,0,11
2025-10-20,S5,P2,0,11
2025-10-21,S5,P2,0,11
2025-10-22,S5,P2,1,10
2025-10-23,S5,P2,1,9
2025-10-24,S5,P2,2,7
2025-10-25,S5,P2,1,6
2025-10-26,S5,P2,0,6
2025-10-27,S5,P2,0,6
2025-10-28,S5,P2,1,5
2025-10-29,S5,P2,1,4
2025-10-30,S5,P2,2,12
2025-10-31,S5,P2,0,12
2025-11-01,S5,P2,1,11
2025-11-02,S5,P2,0,11
2025-11-03,S5,P2,0,11
2025-11-04,S5,P2,1,10
2025-11-05,S5,P2,1,9
2025-11-06,S5,P2,0,9
2025-11-07,S5,P2,0,9
2025-11-08,S5,P2,0,9
2025-11-09,S5,P2,1,8
2025-11-10,S5,P2,0,8
2025-11-11,S5,P2,0,8
2025-11-12,S5,P2,1,7
2025-11-13,S5,P2,0,7
2025-11-14,S5,P2,0,7
2025-11-15,S5,P2,0,7
2025-11-16,S5,P2,0,7
2025-11-17,S5,P2,0,7
2025-11-18,S5,P2,1,6
2025-11-19,S5,P2,0,6
2025-11-20,S5,P2,0,6
2025-11-21,S5,P2,2,4
2025-11-22,S5,P2,0,4
2025-11-23,S5,P2,2,12
2025-11-24,S5,P2,0,12
2025-11-25,S5,P2,1,11
2025-11-26,S5,P2,0,11
2025-11-27,S5,P2,0,11
2025-11-28,S5,P2,0,11
2025-11-29,S5,P2,0,11
2025-11-30,S5,P2,0,11
2025-12-01,S5,P2,0,11
2025-12-02,S5,P2,1,10
2025-12-03,S5,P2,1,9
2025-12-04,S5,P2,0,9
2025-12-05,S5,P2,0,9
2025-12-06,S5,P2,0,9
2025-12-07,S5,P2,0,9
2025-12-08,S5,P2,0,9
2025-12-09,S5,P2,0,9
2025-12-10,S5,P2,2,7
2025-12-11,S5,P2,1,6
2025-12-12,S5,P2,0,6
2025-12-13,S5,P2,1,5
2025-12-14,S5,P2,0,5
2025-12-15,S5,P2,1,4
2025-12-16,S5,P2,0,4
2025-12-17,S5,P2,0,4
2025-12-18,S5,P2,0,4
2025-12-19,S5,P2,0,4
2025-12-20,S5,P2,1,3
2025-12-21,S5,P2,1,12
2025-12-22,S5,P2,0,12
2025-12-23,S5,P2,0,12
2025-12-24,S5,P2,2,10
2025-12-25,S5,P2,1,9
2025-12-26,S5,P2,0,9
2025-12-27,S5,P2,1,8
2025-12-28,S5,P2,0,8
2025-12-29,S5,P2,1,7
2025-12-30,S5,P2,1,6
2025-12-31,S5,P2,1,5
2026-01-01,S5,P2,0,5
2026-01-02,S5,P2,0,5
2026-01-03,S5,P2,0,5
2026-01-04,S5,P2,2,3
2026-01-05,S5,P2,3,10
2026-01-06,S5,P2,0,10
2026-01-07,S5,P2,1,9
2026-01-08,S5,P2,0,9
2026-01-09,S5,P2,1,8
2026-01-10,S5,P2,0,8
2026-01-11,S5,P2,0,8
2026-01-12,S5,P2,0,8
2026-01-13,S5,P2,0,8
2026-01-14,S5,P2,0,8
2026-01-15,S5,P2,0,8
2026-01-16,S5,P2,0,8
2026-01-17,S5,P2,0,8
2026-01-18,S5,P2,1,7
2026-01-19,S5,P2,1,6
2026-01-20,S5,P2,1,5
2026-01-21,S5,P2,0,5
2026-01-22,S5,P2,0,5
2026-01-23,S5,P2,0,5
2026-01-24,S5,P2,0,5
2026-01-25,S5,P2,1,4
2026-01-26,S5,P2,0,4
2026-01-27,S5,P2,0,4
2026-01-28,S5,P2,0,4
2026-01-29,S5,P2,0,4
2026-01-30,S5,P2,0,4
2026-01-31,S5,P2,0,4
2026-02-01,S5,P2,1,3
2026-02-02,S5,P2,0,3
2026-02-03,S5,P2,0,3
2026-02-04,S5,P2,3,10
2026-02-05,S5,P2,0,10
2026-02-06,S5,P2,0,10
2026-02-07,S5,P2,1,9
2026-02-08,S5,P2,2,7
2026-02-09,S5,P2,1,6
2026-02-10,S5,P2,0,6
2026-02-11,S5,P2,0,6
2026-02-12,S5,P2,0,6
2026-02-13,S5,P2,0,6
2026-02-14,S5,P2,1,5
2026-02-15,S5,P2,1,4
2026-02-16,S5,P2,0,4
2026-02-17,S5,P2,1,3
2026-02-18,S5,P2,0,3
2026-02-19,S5,P2,0,3
2026-02-20,S5,P2,0,3
2026-02-21,S5,P2,0,3
2026-02-22,S5,P2,0,3
2026-02-23,S5,P2,0,3
2026-02-24,S5,P2,0,3
2026-02-25,S5,P2,0,3
2026-02-26,S5,P2,0,3
2026-02-27,S5,P2,0,3
2026-02-28,S5,P2,0,3
2026-03-01,S5,P2,1,12
2026-03-02,S5,P2,1,11
2026-03-03,S5,P2,0,11
2026-03-04,S5,P2,0,11
2026-03-05,S5,P2,0,11
2026-03-06,S5,P2,0,11
2026-03-07,S5,P2,0,11
2026-03-08,S5,P2,0,11
2026-03-09,S5,P2,0,11
2026-03-10,S5,P2,0,11
2026-03-11,S5,P2,0,11
2026-03-12,S5,P2,1,10
2026-03-13,S5,P2,0,10
2026-03-14,S5,P2,0,10
2025-09-01,S5,P3,1,30
2025-09-02,S5,P3,4,26
2025-09-03,S5,P3,2,24
2025-09-04,S5,P3,1,23
2025-09-05,S5,P3,1,22
2025-09-06,S5,P3,1,21
2025-09-07,S5,P3,1,20
2025-09-08,S5,P3,4,16
2025-09-09,S5,P3,1,15
2025-09-10,S5,P3,4,11
2025-09-11,S5,P3,1,10
2025-09-12,S5,P3,2,8
2025-09-13,S5,P3,2,6
2025-09-14,S5,P3,5,34
2025-09-15,S5,P3,2,32
2025-09-16,S5,P3,4,28
2025-09-17,S5,P3,0,28
2025-09-18,S5,P3,3,25
2025-09-19,S5,P3,2,23
2025-09-20,S5,P3,1,22
2025-09-21,S5,P3,1,21
2025-09-22,S5,P3,0,21
2025-09-23,S5,P3,3,18
2025-09-24,S5,P3,2,16
2025-09-25,S5,P3,1,15
2025-09-26,S5,P3,1,14
2025-09-27,S5,P3,3,11
2025-09-28,S5,P3,2,9
2025-09-29,S5,P3,2,7
2025-09-30,S5,P3,1,6
2025-10-01,S5,P3,3,32
2025-10-02,S5,P3,3,29
2025-10-03,S5,P3,1,28
2025-10-04,S5,P3,4,24
2025-10-05,S5,P3,3,21
2025-10-06,S5,P3,4,17
2025-10-07,S5,P3,0,17
2025-10-08,S5,P3,1,16
2025-10-09,S5,P3,4,12
2025-10-10,S5,P3,2,10
2025-10-11,S5,P3,2,8
2025-10-12,S5,P3,3,5
2025-10-13,S5,P3,1,34
2025-10-14,S5,P3,0,34
2025-10-15,S5,P3,2,32
2025-10-16,S5,P3,2,30
2025-10-17,S5,P3,1,29
2025-10-18,S5,P3,5,24
2025-10-19,S5,P3,1,23
2025-10-20,S5,P3,5,18
2025-10-21,S5,P3,3,15
2025-10-22,S5,P3,2,13
2025-10-23,S5,P3,0,13
2025-10-24,S5,P3,1,12
2025-10-25,S5,P3,2,10
2025-10-26,S5,P3,0,10
2025-10-27,S5,P3,3,7
2025-10-28,S5,P3,3,35
2025-10-29,S5,P3,1,34
2025-10-30,S5,P3,5,29
2025-10-31,S5,P3,4,25
2025-11-01,S5,P3,1,24
2025-11-02,S5,P3,1,23
2025-11-03,S5,P3,4,19
2025-11-04,S5,P3,2,17
2025-11-05,S5,P3,0,17
2025-11-06,S5,P3,2,15
2025-11-07,S5,P3,4,11
2025-11-08,S5,P3,1,10
2025-11-09,S5,P3,4,6
2025-11-10,S5,P3,0,6
2025-11-11,S5,P3,0,6
2025-11-12,S5,P3,0,6
2025-11-13,S5,P3,0,6
2025-11-14,S5,P3,1,5
2025-11-15,S5,P3,1,28
2025-11-16,S5,P3,4,24
2025-11-17,S5,P3,0,24
2025-11-18,S5,P3,0,24
2025-11-19,S5,P3,2,22
2025-11-20,S5,P3,3,19
2025-11-21,S5,P3,1,18
2025-11-22,S5,P3,0,18
2025-11-23,S5,P3,2,16
2025-11-24,S5,P3,0,16
2025-11-25,S5,P3,1,15
2025-11-26,S5,P3,2,13
2025-11-27,S5,P3,2,11
2025-11-28,S5,P3,4,7
2025-11-29,S5,P3,2,5
2025-11-30,S5,P3,2,24
2025-12-01,S5,P3,2,22
2025-12-02,S5,P3,1,21
2025-12-03,S5,P3,1,20
2025-12-04,S5,P3,2,18
2025-12-05,S5,P3,1,17
2025-12-06,S5,P3,3,14
2025-12-07,S5,P3,1,13
2025-12-08,S5,P3,3,10
2025-12-09,S5,P3,4,6
2025-12-10,S5,P3,6,21
2025-12-11,S5,P3,2,19
2025-12-12,S5,P3,4,15
2025-12-13,S5,P3,5,10
2025-12-14,S5,P3,4,6
2025-12-15,S5,P3,0,6
2025-12-16,S5,P3,2,21
2025-12-17,S5,P3,6,15
2025-12-18,S5,P3,1,14
2025-12-19,S5,P3,1,13
2025-12-20,S5,P3,0,13
2025-12-21,S5,P3,4,9
2025-12-22,S5,P3,3,6
2025-12-23,S5,P3,2,37
2025-12-24,S5,P3,0,37
2025-12-25,S5,P3,3,34
2025-12-26,S5,P3,4,30
2025-12-27,S5,P3,0,30
2025-12-28,S5,P3,4,26
2025-12-29,S5,P3,2,24
2025-12-30,S5,P3,2,22
2025-12-31,S5,P3,2,20
2026-01-01,S5,P3,2,18
2026-01-02,S5,P3,2,16
2026-01-03,S5,P3,3,13
2026-01-04,S5,P3,0,13
2026-01-05,S5,P3,3,10
2026-01-06,S5,P3,4,6
2026-01-07,S5,P3,3,29
2026-01-08,S5,P3,0,29
2026-01-09,S5,P3,2,27
2026-01-10,S5,P3,4,23
2026-01-11,S5,P3,3,20
2026-01-12,S5,P3,1,19
2026-01-13,S5,P3,1,18
2026-01-14,S5,P3,1,17
2026-01-15,S5,P3,3,14
2026-01-16,S5,P3,2,12
2026-01-17,S5,P3,1,11
2026-01-18,S5,P3,2,9
2026-01-19,S5,P3,0,9
2026-01-20,S5,P3,2,7
2026-01-21,S5,P3,2,5
2026-01-22,S5,P3,2,22
2026-01-23,S5,P3,2,20
2026-01-24,S5,P3,2,18
2026-01-25,S5,P3,1,17
2026-01-26,S5,P3,4,13
2026-01-27,S5,P3,2,11
2026-01-28,S5,P3,5,6
2026-01-29,S5,P3,2,31
2026-01-30,S5,P3,2,29
2026-01-31,S5,P3,0,29
2026-02-01,S5,P3,4,25
2026-02-02,S5,P3,1,24
2026-02-03,S5,P3,2,22
2026-02-04,S5,P3,0,22
2026-02-05,S5,P3,1,21
2026-02-06,S5,P3,3,18
2026-02-07,S5,P3,3,15
2026-02-08,S5,P3,3,12
2026-02-09,S5,P3,0,12
2026-02-10,S5,P3,3,9
2026-02-11,S5,P3,2,7
2026-02-12,S5,P3,4,20
2026-02-13,S5,P3,4,16
2026-02-14,S5,P3,2,14
2026-02-15,S5,P3,1,13
2026-02-16,S5,P3,2,11
2026-02-17,S5,P3,2,9
2026-02-18,S5,P3,2,7
2026-02-19,S5,P3,1,6
2026-02-20,S5,P3,1,5
2026-02-21,S5,P3,2,25
2026-02-22,S5,P3,1,24
2026-02-23,S5,P3,2,22
2026-02-24,S5,P3,1,21
2026-02-25,S5,P3,0,21
2026-02-26,S5,P3,0,21
2026-02-27,S5,P3,6,15
2026-02-28,S5,P3,2,13
2026-03-01,S5,P3,1,12
2026-03-02,S5,P3,0,12
2026-03-03,S5,P3,1,11
2026-03-04,S5,P3,3,8
2026-03-05,S5,P3,1,7
2026-03-06,S5,P3,3,32
2026-03-07,S5,P3,6,26
2026-03-08,S5,P3,3,23
2026-03-09,S5,P3,3,20
2026-03-10,S5,P3,3,17
2026-03-11,S5,P3,2,15
2026-03-12,S5,P3,0,15
2026-03-13,S5,P3,3,12
2026-03-14,S5,P3,3,9
2025-09-01,S5,P4,3,13
2025-09-02,S5,P4,1,12
2025-09-03,S5,P4,1,11
2025-09-04,S5,P4,0,11
2025-09-05,S5,P4,0,11
2025-09-06,S5,P4,2,9
2025-09-07,S5,P4,1,8
2025-09-08,S5,P4,2,6
2025-09-09,S5,P4,2,4
2025-09-10,S5,P4,0,4
2025-09-11,S5,P4,1,3
2025-09-12,S5,P4,0,3
2025-09-13,S5,P4,1,17
2025-09-14,S5,P4,1,16
2025-09-15,S5,P4,2,14
2025-09-16,S5,P4,1,13
2025-09-17,S5,P4,0,13
2025-09-18,S5,P4,0,13
2025-09-19,S5,P4,1,12
2025-09-20,S5,P4,0,12
2025-09-21,S5,P4,0,12
2025-09-22,S5,P4,1,11
2025-09-23,S5,P4,1,10
2025-09-24,S5,P4,2,8
2025-09-25,S5,P4,0,8
2025-09-26,S5,P4,1,7
2025-09-27,S5,P4,1,6
2025-09-28,S5,P4,4,12
2025-09-29,S5,P4,1,11
2025-09-30,S5,P4,2,9
2025-10-01,S5,P4,1,8
2025-10-02,S5,P4,0,8
2025-10-03,S5,P4,2,6
2025-10-04,S5,P4,2,4
2025-10-05,S5,P4,1,3
2025-10-06,S5,P4,2,12
2025-10-07,S5,P4,2,10
2025-10-08,S5,P4,0,10
2025-10-09,S5,P4,2,8
2025-10-10,S5,P4,1,7
2025-10-11,S5,P4,1,6
2025-10-12,S5,P4,0,6
2025-10-13,S5,P4,1,5
2025-10-14,S5,P4,3,19
2025-10-15,S5,P4,2,17
2025-10-16,S5,P4,0,17
2025-10-17,S5,P4,3,14
2025-10-18,S5,P4,2,12
2025-10-19,S5,P4,1,11
2025-10-20,S5,P4,0,11
2025-10-21,S5,P4,1,10
2025-10-22,S5,P4,0,10
2025-10-23,S5,P4,2,8
2025-10-24,S5,P4,1,7
2025-10-25,S5,P4,1,6
2025-10-26,S5,P4,0,6
2025-10-27,S5,P4,0,6
2025-10-28,S5,P4,4,20
2025-10-29,S5,P4,1,19
2025-10-30,S5,P4,0,19
2025-10-31,S5,P4,0,19
2025-11-01,S5,P4,3,16
2025-11-02,S5,P4,0,16
2025-11-03,S5,P4,1,15
2025-11-04,S5,P4,0,15
2025-11-05,S5,P4,2,13
2025-11-06,S5,P4,0,13
2025-11-07,S5,P4,2,11
2025-11-08,S5,P4,1,10
2025-11-09,S5,P4,2,8
2025-11-10,S5,P4,0,8
2025-11-11,S5,P4,1,7
2025-11-12,S5,P4,0,7
2025-11-13,S5,P4,0,7
2025-11-14,S5,P4,1,6
2025-11-15,S5,P4,0,6
2025-11-16,S5,P4,1,5
2025-11-17,S5,P4,3,17
2025-11-18,S5,P4,2,15
2025-11-19,S5,P4,0,15
2025-11-20,S5,P4,3,12
2025-11-21,S5,P4,0,12
2025-11-22,S5,P4,2,10
2025-11-23,S5,P4,1,9
2025-11-24,S5,P4,1,8
2025-11-25,S5,P4,1,7
2025-11-26,S5,P4,2,5
2025-11-27,S5,P4,0,5
2025-11-28,S5,P4,0,5
2025-11-29,S5,P4,0,5
2025-11-30,S5,P4,2,3
2025-12-01,S5,P4,1,14
2025-12-02,S5,P4,1,13
2025-12-03,S5,P4,0,13
2025-12-04,S5,P4,1,12
2025-12-05,S5,P4,2,10
2025-12-06,S5,P4,2,8
2025-12-07,S5,P4,3,5
2025-12-08,S5,P4,4,19
2025-12-09,S5,P4,0,19
2025-12-10,S5,P4,3,16
2025-12-11,S5,P4,0,16
2025-12-12,S5,P4,2,14
2025-12-13,S5,P4,3,11
2025-12-14,S5,P4,2,9
2025-12-15,S5,P4,0,9
2025-12-16,S5,P4,2,7
2025-12-17,S5,P4,1,6
2025-12-18,S5,P4,1,5
2025-12-19,S5,P4,1,4
2025-12-20,S5,P4,0,4
2025-12-21,S5,P4,2,19
2025-12-22,S5,P4,0,19
2025-12-23,S5,P4,1,18
2025-12-24,S5,P4,1,17
2025-12-25,S5,P4,1,16
2025-12-26,S5,P4,1,15
2025-12-27,S5,P4,0,15
2025-12-28,S5,P4,1,14
2025-12-29,S5,P4,0,14
2025-12-30,S5,P4,0,14
2025-12-31,S5,P4,0,14
2026-01-01,S5,P4,0,14
2026-01-02,S5,P4,0,14
2026-01-03,S5,P4,2,12
2026-01-04,S5,P4,1,11
2026-01-05,S5,P4,1,10
2026-01-06,S5,P4,3,7
2026-01-07,S5,P4,1,6
2026-01-08,S5,P4,1,5
2026-01-09,S5,P4,0,5
2026-01-10,S5,P4,1,4
2026-01-11,S5,P4,0,4
2026-01-12,S5,P4,0,4
2026-01-13,S5,P4,1,3
2026-01-14,S5,P4,0,3
2026-01-15,S5,P4,1,17
2026-01-16,S5,P4,4,13
2026-01-17,S5,P4,1,12
2026-01-18,S5,P4,1,11
2026-01-19,S5,P4,0,11
2026-01-20,S5,P4,0,11
2026-01-21,S5,P4,0,11
2026-01-22,S5,P4,0,11
2026-01-23,S5,P4,1,10
2026-01-24,S5,P4,2,8
2026-01-25,S5,P4,0,8
2026-01-26,S5,P4,2,6
2026-01-27,S5,P4,1,5
2026-01-28,S5,P4,2,3
2026-01-29,S5,P4,2,11
2026-01-30,S5,P4,1,10
2026-01-31,S5,P4,2,8
2026-02-01,S5,P4,0,8
2026-02-02,S5,P4,0,8
2026-02-03,S5,P4,1,7
2026-02-04,S5,P4,1,6
2026-02-05,S5,P4,0,6
2026-02-06,S5,P4,0,6
2026-02-07,S5,P4,1,5
2026-02-08,S5,P4,1,4
2026-02-09,S5,P4,1,3
2026-02-10,S5,P4,1,18
2026-02-11,S5,P4,0,18
2026-02-12,S5,P4,0,18
2026-02-13,S5,P4,1,17
2026-02-14,S5,P4,4,13
2026-02-15,S5,P4,2,11
2026-02-16,S5,P4,1,10
2026-02-17,S5,P4,1,9
2026-02-18,S5,P4,0,9
2026-02-19,S5,P4,0,9
2026-02-20,S5,P4,2,7
2026-02-21,S5,P4,1,6
2026-02-22,S5,P4,1,5
2026-02-23,S5,P4,0,5
2026-02-24,S5,P4,3,17
2026-02-25,S5,P4,0,17
2026-02-26,S5,P4,0,17
2026-02-27,S5,P4,0,17
2026-02-28,S5,P4,0,17
2026-03-01,S5,P4,0,17
2026-03-02,S5,P4,3,14
2026-03-03,S5,P4,2,12
2026-03-04,S5,P4,0,12
2026-03-05,S5,P4,1,11
2026-03-06,S5,P4,5,6
2026-03-07,S5,P4,1,5
2026-03-08,S5,P4,4,11
2026-03-09,S5,P4,1,10
2026-03-10,S5,P4,1,9
2026-03-11,S5,P4,1,8
2026-03-12,S5,P4,2,6
2026-03-13,S5,P4,1,5
2026-03-14,S5,P4,0,5
2025-09-01,S5,P5,0,21
2025-09-02,S5,P5,1,20
2025-09-03,S5,P5,0,20
2025-09-04,S5,P5,1,19
2025-09-05,S5,P5,1,18
2025-09-06,S5,P5,4,14
2025-09-07,S5,P5,0,14
2025-09-08,S5,P5,1,13
2025-09-09,S5,P5,1,12
2025-09-10,S5,P5,3,9
2025-09-11,S5,P5,2,7
2025-09-12,S5,P5,2,5
2025-09-13,S5,P5,0,5
2025-09-14,S5,P5,0,5
2025-09-15,S5,P5,0,5
2025-09-16,S5,P5,0,5
2025-09-17,S5,P5,0,5
2025-09-18,S5,P5,3,13
2025-09-19,S5,P5,0,13
2025-09-20,S5,P5,1,12
2025-09-21,S5,P5,1,11
2025-09-22,S5,P5,0,11
2025-09-23,S5,P5,3,8
2025-09-24,S5,P5,1,7
2025-09-25,S5,P5,0,7
2025-09-26,S5,P5,3,4
2025-09-27,S5,P5,0,4
2025-09-28,S5,P5,0,4
2025-09-29,S5,P5,3,16
2025-09-30,S5,P5,2,14
2025-10-01,S5,P5,0,14
2025-10-02,S5,P5,0,14
2025-10-03,S5,P5,2,12
2025-10-04,S5,P5,0,12
2025-10-05,S5,P5,2,10
2025-10-06,S5,P5,0,10
2025-10-07,S5,P5,0,10
2025-10-08,S5,P5,0,10
2025-10-09,S5,P5,0,10
2025-10-10,S5,P5,3,7
2025-10-11,S5,P5,0,7
2025-10-12,S5,P5,2,5
2025-10-13,S5,P5,0,5
2025-10-14,S5,P5,0,5
2025-10-15,S5,P5,2,3
2025-10-16,S5,P5,2,17
2025-10-17,S5,P5,2,15
2025-10-18,S5,P5,1,14
2025-10-19,S5,P5,2,12
2025-10-20,S5,P5,1,11
2025-10-21,S5,P5,0,11
2025-10-22,S5,P5,1,10
2025-10-23,S5,P5,1,9
2025-10-24,S5,P5,1,8
2025-10-25,S5,P5,0,8
2025-10-26,S5,P5,0,8
2025-10-27,S5,P5,0,8
2025-10-28,S5,P5,3,5
2025-10-29,S5,P5,1,4
2025-10-30,S5,P5,4,14
2025-10-31,S5,P5,4,10
2025-11-01,S5,P5,2,8
2025-11-02,S5,P5,0,8
2025-11-03,S5,P5,2,6
2025-11-04,S5,P5,1,5
2025-11-05,S5,P5,3,12
2025-11-06,S5,P5,1,11
2025-11-07,S5,P5,2,9
2025-11-08,S5,P5,0,9
2025-11-09,S5,P5,0,9
2025-11-10,S5,P5,4,5
2025-11-11,S5,P5,2,3
2025-11-12,S5,P5,0,3
2025-11-13,S5,P5,1,12
2025-11-14,S5,P5,1,11
2025-11-15,S5,P5,1,10
2025-11-16,S5,P5,3,7
2025-11-17,S5,P5,0,7
2025-11-18,S5,P5,2,5
2025-11-19,S5,P5,1,4
2025-11-20,S5,P5,1,3
2025-11-21,S5,P5,0,3
2025-11-22,S5,P5,3,16
2025-11-23,S5,P5,0,16
2025-11-24,S5,P5,3,13
2025-11-25,S5,P5,0,13
2025-11-26,S5,P5,1,12
2025-11-27,S5,P5,2,10
2025-11-28,S5,P5,2,8
2025-11-29,S5,P5,2,6
2025-11-30,S5,P5,2,4
2025-12-01,S5,P5,0,4
2025-12-02,S5,P5,1,3
2025-12-03,S5,P5,1,12
2025-12-04,S5,P5,1,11
2025-12-05,S5,P5,4,7
2025-12-06,S5,P5,0,7
2025-12-07,S5,P5,3,4
2025-12-08,S5,P5,0,4
2025-12-09,S5,P5,1,3
2025-12-10,S5,P5,1,14
2025-12-11,S5,P5,2,12
2025-12-12,S5,P5,2,10
2025-12-13,S5,P5,2,8
2025-12-14,S5,P5,0,8
2025-12-15,S5,P5,1,7
2025-12-16,S5,P5,1,6
2025-12-17,S5,P5,1,5
2025-12-18,S5,P5,1,4
2025-12-19,S5,P5,0,4
2025-12-20,S5,P5,0,4
2025-12-21,S5,P5,1,3
2025-12-22,S5,P5,2,11
2025-12-23,S5,P5,1,10
2025-12-24,S5,P5,3,7
2025-12-25,S5,P5,0,7
2025-12-26,S5,P5,2,5
2025-12-27,S5,P5,1,4
2025-12-28,S5,P5,1,3
2025-12-29,S5,P5,1,15
2025-12-30,S5,P5,1,14
2025-12-31,S5,P5,3,11
2026-01-01,S5,P5,2,9
2026-01-02,S5,P5,1,8
2026-01-03,S5,P5,2,6
2026-01-04,S5,P5,0,6
2026-01-05,S5,P5,0,6
2026-01-06,S5,P5,1,5
2026-01-07,S5,P5,0,5
2026-01-08,S5,P5,3,14
2026-01-09,S5,P5,1,13
2026-01-10,S5,P5,0,13
2026-01-11,S5,P5,0,13
2026-01-12,S5,P5,1,12
2026-01-13,S5,P5,1,11
2026-01-14,S5,P5,2,9
2026-01-15,S5,P5,0,9
2026-01-16,S5,P5,1,8
2026-01-17,S5,P5,1,7
2026-01-18,S5,P5,0,7
2026-01-19,S5,P5,0,7
2026-01-20,S5,P5,0,7
2026-01-21,S5,P5,2,5
2026-01-22,S5,P5,1,4
2026-01-23,S5,P5,2,15
2026-01-24,S5,P5,0,15
2026-01-25,S5,P5,1,14
2026-01-26,S5,P5,0,14
2026-01-27,S5,P5,1,13
2026-01-28,S5,P5,0,13
2026-01-29,S5,P5,2,11
2026-01-30,S5,P5,0,11
2026-01-31,S5,P5,5,6
2026-02-01,S5,P5,3,3
2026-02-02,S5,P5,1,19
2026-02-03,S5,P5,0,19
2026-02-04,S5,P5,0,19
2026-02-05,S5,P5,0,19
2026-02-06,S5,P5,4,15
2026-02-07,S5,P5,1,14
2026-02-08,S5,P5,1,13
2026-02-09,S5,P5,2,11
2026-02-10,S5,P5,0,11
2026-02-11,S5,P5,1,10
2026-02-12,S5,P5,3,7
2026-02-13,S5,P5,0,7
2026-02-14,S5,P5,3,4
2026-02-15,S5,P5,2,14
2026-02-16,S5,P5,0,14
2026-02-17,S5,P5,0,14
2026-02-18,S5,P5,1,13
2026-02-19,S5,P5,1,12
2026-02-20,S5,P5,2,10
2026-02-21,S5,P5,0,10
2026-02-22,S5,P5,1,9
2026-02-23,S5,P5,0,9
2026-02-24,S5,P5,1,8
2026-02-25,S5,P5,0,8
2026-02-26,S5,P5,3,5
2026-02-27,S5,P5,2,3
2026-02-28,S5,P5,1,18
2026-03-01,S5,P5,2,16
2026-03-02,S5,P5,2,14
2026-03-03,S5,P5,1,13
2026-03-04,S5,P5,0,13
2026-03-05,S5,P5,1,12
2026-03-06,S5,P5,2,10
2026-03-07,S5,P5,2,8
2026-03-08,S5,P5,0,8
2026-03-09,S5,P5,1,7
2026-03-10,S5,P5,0,7
2026-03-11,S5,P5,0,7
2026-03-12,S5,P5,0,7
2026-03-13,S5,P5,0,7
2026-03-14,S5,P5,0,7
2025-09-01,S5,P6,3,47
2025-09-02,S5,P6,4,43
2025-09-03,S5,P6,3,40
2025-09-04,S5,P6,6,34
2025-09-05,S5,P6,4,30
2025-09-06,S5,P6,5,25
2025-09-07,S5,P6,0,25
2025-09-08,S5,P6,2,23
2025-09-09,S5,P6,5,18
2025-09-10,S5,P6,2,16
2025-09-11,S5,P6,5,11
2025-09-12,S5,P6,2,55
2025-09-13,S5,P6,4,51
2025-09-14,S5,P6,2,49
2025-09-15,S5,P6,5,44
2025-09-16,S5,P6,8,36
2025-09-17,S5,P6,7,29
2025-09-18,S5,P6,4,25
2025-09-19,S5,P6,5,20
2025-09-20,S5,P6,2,18
2025-09-21,S5,P6,7,11
2025-09-22,S5,P6,5,65
2025-09-23,S5,P6,1,64
2025-09-24,S5,P6,3,61
2025-09-25,S5,P6,4,57
2025-09-26,S5,P6,3,54
2025-09-27,S5,P6,6,48
2025-09-28,S5,P6,6,42
2025-09-29,S5,P6,2,40
2025-09-30,S5,P6,6,34
2025-10-01,S5,P6,4,30
2025-10-02,S5,P6,4,26
2025-10-03,S5,P6,6,20
2025-10-04,S5,P6,5,15
2025-10-05,S5,P6,2,13
2025-10-06,S5,P6,0,13
2025-10-07,S5,P6,6,60
2025-10-08,S5,P6,4,56
2025-10-09,S5,P6,6,50
2025-10-10,S5,P6,8,42
2025-10-11,S5,P6,2,40
2025-10-12,S5,P6,6,34
2025-10-13,S5,P6,4,30
2025-10-14,S5,P6,2,28
2025-10-15,S5,P6,6,22
2025-10-16,S5,P6,2,20
2025-10-17,S5,P6,7,13
2025-10-18,S5,P6,3,10
2025-10-19,S5,P6,3,46
2025-10-20,S5,P6,3,43
2025-10-21,S5,P6,1,42
2025-10-22,S5,P6,2,40
2025-10-23,S5,P6,2,38
2025-10-24,S5,P6,4,34
2025-10-25,S5,P6,4,30
2025-10-26,S5,P6,7,23
2025-10-27,S5,P6,2,21
2025-10-28,S5,P6,5,16
2025-10-29,S5,P6,5,11
2025-10-30,S5,P6,5,49
2025-10-31,S5,P6,9,40
2025-11-01,S5,P6,3,37
2025-11-02,S5,P6,5,32
2025-11-03,S5,P6,5,27
2025-11-04,S5,P6,6,21
2025-11-05,S5,P6,2,19
2025-11-06,S5,P6,8,11
2025-11-07,S5,P6,2,71
2025-11-08,S5,P6,5,66
2025-11-09,S5,P6,1,65
2025-11-10,S5,P6,3,62
2025-11-11,S5,P6,2,60
2025-11-12,S5,P6,2,58
2025-11-13,S5,P6,7,51
2025-11-14,S5,P6,3,48
2025-11-15,S5,P6,2,46
2025-11-16,S5,P6,2,44
2025-11-17,S5,P6,1,43
2025-11-18,S5,P6,4,39
2025-11-19,S5,P6,5,34
2025-11-20,S5,P6,2,32
2025-11-21,S5,P6,5,27
2025-11-22,S5,P6,2,25
2025-11-23,S5,P6,4,21
2025-11-24,S5,P6,3,18
2025-11-25,S5,P6,3,15
2025-11-26,S5,P6,3,12
2025-11-27,S5,P6,8,50
2025-11-28,S5,P6,2,48
2025-11-29,S5,P6,3,45
2025-11-30,S5,P6,5,40
2025-12-01,S5,P6,3,37
2025-12-02,S5,P6,5,32
2025-12-03,S5,P6,6,26
2025-12-04,S5,P6,3,23
2025-12-05,S5,P6,3,20
2025-12-06,S5,P6,4,16
2025-12-07,S5,P6,4,12
2025-12-08,S5,P6,2,10
2025-12-09,S5,P6,5,54
2025-12-10,S5,P6,4,50
2025-12-11,S5,P6,2,48
2025-12-12,S5,P6,2,46
2025-12-13,S5,P6,2,44
2025-12-14,S5,P6,4,40
2025-12-15,S5,P6,2,38
2025-12-16,S5,P6,8,30
2025-12-17,S5,P6,2,28
2025-12-18,S5,P6,2,26
2025-12-19,S5,P6,4,22
2025-12-20,S5,P6,5,17
2025-12-21,S5,P6,4,13
2025-12-22,S5,P6,3,10
2025-12-23,S5,P6,2,68
2025-12-24,S5,P6,3,65
2025-12-25,S5,P6,6,59
2025-12-26,S5,P6,6,53
2025-12-27,S5,P6,1,52
2025-12-28,S5,P6,5,47
2025-12-29,S5,P6,2,45
2025-12-30,S5,P6,2,43
2025-12-31,S5,P6,2,41
2026-01-01,S5,P6,6,35
2026-01-02,S5,P6,5,30
2026-01-03,S5,P6,0,30
2026-01-04,S5,P6,0,30
2026-01-05,S5,P6,0,30
2026-01-06,S5,P6,0,30
2026-01-07,S5,P6,3,27
2026-01-08,S5,P6,3,24
2026-01-09,S5,P6,2,22
2026-01-10,S5,P6,3,19
2026-01-11,S5,P6,4,15
2026-01-12,S5,P6,5,10
2026-01-13,S5,P6,3,51
2026-01-14,S5,P6,4,47
2026-01-15,S5,P6,3,44
2026-01-16,S5,P6,2,42
2026-01-17,S5,P6,2,40
2026-01-18,S5,P6,5,35
2026-01-19,S5,P6,0,35
2026-01-20,S5,P6,7,28
2026-01-21,S5,P6,4,24
2026-01-22,S5,P6,5,19
2026-01-23,S5,P6,5,14
2026-01-24,S5,P6,2,12
2026-01-25,S5,P6,5,65
2026-01-26,S5,P6,2,63
2026-01-27,S5,P6,1,62
2026-01-28,S5,P6,1,61
2026-01-29,S5,P6,7,54
2026-01-30,S5,P6,2,52
2026-01-31,S5,P6,4,48
2026-02-01,S5,P6,1,47
2026-02-02,S5,P6,0,47
2026-02-03,S5,P6,0,47
2026-02-04,S5,P6,0,47
2026-02-05,S5,P6,1,46
2026-02-06,S5,P6,0,46
2026-02-07,S5,P6,0,46
2026-02-08,S5,P6,0,46
2026-02-09,S5,P6,0,46
2026-02-10,S5,P6,0,46
2026-02-11,S5,P6,1,45
2026-02-12,S5,P6,0,45
2026-02-13,S5,P6,2,43
2026-02-14,S5,P6,0,43
2026-02-15,S5,P6,0,43
2026-02-16,S5,P6,1,42
2026-02-17,S5,P6,0,42
2026-02-18,S5,P6,0,42
2026-02-19,S5,P6,0,42
2026-02-20,S5,P6,1,41
2026-02-21,S5,P6,0,41
2026-02-22,S5,P6,1,40
2026-02-23,S5,P6,1,39
2026-02-24,S5,P6,0,39
2026-02-25,S5,P6,0,39
2026-02-26,S5,P6,0,39
2026-02-27,S5,P6,1,38
2026-02-28,S5,P6,0,38
2026-03-01,S5,P6,2,36
2026-03-02,S5,P6,0,36
2026-03-03,S5,P6,0,36
2026-03-04,S5,P6,0,36
2026-03-05,S5,P6,1,35
2026-03-06,S5,P6,0,35
2026-03-07,S5,P6,2,33
2026-03-08,S5,P6,1,32
2026-03-09,S5,P6,2,30
2026-03-10,S5,P6,0,30
2026-03-11,S5,P6,2,28
2026-03-12,S5,P6,0,28
2026-03-13,S5,P6,0,28
2026-03-14,S5,P6,0,28
2025-09-01,S5,P7,7,43
2025-09-02,S5,P7,4,39
2025-09-03,S5,P7,2,37
2025-09-04,S5,P7,3,34
2025-09-05,S5,P7,3,31
2025-09-06,S5,P7,2,29
2025-09-07,S5,P7,4,25
2025-09-08,S5,P7,0,25
2025-09-09,S5,P7,2,23
2025-09-10,S5,P7,5,18
2025-09-11,S5,P7,3,15
2025-09-12,S5,P7,10,72
2025-09-13,S5,P7,4,68
2025-09-14,S5,P7,6,62
2025-09-15,S5,P7,2,60
2025-09-16,S5,P7,4,56
2025-09-17,S5,P7,5,51
2025-09-18,S5,P7,6,45
2025-09-19,S5,P7,7,38
2025-09-20,S5,P7,4,34
2025-09-21,S5,P7,2,32
2025-09-22,S5,P7,3,29
2025-09-23,S5,P7,3,26
2025-09-24,S5,P7,3,23
2025-09-25,S5,P7,8,15
2025-09-26,S5,P7,3,12
2025-09-27,S5,P7,6,55
2025-09-28,S5,P7,6,49
2025-09-29,S5,P7,2,47
2025-09-30,S5,P7,4,43
2025-10-01,S5,P7,4,39
2025-10-02,S5,P7,3,36
2025-10-03,S5,P7,6,30
2025-10-04,S5,P7,1,29
2025-10-05,S5,P7,2,27
2025-10-06,S5,P7,2,25
2025-10-07,S5,P7,1,24
2025-10-08,S5,P7,1,23
2025-10-09,S5,P7,5,18
2025-10-10,S5,P7,5,13
2025-10-11,S5,P7,7,50
2025-10-12,S5,P7,2,48
2025-10-13,S5,P7,3,45
2025-10-14,S5,P7,8,37
2025-10-15,S5,P7,3,34
2025-10-16,S5,P7,3,31
2025-10-17,S5,P7,2,29
2025-10-18,S5,P7,2,27
2025-10-19,S5,P7,5,22
2025-10-20,S5,P7,1,21
2025-10-21,S5,P7,3,18
2025-10-22,S5,P7,2,16
2025-10-23,S5,P7,3,13
2025-10-24,S5,P7,6,60
2025-10-25,S5,P7,4,56
2025-10-26,S5,P7,1,55
2025-10-27,S5,P7,3,52
2025-10-28,S5,P7,4,48
2025-10-29,S5,P7,6,42
2025-10-30,S5,P7,7,35
2025-10-31,S5,P7,7,28
2025-11-01,S5,P7,2,26
2025-11-02,S5,P7,1,25
2025-11-03,S5,P7,7,18
2025-11-04,S5,P7,3,15
2025-11-05,S5,P7,8,43
2025-11-06,S5,P7,1,42
2025-11-07,S5,P7,6,36
2025-11-08,S5,P7,4,32
2025-11-09,S5,P7,2,30
2025-11-10,S5,P7,5,25
2025-11-11,S5,P7,4,21
2025-11-12,S5,P7,2,19
2025-11-13,S5,P7,4,15
2025-11-14,S5,P7,4,11
2025-11-15,S5,P7,6,68
2025-11-16,S5,P7,4,64
2025-11-17,S5,P7,2,62
2025-11-18,S5,P7,6,56
2025-11-19,S5,P7,1,55
2025-11-20,S5,P7,6,49
2025-11-21,S5,P7,1,48
2025-11-22,S5,P7,3,45
2025-11-23,S5,P7,3,42
2025-11-24,S5,P7,2,40
2025-11-25,S5,P7,1,39
2025-11-26,S5,P7,4,35
2025-11-27,S5,P7,1,34
2025-11-28,S5,P7,7,27
2025-11-29,S5,P7,4,23
2025-11-30,S5,P7,4,19
2025-12-01,S5,P7,6,13
2025-12-02,S5,P7,4,42
2025-12-03,S5,P7,2,40
2025-12-04,S5,P7,4,36
2025-12-05,S5,P7,5,31
2025-12-06,S5,P7,11,20
2025-12-07,S5,P7,2,18
2025-12-08,S5,P7,2,16
2025-12-09,S5,P7,4,12
2025-12-10,S5,P7,2,76
2025-12-11,S5,P7,1,75
2025-12-12,S5,P7,4,71
2025-12-13,S5,P7,3,68
2025-12-14,S5,P7,3,65
2025-12-15,S5,P7,4,61
2025-12-16,S5,P7,4,57
2025-12-17,S5,P7,5,52
2025-12-18,S5,P7,3,49
2025-12-19,S5,P7,7,42
2025-12-20,S5,P7,2,40
2025-12-21,S5,P7,3,37
2025-12-22,S5,P7,2,35
2025-12-23,S5,P7,4,31
2025-12-24,S5,P7,2,29
2025-12-25,S5,P7,3,26
2025-12-26,S5,P7,7,19
2025-12-27,S5,P7,8,11
2025-12-28,S5,P7,3,70
2025-12-29,S5,P7,6,64
2025-12-30,S5,P7,5,59
2025-12-31,S5,P7,6,53
2026-01-01,S5,P7,3,50
2026-01-02,S5,P7,4,46
2026-01-03,S5,P7,3,43
2026-01-04,S5,P7,9,34
2026-01-05,S5,P7,3,31
2026-01-06,S5,P7,2,29
2026-01-07,S5,P7,4,25
2026-01-08,S5,P7,4,21
2026-01-09,S5,P7,5,16
2026-01-10,S5,P7,3,13
2026-01-11,S5,P7,2,11
2026-01-12,S5,P7,4,76
2026-01-13,S5,P7,2,74
2026-01-14,S5,P7,7,67
2026-01-15,S5,P7,1,66
2026-01-16,S5,P7,5,61
2026-01-17,S5,P7,5,56
2026-01-18,S5,P7,2,54
2026-01-19,S5,P7,2,52
2026-01-20,S5,P7,4,48
2026-01-21,S5,P7,5,43
2026-01-22,S5,P7,3,40
2026-01-23,S5,P7,3,37
2026-01-24,S5,P7,4,33
2026-01-25,S5,P7,3,30
2026-01-26,S5,P7,0,30
2026-01-27,S5,P7,2,28
2026-01-28,S5,P7,8,20
2026-01-29,S5,P7,3,17
2026-01-30,S5,P7,2,15
2026-01-31,S5,P7,5,79
2026-02-01,S5,P7,4,75
2026-02-02,S5,P7,2,73
2026-02-03,S5,P7,3,70
2026-02-04,S5,P7,4,66
2026-02-05,S5,P7,4,62
2026-02-06,S5,P7,2,60
2026-02-07,S5,P7,4,56
2026-02-08,S5,P7,5,51
2026-02-09,S5,P7,2,49
2026-02-10,S5,P7,3,46
2026-02-11,S5,P7,5,41
2026-02-12,S5,P7,5,36
2026-02-13,S5,P7,4,32
2026-02-14,S5,P7,6,26
2026-02-15,S5,P7,3,23
2026-02-16,S5,P7,4,19
2026-02-17,S5,P7,4,15
2026-02-18,S5,P7,4,11
2026-02-19,S5,P7,5,75
2026-02-20,S5,P7,4,71
2026-02-21,S5,P7,8,63
2026-02-22,S5,P7,2,61
2026-02-23,S5,P7,3,58
2026-02-24,S5,P7,4,54
2026-02-25,S5,P7,2,52
2026-02-26,S5,P7,4,48
2026-02-27,S5,P7,8,40
2026-02-28,S5,P7,3,37
2026-03-01,S5,P7,5,32
2026-03-02,S5,P7,4,28
2026-03-03,S5,P7,2,26
2026-03-04,S5,P7,3,23
2026-03-05,S5,P7,8,15
2026-03-06,S5,P7,5,59
2026-03-07,S5,P7,4,55
2026-03-08,S5,P7,4,51
2026-03-09,S5,P7,9,42
2026-03-10,S5,P7,4,38
2026-03-11,S5,P7,9,29
2026-03-12,S5,P7,6,23
2026-03-13,S5,P7,4,19
2026-03-14,S5,P7,2,17
2025-09-01,S5,P8,2,18
2025-09-02,S5,P8,1,17
2025-09-03,S5,P8,0,17
2025-09-04,S5,P8,1,16
2025-09-05,S5,P8,1,15
2025-09-06,S5,P8,0,15
2025-09-07,S5,P8,3,12
2025-09-08,S5,P8,3,9
2025-09-09,S5,P8,1,8
2025-09-10,S5,P8,1,7
2025-09-11,S5,P8,1,6
2025-09-12,S5,P8,3,24
2025-09-13,S5,P8,1,23
2025-09-14,S5,P8,3,20
2025-09-15,S5,P8,5,15
2025-09-16,S5,P8,1,14
2025-09-17,S5,P8,0,14
2025-09-18,S5,P8,1,13
2025-09-19,S5,P8,2,11
2025-09-20,S5,P8,4,7
2025-09-21,S5,P8,2,5
2025-09-22,S5,P8,0,5
2025-09-23,S5,P8,1,4
2025-09-24,S5,P8,1,26
2025-09-25,S5,P8,0,26
2025-09-26,S5,P8,0,26
2025-09-27,S5,P8,3,23
2025-09-28,S5,P8,1,22
2025-09-29,S5,P8,1,21
2025-09-30,S5,P8,4,17
2025-10-01,S5,P8,3,14
2025-10-02,S5,P8,6,8
2025-10-03,S5,P8,2,6
2025-10-04,S5,P8,3,25
2025-10-05,S5,P8,3,22
2025-10-06,S5,P8,0,22
2025-10-07,S5,P8,1,21
2025-10-08,S5,P8,2,19
2025-10-09,S5,P8,1,18
2025-10-10,S5,P8,0,18
2025-10-11,S5,P8,0,18
2025-10-12,S5,P8,1,17
2025-10-13,S5,P8,2,15
2025-10-14,S5,P8,0,15
2025-10-15,S5,P8,1,14
2025-10-16,S5,P8,1,13
2025-10-17,S5,P8,2,11
2025-10-18,S5,P8,3,8
2025-10-19,S5,P8,1,7
2025-10-20,S5,P8,1,6
2025-10-21,S5,P8,1,5
2025-10-22,S5,P8,3,25
2025-10-23,S5,P8,2,23
2025-10-24,S5,P8,2,21
2025-10-25,S5,P8,4,17
2025-10-26,S5,P8,2,15
2025-10-27,S5,P8,1,14
2025-10-28,S5,P8,2,12
2025-10-29,S5,P8,1,11
2025-10-30,S5,P8,3,8
2025-10-31,S5,P8,2,6
2025-11-01,S5,P8,3,18
2025-11-02,S5,P8,1,17
2025-11-03,S5,P8,2,15
2025-11-04,S5,P8,2,13
2025-11-05,S5,P8,0,13
2025-11-06,S5,P8,1,12
2025-11-07,S5,P8,4,8
2025-11-08,S5,P8,1,7
2025-11-09,S5,P8,0,7
2025-11-10,S5,P8,3,4
2025-11-11,S5,P8,0,4
2025-11-12,S5,P8,0,4
2025-11-13,S5,P8,2,24
2025-11-14,S5,P8,0,24
2025-11-15,S5,P8,3,21
2025-11-16,S5,P8,1,20
2025-11-17,S5,P8,2,18
2025-11-18,S5,P8,2,16
2025-11-19,S5,P8,2,14
2025-11-20,S5,P8,2,12
2025-11-21,S5,P8,2,10
2025-11-22,S5,P8,4,6
2025-11-23,S5,P8,0,6
2025-11-24,S5,P8,1,5
2025-11-25,S5,P8,3,19
2025-11-26,S5,P8,2,17
2025-11-27,S5,P8,1,16
2025-11-28,S5,P8,2,14
2025-11-29,S5,P8,2,12
2025-11-30,S5,P8,2,10
2025-12-01,S5,P8,1,9
2025-12-02,S5,P8,0,9
2025-12-03,S5,P8,0,9
2025-12-04,S5,P8,1,8
2025-12-05,S5,P8,2,6
2025-12-06,S5,P8,3,16
2025-12-07,S5,P8,1,15
2025-12-08,S5,P8,3,12
2025-12-09,S5,P8,1,11
2025-12-10,S5,P8,0,11
2025-12-11,S5,P8,1,10
2025-12-12,S5,P8,3,7
2025-12-13,S5,P8,1,6
2025-12-14,S5,P8,0,6
2025-12-15,S5,P8,0,6
2025-12-16,S5,P8,2,4
2025-12-17,S5,P8,1,24
2025-12-18,S5,P8,2,22
2025-12-19,S5,P8,2,20
2025-12-20,S5,P8,5,15
2025-12-21,S5,P8,2,13
2025-12-22,S5,P8,1,12
2025-12-23,S5,P8,0,12
2025-12-24,S5,P8,1,11
2025-12-25,S5,P8,4,7
2025-12-26,S5,P8,1,6
2025-12-27,S5,P8,5,23
2025-12-28,S5,P8,1,22
2025-12-29,S5,P8,2,20
2025-12-30,S5,P8,1,19
2025-12-31,S5,P8,2,17
2026-01-01,S5,P8,0,17
2026-01-02,S5,P8,1,16
2026-01-03,S5,P8,3,13
2026-01-04,S5,P8,2,11
2026-01-05,S5,P8,0,11
2026-01-06,S5,P8,3,8
2026-01-07,S5,P8,1,7
2026-01-08,S5,P8,2,5
2026-01-09,S5,P8,2,19
2026-01-10,S5,P8,1,18
2026-01-11,S5,P8,0,18
2026-01-12,S5,P8,0,18
2026-01-13,S5,P8,0,18
2026-01-14,S5,P8,1,17
2026-01-15,S5,P8,2,15
2026-01-16,S5,P8,1,14
2026-01-17,S5,P8,7,7
2026-01-18,S5,P8,1,6
2026-01-19,S5,P8,1,5
2026-01-20,S5,P8,1,4
2026-01-21,S5,P8,1,16
2026-01-22,S5,P8,2,14
2026-01-23,S5,P8,1,13
2026-01-24,S5,P8,1,12
2026-01-25,S5,P8,3,9
2026-01-26,S5,P8,3,6
2026-01-27,S5,P8,3,17
2026-01-28,S5,P8,1,16
2026-01-29,S5,P8,1,15
2026-01-30,S5,P8,3,12
2026-01-31,S5,P8,4,8
2026-02-01,S5,P8,0,8
2026-02-02,S5,P8,3,5
2026-02-03,S5,P8,1,4
2026-02-04,S5,P8,0,4
2026-02-05,S5,P8,1,15
2026-02-06,S5,P8,1,14
2026-02-07,S5,P8,0,14
2026-02-08,S5,P8,0,14
2026-02-09,S5,P8,1,13
2026-02-10,S5,P8,3,10
2026-02-11,S5,P8,0,10
2026-02-12,S5,P8,0,10
2026-02-13,S5,P8,1,9
2026-02-14,S5,P8,1,8
2026-02-15,S5,P8,0,8
2026-02-16,S5,P8,1,7
2026-02-17,S5,P8,2,5
2026-02-18,S5,P8,4,24
2026-02-19,S5,P8,1,23
2026-02-20,S5,P8,2,21
2026-02-21,S5,P8,1,20
2026-02-22,S5,P8,2,18
2026-02-23,S5,P8,0,18
2026-02-24,S5,P8,0,18
2026-02-25,S5,P8,0,18
2026-02-26,S5,P8,3,15
2026-02-27,S5,P8,2,13
2026-02-28,S5,P8,0,13
2026-03-01,S5,P8,1,12
2026-03-02,S5,P8,0,12
2026-03-03,S5,P8,1,11
2026-03-04,S5,P8,2,9
2026-03-05,S5,P8,1,8
2026-03-06,S5,P8,2,6
2026-03-07,S5,P8,1,5
2026-03-08,S5,P8,3,23
2026-03-09,S5,P8,2,21
2026-03-10,S5,P8,1,20
2026-03-11,S5,P8,0,20
2026-03-12,S5,P8,0,20
2026-03-13,S5,P8,3,17
2026-03-14,S5,P8,3,14
2025-09-01,S5,P9,1,13
2025-09-02,S5,P9,3,10
2025-09-03,S5,P9,0,10
2025-09-04,S5,P9,2,8
2025-09-05,S5,P9,1,7
2025-09-06,S5,P9,1,6
2025-09-07,S5,P9,1,5
2025-09-08,S5,P9,0,5
2025-09-09,S5,P9,0,5
2025-09-10,S5,P9,2,3
2025-09-11,S5,P9,1,14
2025-09-12,S5,P9,1,13
2025-09-13,S5,P9,0,13
2025-09-14,S5,P9,2,11
2025-09-15,S5,P9,1,10
2025-09-16,S5,P9,1,9
2025-09-17,S5,P9,1,8
2025-09-18,S5,P9,0,8
2025-09-19,S5,P9,0,8
2025-09-20,S5,P9,0,8
2025-09-21,S5,P9,5,3
2025-09-22,S5,P9,0,3
2025-09-23,S5,P9,1,12
2025-09-24,S5,P9,2,10
2025-09-25,S5,P9,0,10
2025-09-26,S5,P9,1,9
2025-09-27,S5,P9,1,8
2025-09-28,S5,P9,0,8
2025-09-29,S5,P9,1,7
2025-09-30,S5,P9,1,6
2025-10-01,S5,P9,0,6
2025-10-02,S5,P9,1,5
2025-10-03,S5,P9,1,4
2025-10-04,S5,P9,2,12
2025-10-05,S5,P9,1,11
2025-10-06,S5,P9,1,10
2025-10-07,S5,P9,1,9
2025-10-08,S5,P9,0,9
2025-10-09,S5,P9,0,9
2025-10-10,S5,P9,1,8
2025-10-11,S5,P9,0,8
2025-10-12,S5,P9,0,8
2025-10-13,S5,P9,0,8
2025-10-14,S5,P9,0,8
2025-10-15,S5,P9,0,8
2025-10-16,S5,P9,2,6
2025-10-17,S5,P9,3,3
2025-10-18,S5,P9,0,3
2025-10-19,S5,P9,0,3
2025-10-20,S5,P9,0,3
2025-10-21,S5,P9,1,12
2025-10-22,S5,P9,0,12
2025-10-23,S5,P9,0,12
2025-10-24,S5,P9,0,12
2025-10-25,S5,P9,1,11
2025-10-26,S5,P9,0,11
2025-10-27,S5,P9,1,10
2025-10-28,S5,P9,0,10
2025-10-29,S5,P9,0,10
2025-10-30,S5,P9,0,10
2025-10-31,S5,P9,2,8
2025-11-01,S5,P9,2,6
2025-11-02,S5,P9,1,5
2025-11-03,S5,P9,1,4
2025-11-04,S5,P9,0,4
2025-11-05,S5,P9,0,4
2025-11-06,S5,P9,2,12
2025-11-07,S5,P9,0,12
2025-11-08,S5,P9,1,11
2025-11-09,S5,P9,0,11
2025-11-10,S5,P9,0,11
2025-11-11,S5,P9,1,10
2025-11-12,S5,P9,2,8
2025-11-13,S5,P9,1,7
2025-11-14,S5,P9,2,5
2025-11-15,S5,P9,1,4
2025-11-16,S5,P9,0,4
2025-11-17,S5,P9,0,4
2025-11-18,S5,P9,1,3
2025-11-19,S5,P9,1,12
2025-11-20,S5,P9,1,11
2025-11-21,S5,P9,1,10
2025-11-22,S5,P9,0,10
2025-11-23,S5,P9,0,10
2025-11-24,S5,P9,3,7
2025-11-25,S5,P9,2,5
2025-11-26,S5,P9,0,5
2025-11-27,S5,P9,0,5
2025-11-28,S5,P9,0,5
2025-11-29,S5,P9,1,4
2025-11-30,S5,P9,0,4
2025-12-01,S5,P9,1,3
2025-12-02,S5,P9,1,14
2025-12-03,S5,P9,1,13
2025-12-04,S5,P9,2,11
2025-12-05,S5,P9,0,11
2025-12-06,S5,P9,0,11
2025-12-07,S5,P9,1,10
2025-12-08,S5,P9,1,9
2025-12-09,S5,P9,1,8
2025-12-10,S5,P9,1,7
2025-12-11,S5,P9,2,5
2025-12-12,S5,P9,0,5
2025-12-13,S5,P9,3,12
2025-12-14,S5,P9,1,11
2025-12-15,S5,P9,1,10
2025-12-16,S5,P9,0,10
2025-12-17,S5,P9,1,9
2025-12-18,S5,P9,1,8
2025-12-19,S5,P9,0,8
2025-12-20,S5,P9,2,6
2025-12-21,S5,P9,0,6
2025-12-22,S5,P9,1,5
2025-12-23,S5,P9,0,5
2025-12-24,S5,P9,0,5
2025-12-25,S5,P9,1,4
2025-12-26,S5,P9,1,3
2025-12-27,S5,P9,0,3
2025-12-28,S5,P9,0,3
2025-12-29,S5,P9,0,3
2025-12-30,S5,P9,0,3
2025-12-31,S5,P9,0,3
2026-01-01,S5,P9,1,12
2026-01-02,S5,P9,1,11
2026-01-03,S5,P9,1,10
2026-01-04,S5,P9,1,9
2026-01-05,S5,P9,2,7
2026-01-06,S5,P9,1,6
2026-01-07,S5,P9,2,4
2026-01-08,S5,P9,0,4
2026-01-09,S5,P9,0,4
2026-01-10,S5,P9,2,12
2026-01-11,S5,P9,1,11
2026-01-12,S5,P9,1,10
2026-01-13,S5,P9,0,10
2026-01-14,S5,P9,1,9
2026-01-15,S5,P9,0,9
2026-01-16,S5,P9,0,9
2026-01-17,S5,P9,2,7
2026-01-18,S5,P9,1,6
2026-01-19,S5,P9,0,6
2026-01-20,S5,P9,0,6
2026-01-21,S5,P9,5,11
2026-01-22,S5,P9,1,10
2026-01-23,S5,P9,0,10
2026-01-24,S5,P9,2,8
2026-01-25,S5,P9,1,7
2026-01-26,S5,P9,1,6
2026-01-27,S5,P9,0,6
2026-01-28,S5,P9,2,4
2026-01-29,S5,P9,2,12
2026-01-30,S5,P9,1,11
2026-01-31,S5,P9,0,11
2026-02-01,S5,P9,1,10
2026-02-02,S5,P9,2,8
2026-02-03,S5,P9,0,8
2026-02-04,S5,P9,0,8
2026-02-05,S5,P9,0,8
2026-02-06,S5,P9,0,8
2026-02-07,S5,P9,0,8
2026-02-08,S5,P9,0,8
2026-02-09,S5,P9,2,6
2026-02-10,S5,P9,0,6
2026-02-11,S5,P9,1,5
2026-02-12,S5,P9,0,5
2026-02-13,S5,P9,0,5
2026-02-14,S5,P9,1,4
2026-02-15,S5,P9,0,4
2026-02-16,S5,P9,0,4
2026-02-17,S5,P9,1,3
2026-02-18,S5,P9,0,3
2026-02-19,S5,P9,0,3
2026-02-20,S5,P9,1,12
2026-02-21,S5,P9,1,11
2026-02-22,S5,P9,0,11
2026-02-23,S5,P9,0,11
2026-02-24,S5,P9,1,10
2026-02-25,S5,P9,2,8
2026-02-26,S5,P9,1,7
2026-02-27,S5,P9,0,7
2026-02-28,S5,P9,0,7
2026-03-01,S5,P9,2,5
2026-03-02,S5,P9,2,3
2026-03-03,S5,P9,1,12
2026-03-04,S5,P9,1,11
2026-03-05,S5,P9,0,11
2026-03-06,S5,P9,0,11
2026-03-07,S5,P9,0,11
2026-03-08,S5,P9,2,9
2026-03-09,S5,P9,0,9
2026-03-10,S5,P9,2,7
2026-03-11,S5,P9,0,7
2026-03-12,S5,P9,0,7
2026-03-13,S5,P9,1,6
2026-03-14,S5,P9,2,4
2025-09-01,S5,P10,6,86
2025-09-02,S5,P10,4,82
2025-09-03,S5,P10,4,78
2025-09-04,S5,P10,8,70
2025-09-05,S5,P10,9,61
2025-09-06,S5,P10,8,53
2025-09-07,S5,P10,10,43
2025-09-08,S5,P10,7,36
2025-09-09,S5,P10,7,29
2025-09-10,S5,P10,12,115
2025-09-11,S5,P10,4,111
2025-09-12,S5,P10,9,102
2025-09-13,S5,P10,5,97
2025-09-14,S5,P10,3,94
2025-09-15,S5,P10,4,90
2025-09-16,S5,P10,5,85
2025-09-17,S5,P10,7,78
2025-09-18,S5,P10,7,71
2025-09-19,S5,P10,7,64
2025-09-20,S5,P10,6,58
2025-09-21,S5,P10,3,55
2025-09-22,S5,P10,2,53
2025-09-23,S5,P10,5,48
2025-09-24,S5,P10,8,40
2025-09-25,S5,P10,10,30
2025-09-26,S5,P10,9,21
2025-09-27,S5,P10,10,70
2025-09-28,S5,P10,9,61
2025-09-29,S5,P10,2,59
2025-09-30,S5,P10,10,49
2025-10-01,S5,P10,1,48
2025-10-02,S5,P10,3,45
2025-10-03,S5,P10,5,40
2025-10-04,S5,P10,7,33
2025-10-05,S5,P10,3,30
2025-10-06,S5,P10,7,23
2025-10-07,S5,P10,10,122
2025-10-08,S5,P10,6,116
2025-10-09,S5,P10,5,111
2025-10-10,S5,P10,6,105
2025-10-11,S5,P10,0,105
2025-10-12,S5,P10,7,98
2025-10-13,S5,P10,4,94
2025-10-14,S5,P10,3,91
2025-10-15,S5,P10,9,82
2025-10-16,S5,P10,6,76
2025-10-17,S5,P10,8,68
2025-10-18,S5,P10,5,63
2025-10-19,S5,P10,6,57
2025-10-20,S5,P10,4,53
2025-10-21,S5,P10,7,46
2025-10-22,S5,P10,5,41
2025-10-23,S5,P10,8,33
2025-10-24,S5,P10,8,25
2025-10-25,S5,P10,6,19
2025-10-26,S5,P10,5,112
2025-10-27,S5,P10,7,105
2025-10-28,S5,P10,7,98
2025-10-29,S5,P10,3,95
2025-10-30,S5,P10,8,87
2025-10-31,S5,P10,3,84
2025-11-01,S5,P10,15,69
2025-11-02,S5,P10,5,64
2025-11-03,S5,P10,3,61
2025-11-04,S5,P10,8,53
2025-11-05,S5,P10,7,46
2025-11-06,S5,P10,12,34
2025-11-07,S5,P10,11,23
2025-11-08,S5,P10,5,18
2025-11-09,S5,P10,9,111
2025-11-10,S5,P10,4,107
2025-11-11,S5,P10,3,104
2025-11-12,S5,P10,9,95
2025-11-13,S5,P10,5,90
2025-11-14,S5,P10,5,85
2025-11-15,S5,P10,5,80
2025-11-16,S5,P10,5,75
2025-11-17,S5,P10,5,70
2025-11-18,S5,P10,4,66
2025-11-19,S5,P10,6,60
2025-11-20,S5,P10,5,55
2025-11-21,S5,P10,11,44
2025-11-22,S5,P10,4,40
2025-11-23,S5,P10,4,36
2025-11-24,S5,P10,4,32
2025-11-25,S5,P10,8,24
2025-11-26,S5,P10,8,119
2025-11-27,S5,P10,5,114
2025-11-28,S5,P10,6,108
2025-11-29,S5,P10,13,95
2025-11-30,S5,P10,4,91
2025-12-01,S5,P10,6,85
2025-12-02,S5,P10,5,80
2025-12-03,S5,P10,7,73
2025-12-04,S5,P10,3,70
2025-12-05,S5,P10,7,63
2025-12-06,S5,P10,5,58
2025-12-07,S5,P10,7,51
2025-12-08,S5,P10,5,46
2025-12-09,S5,P10,8,38
2025-12-10,S5,P10,11,27
2025-12-11,S5,P10,6,21
2025-12-12,S5,P10,6,65
2025-12-13,S5,P10,6,59
2025-12-14,S5,P10,4,55
2025-12-15,S5,P10,2,53
2025-12-16,S5,P10,5,48
2025-12-17,S5,P10,7,41
2025-12-18,S5,P10,9,32
2025-12-19,S5,P10,5,27
2025-12-20,S5,P10,9,18
2025-12-21,S5,P10,4,119
2025-12-22,S5,P10,11,108
2025-12-23,S5,P10,4,104
2025-12-24,S5,P10,4,100
2025-12-25,S5,P10,8,92
2025-12-26,S5,P10,4,88
2025-12-27,S5,P10,9,79
2025-12-28,S5,P10,11,68
2025-12-29,S5,P10,4,64
2025-12-30,S5,P10,9,55
2025-12-31,S5,P10,4,51
2026-01-01,S5,P10,4,47
2026-01-02,S5,P10,8,39
2026-01-03,S5,P10,3,36
2026-01-04,S5,P10,11,25
2026-01-05,S5,P10,3,22
2026-01-06,S5,P10,2,20
2026-01-07,S5,P10,10,90
2026-01-08,S5,P10,12,78
2026-01-09,S5,P10,9,69
2026-01-10,S5,P10,12,57
2026-01-11,S5,P10,7,50
2026-01-12,S5,P10,6,44
2026-01-13,S5,P10,10,34
2026-01-14,S5,P10,3,31
2026-01-15,S5,P10,6,25
2026-01-16,S5,P10,5,20
2026-01-17,S5,P10,7,86
2026-01-18,S5,P10,2,84
2026-01-19,S5,P10,3,81
2026-01-20,S5,P10,2,79
2026-01-21,S5,P10,4,75
2026-01-22,S5,P10,5,70
2026-01-23,S5,P10,6,64
2026-01-24,S5,P10,8,56
2026-01-25,S5,P10,4,52
2026-01-26,S5,P10,3,49
2026-01-27,S5,P10,4,45
2026-01-28,S5,P10,4,41
2026-01-29,S5,P10,2,39
2026-01-30,S5,P10,10,29
2026-01-31,S5,P10,6,23
2026-02-01,S5,P10,9,91
2026-02-02,S5,P10,9,82
2026-02-03,S5,P10,5,77
2026-02-04,S5,P10,6,71
2026-02-05,S5,P10,3,68
2026-02-06,S5,P10,6,62
2026-02-07,S5,P10,5,57
2026-02-08,S5,P10,7,50
2026-02-09,S5,P10,6,44
2026-02-10,S5,P10,9,35
2026-02-11,S5,P10,15,20
2026-02-12,S5,P10,7,79
2026-02-13,S5,P10,7,72
2026-02-14,S5,P10,9,63
2026-02-15,S5,P10,13,50
2026-02-16,S5,P10,9,41
2026-02-17,S5,P10,7,34
2026-02-18,S5,P10,6,28
2026-02-19,S5,P10,6,22
2026-02-20,S5,P10,7,124
2026-02-21,S5,P10,6,118
2026-02-22,S5,P10,6,112
2026-02-23,S5,P10,7,105
2026-02-24,S5,P10,5,100
2026-02-25,S5,P10,6,94
2026-02-26,S5,P10,4,90
2026-02-27,S5,P10,5,85
2026-02-28,S5,P10,7,78
2026-03-01,S5,P10,7,71
2026-03-02,S5,P10,3,68
2026-03-03,S5,P10,6,62
2026-03-04,S5,P10,3,59
2026-03-05,S5,P10,7,52
2026-03-06,S5,P10,3,49
2026-03-07,S5,P10,4,45
2026-03-08,S5,P10,9,36
2026-03-09,S5,P10,6,30
2026-03-10,S5,P10,10,20
2026-03-11,S5,P10,14,69
2026-03-12,S5,P10,6,63
2026-03-13,S5,P10,8,55
2026-03-14,S5,P10,8,47
2025-09-01,S5,P11,2,42
2025-09-02,S5,P11,1,41
2025-09-03,S5,P11,2,39
2025-09-04,S5,P11,1,38
2025-09-05,S5,P11,4,34
2025-09-06,S5,P11,2,32
2025-09-07,S5,P11,1,31
2025-09-08,S5,P11,3,28
2025-09-09,S5,P11,2,26
2025-09-10,S5,P11,1,25
2025-09-11,S5,P11,0,25
2025-09-12,S5,P11,2,23
2025-09-13,S5,P11,1,22
2025-09-14,S5,P11,6,16
2025-09-15,S5,P11,2,14
2025-09-16,S5,P11,2,12
2025-09-17,S5,P11,4,8
2025-09-18,S5,P11,3,25
2025-09-19,S5,P11,4,21
2025-09-20,S5,P11,1,20
2025-09-21,S5,P11,2,18
2025-09-22,S5,P11,2,16
2025-09-23,S5,P11,2,14
2025-09-24,S5,P11,1,13
2025-09-25,S5,P11,8,35
2025-09-26,S5,P11,4,31
2025-09-27,S5,P11,7,24
2025-09-28,S5,P11,1,23
2025-09-29,S5,P11,2,21
2025-09-30,S5,P11,1,20
2025-10-01,S5,P11,1,19
2025-10-02,S5,P11,1,18
2025-10-03,S5,P11,3,15
2025-10-04,S5,P11,3,12
2025-10-05,S5,P11,2,10
2025-10-06,S5,P11,1,9
2025-10-07,S5,P11,3,6
2025-10-08,S5,P11,3,33
2025-10-09,S5,P11,4,29
2025-10-10,S5,P11,3,26
2025-10-11,S5,P11,4,22
2025-10-12,S5,P11,0,22
2025-10-13,S5,P11,1,21
2025-10-14,S5,P11,3,18
2025-10-15,S5,P11,0,18
2025-10-16,S5,P11,1,17
2025-10-17,S5,P11,2,15
2025-10-18,S5,P11,4,11
2025-10-19,S5,P11,3,8
2025-10-20,S5,P11,3,33
2025-10-21,S5,P11,1,32
2025-10-22,S5,P11,2,30
2025-10-23,S5,P11,5,25
2025-10-24,S5,P11,0,25
2025-10-25,S5,P11,1,24
2025-10-26,S5,P11,3,21
2025-10-27,S5,P11,2,19
2025-10-28,S5,P11,3,16
2025-10-29,S5,P11,3,13
2025-10-30,S5,P11,1,12
2025-10-31,S5,P11,1,11
2025-11-01,S5,P11,0,11
2025-11-02,S5,P11,4,7
2025-11-03,S5,P11,1,6
2025-11-04,S5,P11,2,28
2025-11-05,S5,P11,1,27
2025-11-06,S5,P11,0,27
2025-11-07,S5,P11,2,25
2025-11-08,S5,P11,0,25
2025-11-09,S5,P11,0,25
2025-11-10,S5,P11,0,25
2025-11-11,S5,P11,4,21
2025-11-12,S5,P11,3,18
2025-11-13,S5,P11,4,14
2025-11-14,S5,P11,3,11
2025-11-15,S5,P11,4,7
2025-11-16,S5,P11,5,25
2025-11-17,S5,P11,1,24
2025-11-18,S5,P11,1,23
2025-11-19,S5,P11,2,21
2025-11-20,S5,P11,1,20
2025-11-21,S5,P11,5,15
2025-11-22,S5,P11,5,10
2025-11-23,S5,P11,2,8
2025-11-24,S5,P11,1,7
2025-11-25,S5,P11,0,7
2025-11-26,S5,P11,6,23
2025-11-27,S5,P11,2,21
2025-11-28,S5,P11,3,18
2025-11-29,S5,P11,6,12
2025-11-30,S5,P11,1,11
2025-12-01,S5,P11,0,11
2025-12-02,S5,P11,1,10
2025-12-03,S5,P11,4,6
2025-12-04,S5,P11,0,6
2025-12-05,S5,P11,3,44
2025-12-06,S5,P11,4,40
2025-12-07,S5,P11,3,37
2025-12-08,S5,P11,1,36
2025-12-09,S5,P11,3,33
2025-12-10,S5,P11,3,30
2025-12-11,S5,P11,0,30
2025-12-12,S5,P11,1,29
2025-12-13,S5,P11,3,26
2025-12-14,S5,P11,1,25
2025-12-15,S5,P11,2,23
2025-12-16,S5,P11,2,21
2025-12-17,S5,P11,0,21
2025-12-18,S5,P11,3,18
2025-12-19,S5,P11,1,17
2025-12-20,S5,P11,1,16
2025-12-21,S5,P11,2,14
2025-12-22,S5,P11,4,10
2025-12-23,S5,P11,7,27
2025-12-24,S5,P11,1,26
2025-12-25,S5,P11,2,24
2025-12-26,S5,P11,1,23
2025-12-27,S5,P11,1,22
2025-12-28,S5,P11,2,20
2025-12-29,S5,P11,0,20
2025-12-30,S5,P11,2,18
2025-12-31,S5,P11,2,16
2026-01-01,S5,P11,5,11
2026-01-02,S5,P11,4,7
2026-01-03,S5,P11,0,7
2026-01-04,S5,P11,0,7
2026-01-05,S5,P11,3,36
2026-01-06,S5,P11,2,34
2026-01-07,S5,P11,0,34
2026-01-08,S5,P11,1,33
2026-01-09,S5,P11,4,29
2026-01-10,S5,P11,2,27
2026-01-11,S5,P11,2,25
2026-01-12,S5,P11,1,24
2026-01-13,S5,P11,2,22
2026-01-14,S5,P11,1,21
2026-01-15,S5,P11,1,20
2026-01-16,S5,P11,3,17
2026-01-17,S5,P11,8,9
2026-01-18,S5,P11,3,6
2026-01-19,S5,P11,3,31
2026-01-20,S5,P11,4,27
2026-01-21,S5,P11,1,26
2026-01-22,S5,P11,2,24
2026-01-23,S5,P11,3,21
2026-01-24,S5,P11,3,18
2026-01-25,S5,P11,3,15
2026-01-26,S5,P11,3,12
2026-01-27,S5,P11,2,10
2026-01-28,S5,P11,5,38
2026-01-29,S5,P11,2,36
2026-01-30,S5,P11,4,32
2026-01-31,S5,P11,5,27
2026-02-01,S5,P11,6,21
2026-02-02,S5,P11,1,20
2026-02-03,S5,P11,3,17
2026-02-04,S5,P11,2,15
2026-02-05,S5,P11,1,14
2026-02-06,S5,P11,4,10
2026-02-07,S5,P11,2,8
2026-02-08,S5,P11,2,6
2026-02-09,S5,P11,2,31
2026-02-10,S5,P11,3,28
2026-02-11,S5,P11,2,26
2026-02-12,S5,P11,0,26
2026-02-13,S5,P11,1,25
2026-02-14,S5,P11,2,23
2026-02-15,S5,P11,0,23
2026-02-16,S5,P11,1,22
2026-02-17,S5,P11,0,22
2026-02-18,S5,P11,3,19
2026-02-19,S5,P11,1,18
2026-02-20,S5,P11,3,15
2026-02-21,S5,P11,3,12
2026-02-22,S5,P11,7,44
2026-02-23,S5,P11,3,41
2026-02-24,S5,P11,2,39
2026-02-25,S5,P11,3,36
2026-02-26,S5,P11,4,32
2026-02-27,S5,P11,4,28
2026-02-28,S5,P11,3,25
2026-03-01,S5,P11,3,22
2026-03-02,S5,P11,1,21
2026-03-03,S5,P11,1,20
2026-03-04,S5,P11,4,16
2026-03-05,S5,P11,4,12
2026-03-06,S5,P11,3,9
2026-03-07,S5,P11,5,42
2026-03-08,S5,P11,2,40
2026-03-09,S5,P11,2,38
2026-03-10,S5,P11,6,32
2026-03-11,S5,P11,1,31
2026-03-12,S5,P11,2,29
2026-03-13,S5,P11,2,27
2026-03-14,S5,P11,0,27
2025-09-01,S5,P12,0,8
2025-09-02,S5,P12,1,7
2025-09-03,S5,P12,0,7
2025-09-04,S5,P12,1,6
2025-09-05,S5,P12,0,6
2025-09-06,S5,P12,1,5
2025-09-07,S5,P12,0,5
2025-09-08,S5,P12,0,5
2025-09-09,S5,P12,1,4
2025-09-10,S5,P12,0,4
2025-09-11,S5,P12,0,4
2025-09-12,S5,P12,0,4
2025-09-13,S5,P12,2,12
2025-09-14,S5,P12,0,12
2025-09-15,S5,P12,0,12
2025-09-16,S5,P12,0,12
2025-09-17,S5,P12,0,12
2025-09-18,S5,P12,0,12
2025-09-19,S5,P12,1,11
2025-09-20,S5,P12,0,11
2025-09-21,S5,P12,0,11
2025-09-22,S5,P12,0,11
2025-09-23,S5,P12,0,11
2025-09-24,S5,P12,0,11
2025-09-25,S5,P12,0,11
2025-09-26,S5,P12,0,11
2025-09-27,S5,P12,1,10
2025-09-28,S5,P12,0,10
2025-09-29,S5,P12,0,10
2025-09-30,S5,P12,0,10
2025-10-01,S5,P12,1,9
2025-10-02,S5,P12,0,9
2025-10-03,S5,P12,1,8
2025-10-04,S5,P12,0,8
2025-10-05,S5,P12,0,8
2025-10-06,S5,P12,0,8
2025-10-07,S5,P12,0,8
2025-10-08,S5,P12,0,8
2025-10-09,S5,P12,0,8
2025-10-10,S5,P12,0,8
2025-10-11,S5,P12,0,8
2025-10-12,S5,P12,0,8
2025-10-13,S5,P12,0,8
2025-10-14,S5,P12,0,8
2025-10-15,S5,P12,2,6
2025-10-16,S5,P12,0,6
2025-10-17,S5,P12,0,6
2025-10-18,S5,P12,0,6
2025-10-19,S5,P12,0,6
2025-10-20,S5,P12,1,5
2025-10-21,S5,P12,0,5
2025-10-22,S5,P12,0,5
2025-10-23,S5,P12,0,5
2025-10-24,S5,P12,0,5
2025-10-25,S5,P12,0,5
2025-10-26,S5,P12,1,4
2025-10-27,S5,P12,1,3
2025-10-28,S5,P12,0,3
2025-10-29,S5,P12,1,12
2025-10-30,S5,P12,0,12
2025-10-31,S5,P12,0,12
2025-11-01,S5,P12,0,12
2025-11-02,S5,P12,0,12
2025-11-03,S5,P12,0,12
2025-11-04,S5,P12,0,12
2025-11-05,S5,P12,1,11
2025-11-06,S5,P12,0,11
2025-11-07,S5,P12,0,11
2025-11-08,S5,P12,0,11
2025-11-09,S5,P12,0,11
2025-11-10,S5,P12,1,10
2025-11-11,S5,P12,0,10
2025-11-12,S5,P12,0,10
2025-11-13,S5,P12,0,10
2025-11-14,S5,P12,1,9
2025-11-15,S5,P12,1,8
2025-11-16,S5,P12,0,8
2025-11-17,S5,P12,1,7
2025-11-18,S5,P12,0,7
2025-11-19,S5,P12,0,7
2025-11-20,S5,P12,0,7
2025-11-21,S5,P12,0,7
2025-11-22,S5,P12,0,7
2025-11-23,S5,P12,0,7
2025-11-24,S5,P12,2,5
2025-11-25,S5,P12,2,3
2025-11-26,S5,P12,1,12
2025-11-27,S5,P12,0,12
2025-11-28,S5,P12,0,12
2025-11-29,S5,P12,2,10
2025-11-30,S5,P12,0,10
2025-12-01,S5,P12,0,10
2025-12-02,S5,P12,0,10
2025-12-03,S5,P12,0,10
2025-12-04,S5,P12,0,10
2025-12-05,S5,P12,1,9
2025-12-06,S5,P12,0,9
2025-12-07,S5,P12,2,7
2025-12-08,S5,P12,0,7
2025-12-09,S5,P12,0,7
2025-12-10,S5,P12,0,7
2025-12-11,S5,P12,0,7
2025-12-12,S5,P12,0,7
2025-12-13,S5,P12,0,7
2025-12-14,S5,P12,0,7
2025-12-15,S5,P12,0,7
2025-12-16,S5,P12,1,6
2025-12-17,S5,P12,0,6
2025-12-18,S5,P12,1,5
2025-12-19,S5,P12,0,5
2025-12-20,S5,P12,0,5
2025-12-21,S5,P12,0,5
2025-12-22,S5,P12,0,5
2025-12-23,S5,P12,0,5
2025-12-24,S5,P12,0,5
2025-12-25,S5,P12,0,5
2025-12-26,S5,P12,0,5
2025-12-27,S5,P12,0,5
2025-12-28,S5,P12,0,5
2025-12-29,S5,P12,0,5
2025-12-30,S5,P12,0,5
2025-12-31,S5,P12,2,3
2026-01-01,S5,P12,0,3
2026-01-02,S5,P12,1,12
2026-01-03,S5,P12,0,12
2026-01-04,S5,P12,0,12
2026-01-05,S5,P12,0,12
2026-01-06,S5,P12,0,12
2026-01-07,S5,P12,0,12
2026-01-08,S5,P12,0,12
2026-01-09,S5,P12,0,12
2026-01-10,S5,P12,0,12
2026-01-11,S5,P12,0,12
2026-01-12,S5,P12,2,10
2026-01-13,S5,P12,0,10
2026-01-14,S5,P12,0,10
2026-01-15,S5,P12,0,10
2026-01-16,S5,P12,0,10
2026-01-17,S5,P12,0,10
2026-01-18,S5,P12,0,10
2026-01-19,S5,P12,0,10
2026-01-20,S5,P12,1,9
2026-01-21,S5,P12,0,9
2026-01-22,S5,P12,1,8
2026-01-23,S5,P12,0,8
2026-01-24,S5,P12,0,8
2026-01-25,S5,P12,0,8
2026-01-26,S5,P12,0,8
2026-01-27,S5,P12,0,8
2026-01-28,S5,P12,0,8
2026-01-29,S5,P12,0,8
2026-01-30,S5,P12,0,8
2026-01-31,S5,P12,0,8
2026-02-01,S5,P12,0,8
2026-02-02,S5,P12,0,8
2026-02-03,S5,P12,0,8
2026-02-04,S5,P12,0,8
2026-02-05,S5,P12,0,8
2026-02-06,S5,P12,0,8
2026-02-07,S5,P12,1,7
2026-02-08,S5,P12,0,7
2026-02-09,S5,P12,0,7
2026-02-10,S5,P12,0,7
2026-02-11,S5,P12,0,7
2026-02-12,S5,P12,0,7
2026-02-13,S5,P12,1,6
2026-02-14,S5,P12,0,6
2026-02-15,S5,P12,1,5
2026-02-16,S5,P12,0,5
2026-02-17,S5,P12,2,3
2026-02-18,S5,P12,1,12
2026-02-19,S5,P12,0,12
2026-02-20,S5,P12,0,12
2026-02-21,S5,P12,0,12
2026-02-22,S5,P12,0,12
2026-02-23,S5,P12,0,12
2026-02-24,S5,P12,0,12
2026-02-25,S5,P12,0,12
2026-02-26,S5,P12,0,12
2026-02-27,S5,P12,0,12
2026-02-28,S5,P12,0,12
2026-03-01,S5,P12,0,12
2026-03-02,S5,P12,0,12
2026-03-03,S5,P12,0,12
2026-03-04,S5,P12,1,11
2026-03-05,S5,P12,0,11
2026-03-06,S5,P12,0,11
2026-03-07,S5,P12,0,11
2026-03-08,S5,P12,3,8
2026-03-09,S5,P12,0,8
2026-03-10,S5,P12,0,8
2026-03-11,S5,P12,0,8
2026-03-12,S5,P12,0,8
2026-03-13,S5,P12,0,8
2026-03-14,S5,P12,1,7
2025-09-01,S5,P13,6,113
2025-09-02,S5,P13,6,107
2025-09-03,S5,P13,4,103
2025-09-04,S5,P13,5,98
2025-09-05,S5,P13,7,91
2025-09-06,S5,P13,8,83
2025-09-07,S5,P13,6,77
2025-09-08,S5,P13,5,72
2025-09-09,S5,P13,7,65
2025-09-10,S5,P13,3,62
2025-09-11,S5,P13,6,56
2025-09-12,S5,P13,11,45
2025-09-13,S5,P13,3,42
2025-09-14,S5,P13,4,38
2025-09-15,S5,P13,5,33
2025-09-16,S5,P13,4,29
2025-09-17,S5,P13,6,23
2025-09-18,S5,P13,5,18
2025-09-19,S5,P13,8,72
2025-09-20,S5,P13,10,62
2025-09-21,S5,P13,5,57
2025-09-22,S5,P13,8,49
2025-09-23,S5,P13,7,42
2025-09-24,S5,P13,9,33
2025-09-25,S5,P13,3,30
2025-09-26,S5,P13,7,23
2025-09-27,S5,P13,6,17
2025-09-28,S5,P13,13,104
2025-09-29,S5,P13,3,101
2025-09-30,S5,P13,8,93
2025-10-01,S5,P13,4,89
2025-10-02,S5,P13,12,77
2025-10-03,S5,P13,7,70
2025-10-04,S5,P13,8,62
2025-10-05,S5,P13,7,55
2025-10-06,S5,P13,3,52
2025-10-07,S5,P13,3,49
2025-10-08,S5,P13,5,44
2025-10-09,S5,P13,7,37
2025-10-10,S5,P13,6,31
2025-10-11,S5,P13,4,27
2025-10-12,S5,P13,7,20
2025-10-13,S5,P13,5,62
2025-10-14,S5,P13,10,52
2025-10-15,S5,P13,7,45
2025-10-16,S5,P13,4,41
2025-10-17,S5,P13,5,36
2025-10-18,S5,P13,7,29
2025-10-19,S5,P13,6,23
2025-10-20,S5,P13,3,20
2025-10-21,S5,P13,5,94
2025-10-22,S5,P13,1,93
2025-10-23,S5,P13,5,88
2025-10-24,S5,P13,11,77
2025-10-25,S5,P13,6,71
2025-10-26,S5,P13,4,67
2025-10-27,S5,P13,5,62
2025-10-28,S5,P13,6,56
2025-10-29,S5,P13,4,52
2025-10-30,S5,P13,5,47
2025-10-31,S5,P13,10,37
2025-11-01,S5,P13,8,29
2025-11-02,S5,P13,4,25
2025-11-03,S5,P13,7,18
2025-11-04,S5,P13,7,110
2025-11-05,S5,P13,9,101
2025-11-06,S5,P13,7,94
2025-11-07,S5,P13,11,83
2025-11-08,S5,P13,10,73
2025-11-09,S5,P13,10,63
2025-11-10,S5,P13,4,59
2025-11-11,S5,P13,6,53
2025-11-12,S5,P13,8,45
2025-11-13,S5,P13,2,43
2025-11-14,S5,P13,5,38
2025-11-15,S5,P13,5,33
2025-11-16,S5,P13,6,27
2025-11-17,S5,P13,6,21
2025-11-18,S5,P13,5,94
2025-11-19,S5,P13,6,88
2025-11-20,S5,P13,5,83
2025-11-21,S5,P13,11,72
2025-11-22,S5,P13,11,61
2025-11-23,S5,P13,6,55
2025-11-24,S5,P13,7,48
2025-11-25,S5,P13,4,44
2025-11-26,S5,P13,4,40
2025-11-27,S5,P13,6,34
2025-11-28,S5,P13,6,28
2025-11-29,S5,P13,4,24
2025-11-30,S5,P13,3,21
2025-12-01,S5,P13,3,18
2025-12-02,S5,P13,5,116
2025-12-03,S5,P13,4,112
2025-12-04,S5,P13,4,108
2025-12-05,S5,P13,10,98
2025-12-06,S5,P13,7,91
2025-12-07,S5,P13,3,88
2025-12-08,S5,P13,5,83
2025-12-09,S5,P13,3,80
2025-12-10,S5,P13,4,76
2025-12-11,S5,P13,7,69
2025-12-12,S5,P13,4,65
2025-12-13,S5,P13,8,57
2025-12-14,S5,P13,3,54
2025-12-15,S5,P13,6,48
2025-12-16,S5,P13,5,43
2025-12-17,S5,P13,9,34
2025-12-18,S5,P13,6,28
2025-12-19,S5,P13,11,17
2025-12-20,S5,P13,8,104
2025-12-21,S5,P13,6,98
2025-12-22,S5,P13,3,95
2025-12-23,S5,P13,8,87
2025-12-24,S5,P13,8,79
2025-12-25,S5,P13,9,70
2025-12-26,S5,P13,7,63
2025-12-27,S5,P13,12,51
2025-12-28,S5,P13,7,44
2025-12-29,S5,P13,4,40
2025-12-30,S5,P13,7,33
2025-12-31,S5,P13,7,26
2026-01-01,S5,P13,3,23
2026-01-02,S5,P13,4,19
2026-01-03,S5,P13,5,89
2026-01-04,S5,P13,4,85
2026-01-05,S5,P13,5,80
2026-01-06,S5,P13,7,73
2026-01-07,S5,P13,5,68
2026-01-08,S5,P13,8,60
2026-01-09,S5,P13,9,51
2026-01-10,S5,P13,9,42
2026-01-11,S5,P13,3,39
2026-01-12,S5,P13,7,32
2026-01-13,S5,P13,8,24
2026-01-14,S5,P13,10,90
2026-01-15,S5,P13,6,84
2026-01-16,S5,P13,4,80
2026-01-17,S5,P13,6,74
2026-01-18,S5,P13,10,64
2026-01-19,S5,P13,4,60
2026-01-20,S5,P13,7,53
2026-01-21,S5,P13,4,49
2026-01-22,S5,P13,3,46
2026-01-23,S5,P13,8,38
2026-01-24,S5,P13,8,30
2026-01-25,S5,P13,4,26
2026-01-26,S5,P13,6,20
2026-01-27,S5,P13,2,18
2026-01-28,S5,P13,1,17
2026-01-29,S5,P13,8,85
2026-01-30,S5,P13,6,79
2026-01-31,S5,P13,13,66
2026-02-01,S5,P13,5,61
2026-02-02,S5,P13,5,56
2026-02-03,S5,P13,7,49
2026-02-04,S5,P13,12,37
2026-02-05,S5,P13,8,29
2026-02-06,S5,P13,9,20
2026-02-07,S5,P13,19,83
2026-02-08,S5,P13,6,77
2026-02-09,S5,P13,3,74
2026-02-10,S5,P13,6,68
2026-02-11,S5,P13,7,61
2026-02-12,S5,P13,5,56
2026-02-13,S5,P13,12,44
2026-02-14,S5,P13,5,39
2026-02-15,S5,P13,3,36
2026-02-16,S5,P13,5,31
2026-02-17,S5,P13,3,28
2026-02-18,S5,P13,5,23
2026-02-19,S5,P13,10,66
2026-02-20,S5,P13,11,55
2026-02-21,S5,P13,4,51
2026-02-22,S5,P13,5,46
2026-02-23,S5,P13,3,43
2026-02-24,S5,P13,7,36
2026-02-25,S5,P13,6,30
2026-02-26,S5,P13,3,27
2026-02-27,S5,P13,9,18
2026-02-28,S5,P13,5,63
2026-03-01,S5,P13,5,58
2026-03-02,S5,P13,10,48
2026-03-03,S5,P13,2,46
2026-03-04,S5,P13,6,40
2026-03-05,S5,P13,8,32
2026-03-06,S5,P13,6,26
2026-03-07,S5,P13,9,17
2026-03-08,S5,P13,3,74
2026-03-09,S5,P13,9,65
2026-03-10,S5,P13,6,59
2026-03-11,S5,P13,9,50
2026-03-12,S5,P13,0,50
2026-03-13,S5,P13,6,44
2026-03-14,S5,P13,9,35
2025-09-01,S5,P14,1,27
2025-09-02,S5,P14,3,24
2025-09-03,S5,P14,0,24
2025-09-04,S5,P14,0,24
2025-09-05,S5,P14,0,24
2025-09-06,S5,P14,0,24
2025-09-07,S5,P14,2,22
2025-09-08,S5,P14,3,19
2025-09-09,S5,P14,2,17
2025-09-10,S5,P14,0,17
2025-09-11,S5,P14,2,15
2025-09-12,S5,P14,2,13
2025-09-13,S5,P14,0,13
2025-09-14,S5,P14,1,12
2025-09-15,S5,P14,1,11
2025-09-16,S5,P14,4,7
2025-09-17,S5,P14,5,17
2025-09-18,S5,P14,2,15
2025-09-19,S5,P14,2,13
2025-09-20,S5,P14,1,12
2025-09-21,S5,P14,1,11
2025-09-22,S5,P14,1,10
2025-09-23,S5,P14,2,8
2025-09-24,S5,P14,1,7
2025-09-25,S5,P14,2,5
2025-09-26,S5,P14,3,19
2025-09-27,S5,P14,1,18
2025-09-28,S5,P14,3,15
2025-09-29,S5,P14,2,13
2025-09-30,S5,P14,0,13
2025-10-01,S5,P14,3,10
2025-10-02,S5,P14,2,8
2025-10-03,S5,P14,3,5
2025-10-04,S5,P14,4,17
2025-10-05,S5,P14,1,16
2025-10-06,S5,P14,0,16
2025-10-07,S5,P14,2,14
2025-10-08,S5,P14,0,14
2025-10-09,S5,P14,2,12
2025-10-10,S5,P14,2,10
2025-10-11,S5,P14,2,8
2025-10-12,S5,P14,1,7
2025-10-13,S5,P14,1,6
2025-10-14,S5,P14,3,23
2025-10-15,S5,P14,2,21
2025-10-16,S5,P14,1,20
2025-10-17,S5,P14,3,17
2025-10-18,S5,P14,1,16
2025-10-19,S5,P14,0,16
2025-10-20,S5,P14,0,16
2025-10-21,S5,P14,2,14
2025-10-22,S5,P14,2,12
2025-10-23,S5,P14,2,10
2025-10-24,S5,P14,1,9
2025-10-25,S5,P14,3,6
2025-10-26,S5,P14,3,35
2025-10-27,S5,P14,3,32
2025-10-28,S5,P14,5,27
2025-10-29,S5,P14,2,25
2025-10-30,S5,P14,1,24
2025-10-31,S5,P14,2,22
2025-11-01,S5,P14,3,19
2025-11-02,S5,P14,0,19
2025-11-03,S5,P14,2,17
2025-11-04,S5,P14,2,15
2025-11-05,S5,P14,0,15
2025-11-06,S5,P14,2,13
2025-11-07,S5,P14,2,11
2025-11-08,S5,P14,1,10
2025-11-09,S5,P14,1,9
2025-11-10,S5,P14,3,6
2025-11-11,S5,P14,3,33
2025-11-12,S5,P14,1,32
2025-11-13,S5,P14,0,32
2025-11-14,S5,P14,0,32
2025-11-15,S5,P14,2,30
2025-11-16,S5,P14,6,24
2025-11-17,S5,P14,4,20
2025-11-18,S5,P14,5,15
2025-11-19,S5,P14,0,15
2025-11-20,S5,P14,3,12
2025-11-21,S5,P14,2,10
2025-11-22,S5,P14,1,9
2025-11-23,S5,P14,1,8
2025-11-24,S5,P14,1,7
2025-11-25,S5,P14,2,5
2025-11-26,S5,P14,0,5
2025-11-27,S5,P14,3,23
2025-11-28,S5,P14,1,22
2025-11-29,S5,P14,3,19
2025-11-30,S5,P14,2,17
2025-12-01,S5,P14,2,15
2025-12-02,S5,P14,2,13
2025-12-03,S5,P14,3,10
2025-12-04,S5,P14,1,9
2025-12-05,S5,P14,6,25
2025-12-06,S5,P14,1,24
2025-12-07,S5,P14,3,21
2025-12-08,S5,P14,0,21
2025-12-09,S5,P14,3,18
2025-12-10,S5,P14,2,16
2025-12-11,S5,P14,3,13
2025-12-12,S5,P14,6,7
2025-12-13,S5,P14,4,34
2025-12-14,S5,P14,2,32
2025-12-15,S5,P14,2,30
2025-12-16,S5,P14,2,28
2025-12-17,S5,P14,1,27
2025-12-18,S5,P14,2,25
2025-12-19,S5,P14,3,22
2025-12-20,S5,P14,1,21
2025-12-21,S5,P14,0,21
2025-12-22,S5,P14,0,21
2025-12-23,S5,P14,1,20
2025-12-24,S5,P14,0,20
2025-12-25,S5,P14,4,16
2025-12-26,S5,P14,0,16
2025-12-27,S5,P14,2,14
2025-12-28,S5,P14,1,13
2025-12-29,S5,P14,2,11
2025-12-30,S5,P14,2,9
2025-12-31,S5,P14,1,8
2026-01-01,S5,P14,1,7
2026-01-02,S5,P14,1,6
2026-01-03,S5,P14,4,23
2026-01-04,S5,P14,3,20
2026-01-05,S5,P14,0,20
2026-01-06,S5,P14,3,17
2026-01-07,S5,P14,2,15
2026-01-08,S5,P14,1,14
2026-01-09,S5,P14,1,13
2026-01-10,S5,P14,6,7
2026-01-11,S5,P14,2,5
2026-01-12,S5,P14,2,21
2026-01-13,S5,P14,1,20
2026-01-14,S5,P14,4,16
2026-01-15,S5,P14,6,10
2026-01-16,S5,P14,6,27
2026-01-17,S5,P14,3,24
2026-01-18,S5,P14,1,23
2026-01-19,S5,P14,1,22
2026-01-20,S5,P14,3,19
2026-01-21,S5,P14,2,17
2026-01-22,S5,P14,0,17
2026-01-23,S5,P14,4,13
2026-01-24,S5,P14,5,8
2026-01-25,S5,P14,0,8
2026-01-26,S5,P14,1,7
2026-01-27,S5,P14,1,6
2026-01-28,S5,P14,2,30
2026-01-29,S5,P14,3,27
2026-01-30,S5,P14,4,23
2026-01-31,S5,P14,3,20
2026-02-01,S5,P14,0,20
2026-02-02,S5,P14,0,20
2026-02-03,S5,P14,0,20
2026-02-04,S5,P14,1,19
2026-02-05,S5,P14,1,18
2026-02-06,S5,P14,0,18
2026-02-07,S5,P14,0,18
2026-02-08,S5,P14,0,18
2026-02-09,S5,P14,0,18
2026-02-10,S5,P14,0,18
2026-02-11,S5,P14,3,15
2026-02-12,S5,P14,0,15
2026-02-13,S5,P14,2,13
2026-02-14,S5,P14,0,13
2026-02-15,S5,P14,0,13
2026-02-16,S5,P14,0,13
2026-02-17,S5,P14,0,13
2026-02-18,S5,P14,0,13
2026-02-19,S5,P14,0,13
2026-02-20,S5,P14,0,13
2026-02-21,S5,P14,0,13
2026-02-22,S5,P14,0,13
2026-02-23,S5,P14,0,13
2026-02-24,S5,P14,1,12
2026-02-25,S5,P14,0,12
2026-02-26,S5,P14,0,12
2026-02-27,S5,P14,0,12
2026-02-28,S5,P14,1,11
2026-03-01,S5,P14,0,11
2026-03-02,S5,P14,1,10
2026-03-03,S5,P14,0,10
2026-03-04,S5,P14,1,9
2026-03-05,S5,P14,0,9
2026-03-06,S5,P14,0,9
2026-03-07,S5,P14,0,9
2026-03-08,S5,P14,0,9
2026-03-09,S5,P14,1,8
2026-03-10,S5,P14,0,8
2026-03-11,S5,P14,0,8
2026-03-12,S5,P14,0,8
2026-03-13,S5,P14,0,8
2026-03-14,S5,P14,1,7
2025-09-01,S5,P15,3,47
2025-09-02,S5,P15,2,45
2025-09-03,S5,P15,5,40
2025-09-04,S5,P15,1,39
2025-09-05,S5,P15,3,36
2025-09-06,S5,P15,9,27
2025-09-07,S5,P15,1,26
2025-09-08,S5,P15,2,24
2025-09-09,S5,P15,7,17
2025-09-10,S5,P15,4,13
2025-09-11,S5,P15,5,57
2025-09-12,S5,P15,6,51
2025-09-13,S5,P15,5,46
2025-09-14,S5,P15,2,44
2025-09-15,S5,P15,2,42
2025-09-16,S5,P15,4,38
2025-09-17,S5,P15,2,36
2025-09-18,S5,P15,1,35
2025-09-19,S5,P15,6,29
2025-09-20,S5,P15,4,25
2025-09-21,S5,P15,4,21
2025-09-22,S5,P15,1,20
2025-09-23,S5,P15,5,15
2025-09-24,S5,P15,6,9
2025-09-25,S5,P15,6,50
2025-09-26,S5,P15,3,47
2025-09-27,S5,P15,5,42
2025-09-28,S5,P15,2,40
2025-09-29,S5,P15,3,37
2025-09-30,S5,P15,2,35
2025-10-01,S5,P15,2,33
2025-10-02,S5,P15,2,31
2025-10-03,S5,P15,2,29
2025-10-04,S5,P15,9,20
2025-10-05,S5,P15,2,18
2025-10-06,S5,P15,3,15
2025-10-07,S5,P15,2,13
2025-10-08,S5,P15,4,9
2025-10-09,S5,P15,1,66
2025-10-10,S5,P15,4,62
2025-10-11,S5,P15,4,58
2025-10-12,S5,P15,3,55
2025-10-13,S5,P15,3,52
2025-10-14,S5,P15,1,51
2025-10-15,S5,P15,2,49
2025-10-16,S5,P15,4,45
2025-10-17,S5,P15,5,40
2025-10-18,S5,P15,5,35
2025-10-19,S5,P15,0,35
2025-10-20,S5,P15,2,33
2025-10-21,S5,P15,3,30
2025-10-22,S5,P15,2,28
2025-10-23,S5,P15,6,22
2025-10-24,S5,P15,3,19
2025-10-25,S5,P15,6,13
2025-10-26,S5,P15,3,10
2025-10-27,S5,P15,7,29
2025-10-28,S5,P15,6,23
2025-10-29,S5,P15,3,20
2025-10-30,S5,P15,0,20
2025-10-31,S5,P15,5,15
2025-11-01,S5,P15,4,11
2025-11-02,S5,P15,3,47
2025-11-03,S5,P15,5,42
2025-11-04,S5,P15,1,41
2025-11-05,S5,P15,2,39
2025-11-06,S5,P15,5,34
2025-11-07,S5,P15,5,29
2025-11-08,S5,P15,3,26
2025-11-09,S5,P15,4,22
2025-11-10,S5,P15,1,21
2025-11-11,S5,P15,6,15
2025-11-12,S5,P15,5,10
2025-11-13,S5,P15,2,38
2025-11-14,S5,P15,4,34
2025-11-15,S5,P15,2,32
2025-11-16,S5,P15,5,27
2025-11-17,S5,P15,2,25
2025-11-18,S5,P15,2,23
2025-11-19,S5,P15,3,20
2025-11-20,S5,P15,3,17
2025-11-21,S5,P15,3,14
2025-11-22,S5,P15,3,11
2025-11-23,S5,P15,2,9
2025-11-24,S5,P15,3,39
2025-11-25,S5,P15,4,35
2025-11-26,S5,P15,2,33
2025-11-27,S5,P15,3,30
2025-11-28,S5,P15,8,22
2025-11-29,S5,P15,5,17
2025-11-30,S5,P15,4,13
2025-12-01,S5,P15,5,50
2025-12-02,S5,P15,7,43
2025-12-03,S5,P15,0,43
2025-12-04,S5,P15,4,39
2025-12-05,S5,P15,3,36
2025-12-06,S5,P15,5,31
2025-12-07,S5,P15,4,27
2025-12-08,S5,P15,2,25
2025-12-09,S5,P15,4,21
2025-12-10,S5,P15,0,21
2025-12-11,S5,P15,5,16
2025-12-12,S5,P15,7,9
2025-12-13,S5,P15,2,57
2025-12-14,S5,P15,5,52
2025-12-15,S5,P15,0,52
2025-12-16,S5,P15,1,51
2025-12-17,S5,P15,3,48
2025-12-18,S5,P15,5,43
2025-12-19,S5,P15,6,37
2025-12-20,S5,P15,6,31
2025-12-21,S5,P15,1,30
2025-12-22,S5,P15,4,26
2025-12-23,S5,P15,6,20
2025-12-24,S5,P15,7,13
2025-12-25,S5,P15,4,9
2025-12-26,S5,P15,2,53
2025-12-27,S5,P15,3,50
2025-12-28,S5,P15,6,44
2025-12-29,S5,P15,0,44
2025-12-30,S5,P15,2,42
2025-12-31,S5,P15,3,39
2026-01-01,S5,P15,5,34
2026-01-02,S5,P15,5,29
2026-01-03,S5,P15,3,26
2026-01-04,S5,P15,6,20
2026-01-05,S5,P15,3,17
2026-01-06,S5,P15,2,15
2026-01-07,S5,P15,2,13
2026-01-08,S5,P15,3,10
2026-01-09,S5,P15,5,57
2026-01-10,S5,P15,3,54
2026-01-11,S5,P15,2,52
2026-01-12,S5,P15,6,46
2026-01-13,S5,P15,4,42
2026-01-14,S5,P15,2,40
2026-01-15,S5,P15,1,39
2026-01-16,S5,P15,2,37
2026-01-17,S5,P15,2,35
2026-01-18,S5,P15,7,28
2026-01-19,S5,P15,1,27
2026-01-20,S5,P15,2,25
2026-01-21,S5,P15,4,21
2026-01-22,S5,P15,0,21
2026-01-23,S5,P15,3,18
2026-01-24,S5,P15,3,15
2026-01-25,S5,P15,7,59
2026-01-26,S5,P15,0,59
2026-01-27,S5,P15,6,53
2026-01-28,S5,P15,2,51
2026-01-29,S5,P15,5,46
2026-01-30,S5,P15,5,41
2026-01-31,S5,P15,4,37
2026-02-01,S5,P15,5,32
2026-02-02,S5,P15,4,28
2026-02-03,S5,P15,4,24
2026-02-04,S5,P15,3,21
2026-02-05,S5,P15,3,18
2026-02-06,S5,P15,3,15
2026-02-07,S5,P15,2,13
2026-02-08,S5,P15,3,10
2026-02-09,S5,P15,3,50
2026-02-10,S5,P15,4,46
2026-02-11,S5,P15,4,42
2026-02-12,S5,P15,3,39
2026-02-13,S5,P15,7,32
2026-02-14,S5,P15,6,26
2026-02-15,S5,P15,3,23
2026-02-16,S5,P15,1,22
2026-02-17,S5,P15,5,17
2026-02-18,S5,P15,7,10
2026-02-19,S5,P15,2,48
2026-02-20,S5,P15,2,46
2026-02-21,S5,P15,3,43
2026-02-22,S5,P15,4,39
2026-02-23,S5,P15,2,37
2026-02-24,S5,P15,2,35
2026-02-25,S5,P15,3,32
2026-02-26,S5,P15,2,30
2026-02-27,S5,P15,3,27
2026-02-28,S5,P15,5,22
2026-03-01,S5,P15,3,19
2026-03-02,S5,P15,3,16
2026-03-03,S5,P15,5,11
2026-03-04,S5,P15,7,58
2026-03-05,S5,P15,2,56
2026-03-06,S5,P15,4,52
2026-03-07,S5,P15,8,44
2026-03-08,S5,P15,4,40
2026-03-09,S5,P15,2,38
2026-03-10,S5,P15,3,35
2026-03-11,S5,P15,1,34
2026-03-12,S5,P15,2,32
2026-03-13,S5,P15,4,28
2026-03-14,S5,P15,2,26
2025-09-01,S5,P16,0,45
2025-09-02,S5,P16,2,43
2025-09-03,S5,P16,1,42
2025-09-04,S5,P16,1,41
2025-09-05,S5,P16,4,37
2025-09-06,S5,P16,5,32
2025-09-07,S5,P16,3,29
2025-09-08,S5,P16,2,27
2025-09-09,S5,P16,0,27
2025-09-10,S5,P16,2,25
2025-09-11,S5,P16,3,22
2025-09-12,S5,P16,6,16
2025-09-13,S5,P16,5,11
2025-09-14,S5,P16,3,8
2025-09-15,S5,P16,5,29
2025-09-16,S5,P16,2,27
2025-09-17,S5,P16,1,26
2025-09-18,S5,P16,3,23
2025-09-19,S5,P16,1,22
2025-09-20,S5,P16,2,20
2025-09-21,S5,P16,2,18
2025-09-22,S5,P16,2,16
2025-09-23,S5,P16,2,14
2025-09-24,S5,P16,2,12
2025-09-25,S5,P16,2,10
2025-09-26,S5,P16,1,9
2025-09-27,S5,P16,2,37
2025-09-28,S5,P16,2,35
2025-09-29,S5,P16,3,32
2025-09-30,S5,P16,2,30
2025-10-01,S5,P16,4,26
2025-10-02,S5,P16,4,22
2025-10-03,S5,P16,4,18
2025-10-04,S5,P16,3,15
2025-10-05,S5,P16,3,12
2025-10-06,S5,P16,1,11
2025-10-07,S5,P16,3,8
2025-10-08,S5,P16,2,37
2025-10-09,S5,P16,2,35
2025-10-10,S5,P16,4,31
2025-10-11,S5,P16,4,27
2025-10-12,S5,P16,4,23
2025-10-13,S5,P16,4,19
2025-10-14,S5,P16,1,18
2025-10-15,S5,P16,2,16
2025-10-16,S5,P16,3,13
2025-10-17,S5,P16,3,10
2025-10-18,S5,P16,1,9
2025-10-19,S5,P16,3,52
2025-10-20,S5,P16,4,48
2025-10-21,S5,P16,1,47
2025-10-22,S5,P16,1,46
2025-10-23,S5,P16,2,44
2025-10-24,S5,P16,5,39
2025-10-25,S5,P16,1,38
2025-10-26,S5,P16,3,35
2025-10-27,S5,P16,2,33
2025-10-28,S5,P16,4,29
2025-10-29,S5,P16,2,27
2025-10-30,S5,P16,2,25
2025-10-31,S5,P16,4,21
2025-11-01,S5,P16,5,16
2025-11-02,S5,P16,3,13
2025-11-03,S5,P16,3,10
2025-11-04,S5,P16,3,38
2025-11-05,S5,P16,1,37
2025-11-06,S5,P16,3,34
2025-11-07,S5,P16,1,33
2025-11-08,S5,P16,2,31
2025-11-09,S5,P16,1,30
2025-11-10,S5,P16,3,27
2025-11-11,S5,P16,4,23
2025-11-12,S5,P16,1,22
2025-11-13,S5,P16,5,17
2025-11-14,S5,P16,4,13
2025-11-15,S5,P16,2,11
2025-11-16,S5,P16,1,10
2025-11-17,S5,P16,2,8
2025-11-18,S5,P16,6,46
2025-11-19,S5,P16,4,42
2025-11-20,S5,P16,0,42
2025-11-21,S5,P16,4,38
2025-11-22,S5,P16,5,33
2025-11-23,S5,P16,3,30
2025-11-24,S5,P16,0,30
2025-11-25,S5,P16,2,28
2025-11-26,S5,P16,2,26
2025-11-27,S5,P16,6,20
2025-11-28,S5,P16,5,15
2025-11-29,S5,P16,1,14
2025-11-30,S5,P16,4,10
2025-12-01,S5,P16,2,8
2025-12-02,S5,P16,2,31
2025-12-03,S5,P16,3,28
2025-12-04,S5,P16,2,26
2025-12-05,S5,P16,7,19
2025-12-06,S5,P16,3,16
2025-12-07,S5,P16,2,14
2025-12-08,S5,P16,7,50
2025-12-09,S5,P16,3,47
2025-12-10,S5,P16,2,45
2025-12-11,S5,P16,5,40
2025-12-12,S5,P16,6,34
2025-12-13,S5,P16,6,28
2025-12-14,S5,P16,4,24
2025-12-15,S5,P16,5,19
2025-12-16,S5,P16,3,16
2025-12-17,S5,P16,1,15
2025-12-18,S5,P16,3,12
2025-12-19,S5,P16,7,46
2025-12-20,S5,P16,7,39
2025-12-21,S5,P16,4,35
2025-12-22,S5,P16,1,34
2025-12-23,S5,P16,2,32
2025-12-24,S5,P16,1,31
2025-12-25,S5,P16,2,29
2025-12-26,S5,P16,2,27
2025-12-27,S5,P16,5,22
2025-12-28,S5,P16,4,18
2025-12-29,S5,P16,3,15
2025-12-30,S5,P16,7,8
2025-12-31,S5,P16,1,48
2026-01-01,S5,P16,3,45
2026-01-02,S5,P16,10,35
2026-01-03,S5,P16,3,32
2026-01-04,S5,P16,6,26
2026-01-05,S5,P16,2,24
2026-01-06,S5,P16,5,19
2026-01-07,S5,P16,2,17
2026-01-08,S5,P16,0,17
2026-01-09,S5,P16,3,14
2026-01-10,S5,P16,4,10
2026-01-11,S5,P16,0,10
2026-01-12,S5,P16,3,40
2026-01-13,S5,P16,1,39
2026-01-14,S5,P16,2,37
2026-01-15,S5,P16,1,36
2026-01-16,S5,P16,5,31
2026-01-17,S5,P16,7,24
2026-01-18,S5,P16,3,21
2026-01-19,S5,P16,2,19
2026-01-20,S5,P16,2,17
2026-01-21,S5,P16,4,13
2026-01-22,S5,P16,6,47
2026-01-23,S5,P16,3,44
2026-01-24,S5,P16,3,41
2026-01-25,S5,P16,4,37
2026-01-26,S5,P16,2,35
2026-01-27,S5,P16,0,35
2026-01-28,S5,P16,2,33
2026-01-29,S5,P16,3,30
2026-01-30,S5,P16,1,29
2026-01-31,S5,P16,1,28
2026-02-01,S5,P16,2,26
2026-02-02,S5,P16,2,24
2026-02-03,S5,P16,3,21
2026-02-04,S5,P16,2,19
2026-02-05,S5,P16,2,17
2026-02-06,S5,P16,3,14
2026-02-07,S5,P16,4,10
2026-02-08,S5,P16,2,8
2026-02-09,S5,P16,3,28
2026-02-10,S5,P16,1,27
2026-02-11,S5,P16,3,24
2026-02-12,S5,P16,0,24
2026-02-13,S5,P16,2,22
2026-02-14,S5,P16,3,19
2026-02-15,S5,P16,2,17
2026-02-16,S5,P16,5,12
2026-02-17,S5,P16,2,10
2026-02-18,S5,P16,4,37
2026-02-19,S5,P16,2,35
2026-02-20,S5,P16,3,32
2026-02-21,S5,P16,3,29
2026-02-22,S5,P16,4,25
2026-02-23,S5,P16,2,23
2026-02-24,S5,P16,2,21
2026-02-25,S5,P16,0,21
2026-02-26,S5,P16,1,20
2026-02-27,S5,P16,2,18
2026-02-28,S5,P16,0,18
2026-03-01,S5,P16,1,17
2026-03-02,S5,P16,5,12
2026-03-03,S5,P16,4,8
2026-03-04,S5,P16,4,35
2026-03-05,S5,P16,1,34
2026-03-06,S5,P16,3,31
2026-03-07,S5,P16,3,28
2026-03-08,S5,P16,3,25
2026-03-09,S5,P16,1,24
2026-03-10,S5,P16,3,21
2026-03-11,S5,P16,7,14
2026-03-12,S5,P16,5,9
2026-03-13,S5,P16,3,39
2026-03-14,S5,P16,6,33
2025-09-01,S5,P17,2,15
2025-09-02,S5,P17,2,13
2025-09-03,S5,P17,1,12
2025-09-04,S5,P17,2,10
2025-09-05,S5,P17,1,9
2025-09-06,S5,P17,1,8
2025-09-07,S5,P17,0,8
2025-09-08,S5,P17,1,7
2025-09-09,S5,P17,0,7
2025-09-10,S5,P17,0,7
2025-09-11,S5,P17,0,7
2025-09-12,S5,P17,2,5
2025-09-13,S5,P17,0,5
2025-09-14,S5,P17,0,5
2025-09-15,S5,P17,0,5
2025-09-16,S5,P17,1,4
2025-09-17,S5,P17,1,3
2025-09-18,S5,P17,0,3
2025-09-19,S5,P17,2,12
2025-09-20,S5,P17,1,11
2025-09-21,S5,P17,0,11
2025-09-22,S5,P17,1,10
2025-09-23,S5,P17,1,9
2025-09-24,S5,P17,2,7
2025-09-25,S5,P17,3,4
2025-09-26,S5,P17,0,4
2025-09-27,S5,P17,0,4
2025-09-28,S5,P17,1,3
2025-09-29,S5,P17,0,3
2025-09-30,S5,P17,0,3
2025-10-01,S5,P17,3,10
2025-10-02,S5,P17,0,10
2025-10-03,S5,P17,0,10
2025-10-04,S5,P17,0,10
2025-10-05,S5,P17,2,8
2025-10-06,S5,P17,0,8
2025-10-07,S5,P17,1,7
2025-10-08,S5,P17,2,5
2025-10-09,S5,P17,1,4
2025-10-10,S5,P17,2,12
2025-10-11,S5,P17,2,10
2025-10-12,S5,P17,2,8
2025-10-13,S5,P17,1,7
2025-10-14,S5,P17,1,6
2025-10-15,S5,P17,0,6
2025-10-16,S5,P17,0,6
2025-10-17,S5,P17,1,5
2025-10-18,S5,P17,0,5
2025-10-19,S5,P17,0,5
2025-10-20,S5,P17,0,5
2025-10-21,S5,P17,1,4
2025-10-22,S5,P17,2,13
2025-10-23,S5,P17,1,12
2025-10-24,S5,P17,0,12
2025-10-25,S5,P17,0,12
2025-10-26,S5,P17,0,12
2025-10-27,S5,P17,1,11
2025-10-28,S5,P17,0,11
2025-10-29,S5,P17,2,9
2025-10-30,S5,P17,1,8
2025-10-31,S5,P17,0,8
2025-11-01,S5,P17,3,5
2025-11-02,S5,P17,0,5
2025-11-03,S5,P17,0,5
2025-11-04,S5,P17,2,3
2025-11-05,S5,P17,0,3
2025-11-06,S5,P17,0,3
2025-11-07,S5,P17,2,11
2025-11-08,S5,P17,0,11
2025-11-09,S5,P17,1,10
2025-11-10,S5,P17,0,10
2025-11-11,S5,P17,0,10
2025-11-12,S5,P17,2,8
2025-11-13,S5,P17,0,8
2025-11-14,S5,P17,0,8
2025-11-15,S5,P17,0,8
2025-11-16,S5,P17,0,8
2025-11-17,S5,P17,0,8
2025-11-18,S5,P17,2,6
2025-11-19,S5,P17,0,6
2025-11-20,S5,P17,0,6
2025-11-21,S5,P17,0,6
2025-11-22,S5,P17,0,6
2025-11-23,S5,P17,0,6
2025-11-24,S5,P17,0,6
2025-11-25,S5,P17,0,6
2025-11-26,S5,P17,0,6
2025-11-27,S5,P17,0,6
2025-11-28,S5,P17,0,6
2025-11-29,S5,P17,1,5
2025-11-30,S5,P17,1,4
2025-12-01,S5,P17,1,3
2025-12-02,S5,P17,2,11
2025-12-03,S5,P17,0,11
2025-12-04,S5,P17,0,11
2025-12-05,S5,P17,0,11
2025-12-06,S5,P17,1,10
2025-12-07,S5,P17,0,10
2025-12-08,S5,P17,1,9
2025-12-09,S5,P17,0,9
2025-12-10,S5,P17,1,8
2025-12-11,S5,P17,2,6
2025-12-12,S5,P17,0,6
2025-12-13,S5,P17,2,4
2025-12-14,S5,P17,0,4
2025-12-15,S5,P17,1,3
2025-12-16,S5,P17,1,16
2025-12-17,S5,P17,0,16
2025-12-18,S5,P17,0,16
2025-12-19,S5,P17,0,16
2025-12-20,S5,P17,2,14
2025-12-21,S5,P17,0,14
2025-12-22,S5,P17,2,12
2025-12-23,S5,P17,3,9
2025-12-24,S5,P17,1,8
2025-12-25,S5,P17,1,7
2025-12-26,S5,P17,1,6
2025-12-27,S5,P17,1,5
2025-12-28,S5,P17,1,4
2025-12-29,S5,P17,1,3
2025-12-30,S5,P17,0,3
2025-12-31,S5,P17,2,11
2026-01-01,S5,P17,1,10
2026-01-02,S5,P17,0,10
2026-01-03,S5,P17,1,9
2026-01-04,S5,P17,0,9
2026-01-05,S5,P17,0,9
2026-01-06,S5,P17,2,7
2026-01-07,S5,P17,0,7
2026-01-08,S5,P17,2,5
2026-01-09,S5,P17,0,5
2026-01-10,S5,P17,0,5
2026-01-11,S5,P17,0,5
2026-01-12,S5,P17,1,4
2026-01-13,S5,P17,1,3
2026-01-14,S5,P17,1,12
2026-01-15,S5,P17,0,12
2026-01-16,S5,P17,1,11
2026-01-17,S5,P17,1,10
2026-01-18,S5,P17,1,9
2026-01-19,S5,P17,0,9
2026-01-20,S5,P17,3,6
2026-01-21,S5,P17,0,6
2026-01-22,S5,P17,0,6
2026-01-23,S5,P17,1,5
2026-01-24,S5,P17,0,5
2026-01-25,S5,P17,1,4
2026-01-26,S5,P17,0,4
2026-01-27,S5,P17,1,3
2026-01-28,S5,P17,1,14
2026-01-29,S5,P17,0,14
2026-01-30,S5,P17,1,13
2026-01-31,S5,P17,2,11
2026-02-01,S5,P17,0,11
2026-02-02,S5,P17,0,11
2026-02-03,S5,P17,1,10
2026-02-04,S5,P17,2,8
2026-02-05,S5,P17,0,8
2026-02-06,S5,P17,0,8
2026-02-07,S5,P17,1,7
2026-02-08,S5,P17,0,7
2026-02-09,S5,P17,0,7
2026-02-10,S5,P17,0,7
2026-02-11,S5,P17,0,7
2026-02-12,S5,P17,1,6
2026-02-13,S5,P17,1,5
2026-02-14,S5,P17,0,5
2026-02-15,S5,P17,0,5
2026-02-16,S5,P17,0,5
2026-02-17,S5,P17,0,5
2026-02-18,S5,P17,0,5
2026-02-19,S5,P17,0,5
2026-02-20,S5,P17,2,3
2026-02-21,S5,P17,0,3
2026-02-22,S5,P17,2,11
2026-02-23,S5,P17,0,11
2026-02-24,S5,P17,0,11
2026-02-25,S5,P17,2,9
2026-02-26,S5,P17,1,8
2026-02-27,S5,P17,1,7
2026-02-28,S5,P17,0,7
2026-03-01,S5,P17,0,7
2026-03-02,S5,P17,1,6
2026-03-03,S5,P17,0,6
2026-03-04,S5,P17,0,6
2026-03-05,S5,P17,0,6
2026-03-06,S5,P17,1,5
2026-03-07,S5,P17,0,5
2026-03-08,S5,P17,0,5
2026-03-09,S5,P17,1,4
2026-03-10,S5,P17,1,3
2026-03-11,S5,P17,0,3
2026-03-12,S5,P17,0,3
2026-03-13,S5,P17,1,12
2026-03-14,S5,P17,1,11
2025-09-01,S5,P18,0,8
2025-09-02,S5,P18,1,7
2025-09-03,S5,P18,0,7
2025-09-04,S5,P18,0,7
2025-09-05,S5,P18,0,7
2025-09-06,S5,P18,1,6
2025-09-07,S5,P18,0,6
2025-09-08,S5,P18,0,6
2025-09-09,S5,P18,0,6
2025-09-10,S5,P18,0,6
2025-09-11,S5,P18,0,6
2025-09-12,S5,P18,0,6
2025-09-13,S5,P18,2,4
2025-09-14,S5,P18,0,4
2025-09-15,S5,P18,1,3
2025-09-16,S5,P18,0,3
2025-09-17,S5,P18,1,12
2025-09-18,S5,P18,0,12
2025-09-19,S5,P18,1,11
2025-09-20,S5,P18,0,11
2025-09-21,S5,P18,1,10
2025-09-22,S5,P18,0,10
2025-09-23,S5,P18,1,9
2025-09-24,S5,P18,0,9
2025-09-25,S5,P18,0,9
2025-09-26,S5,P18,0,9
2025-09-27,S5,P18,0,9
2025-09-28,S5,P18,0,9
2025-09-29,S5,P18,1,8
2025-09-30,S5,P18,0,8
2025-10-01,S5,P18,0,8
2025-10-02,S5,P18,0,8
2025-10-03,S5,P18,1,7
2025-10-04,S5,P18,1,6
2025-10-05,S5,P18,0,6
2025-10-06,S5,P18,0,6
2025-10-07,S5,P18,0,6
2025-10-08,S5,P18,0,6
2025-10-09,S5,P18,1,5
2025-10-10,S5,P18,0,5
2025-10-11,S5,P18,2,3
2025-10-12,S5,P18,1,12
2025-10-13,S5,P18,0,12
2025-10-14,S5,P18,0,12
2025-10-15,S5,P18,0,12
2025-10-16,S5,P18,0,12
2025-10-17,S5,P18,0,12
2025-10-18,S5,P18,0,12
2025-10-19,S5,P18,0,12
2025-10-20,S5,P18,3,9
2025-10-21,S5,P18,0,9
2025-10-22,S5,P18,0,9
2025-10-23,S5,P18,0,9
2025-10-24,S5,P18,2,7
2025-10-25,S5,P18,0,7
2025-10-26,S5,P18,1,6
2025-10-27,S5,P18,0,6
2025-10-28,S5,P18,0,6
2025-10-29,S5,P18,0,6
2025-10-30,S5,P18,0,6
2025-10-31,S5,P18,0,6
2025-11-01,S5,P18,0,6
2025-11-02,S5,P18,1,5
2025-11-03,S5,P18,1,4
2025-11-04,S5,P18,0,4
2025-11-05,S5,P18,0,4
2025-11-06,S5,P18,0,4
2025-11-07,S5,P18,0,4
2025-11-08,S5,P18,0,4
2025-11-09,S5,P18,0,4
2025-11-10,S5,P18,0,4
2025-11-11,S5,P18,0,4
2025-11-12,S5,P18,0,4
2025-11-13,S5,P18,0,4
2025-11-14,S5,P18,0,4
2025-11-15,S5,P18,0,4
2025-11-16,S5,P18,0,4
2025-11-17,S5,P18,1,3
2025-11-18,S5,P18,1,12
2025-11-19,S5,P18,0,12
2025-11-20,S5,P18,0,12
2025-11-21,S5,P18,0,12
2025-11-22,S5,P18,0,12
2025-11-23,S5,P18,1,11
2025-11-24,S5,P18,1,10
2025-11-25,S5,P18,1,9
2025-11-26,S5,P18,0,9
2025-11-27,S5,P18,0,9
2025-11-28,S5,P18,0,9
2025-11-29,S5,P18,0,9
2025-11-30,S5,P18,0,9
2025-12-01,S5,P18,0,9
2025-12-02,S5,P18,0,9
2025-12-03,S5,P18,0,9
2025-12-04,S5,P18,0,9
2025-12-05,S5,P18,0,9
2025-12-06,S5,P18,0,9
2025-12-07,S5,P18,0,9
2025-12-08,S5,P18,0,9
2025-12-09,S5,P18,0,9
2025-12-10,S5,P18,1,8
2025-12-11,S5,P18,0,8
2025-12-12,S5,P18,0,8
2025-12-13,S5,P18,0,8
2025-12-14,S5,P18,0,8
2025-12-15,S5,P18,0,8
2025-12-16,S5,P18,0,8
2025-12-17,S5,P18,0,8
2025-12-18,S5,P18,0,8
2025-12-19,S5,P18,0,8
2025-12-20,S5,P18,0,8
2025-12-21,S5,P18,0,8
2025-12-22,S5,P18,0,8
2025-12-23,S5,P18,1,7
2025-12-24,S5,P18,0,7
2025-12-25,S5,P18,0,7
2025-12-26,S5,P18,1,6
2025-12-27,S5,P18,0,6
2025-12-28,S5,P18,0,6
2025-12-29,S5,P18,0,6
2025-12-30,S5,P18,0,6
2025-12-31,S5,P18,0,6
2026-01-01,S5,P18,0,6
2026-01-02,S5,P18,0,6
2026-01-03,S5,P18,1,5
2026-01-04,S5,P18,0,5
2026-01-05,S5,P18,0,5
2026-01-06,S5,P18,1,4
2026-01-07,S5,P18,0,4
2026-01-08,S5,P18,0,4
2026-01-09,S5,P18,1,3
2026-01-10,S5,P18,2,11
2026-01-11,S5,P18,0,11
2026-01-12,S5,P18,0,11
2026-01-13,S5,P18,0,11
2026-01-14,S5,P18,0,11
2026-01-15,S5,P18,0,11
2026-01-16,S5,P18,0,11
2026-01-17,S5,P18,0,11
2026-01-18,S5,P18,1,10
2026-01-19,S5,P18,0,10
2026-01-20,S5,P18,1,9
2026-01-21,S5,P18,0,9
2026-01-22,S5,P18,0,9
2026-01-23,S5,P18,0,9
2026-01-24,S5,P18,0,9
2026-01-25,S5,P18,0,9
2026-01-26,S5,P18,0,9
2026-01-27,S5,P18,1,8
2026-01-28,S5,P18,1,7
2026-01-29,S5,P18,0,7
2026-01-30,S5,P18,0,7
2026-01-31,S5,P18,0,7
2026-02-01,S5,P18,0,7
2026-02-02,S5,P18,1,6
2026-02-03,S5,P18,0,6
2026-02-04,S5,P18,0,6
2026-02-05,S5,P18,1,5
2026-02-06,S5,P18,0,5
2026-02-07,S5,P18,0,5
2026-02-08,S5,P18,1,4
2026-02-09,S5,P18,1,3
2026-02-10,S5,P18,0,3
2026-02-11,S5,P18,0,3
2026-02-12,S5,P18,0,3
2026-02-13,S5,P18,0,3
2026-02-14,S5,P18,0,3
2026-02-15,S5,P18,0,3
2026-02-16,S5,P18,0,3
2026-02-17,S5,P18,2,11
2026-02-18,S5,P18,0,11
2026-02-19,S5,P18,1,10
2026-02-20,S5,P18,0,10
2026-02-21,S5,P18,1,9
2026-02-22,S5,P18,0,9
2026-02-23,S5,P18,0,9
2026-02-24,S5,P18,0,9
2026-02-25,S5,P18,0,9
2026-02-26,S5,P18,0,9
2026-02-27,S5,P18,1,8
2026-02-28,S5,P18,0,8
2026-03-01,S5,P18,0,8
2026-03-02,S5,P18,1,7
2026-03-03,S5,P18,1,6
2026-03-04,S5,P18,0,6
2026-03-05,S5,P18,0,6
2026-03-06,S5,P18,0,6
2026-03-07,S5,P18,1,5
2026-03-08,S5,P18,0,5
2026-03-09,S5,P18,0,5
2026-03-10,S5,P18,0,5
2026-03-11,S5,P18,0,5
2026-03-12,S5,P18,0,5
2026-03-13,S5,P18,0,5
2026-03-14,S5,P18,0,5
2025-09-01,S5,P19,0,72
2025-09-02,S5,P19,1,71
2025-09-03,S5,P19,3,68
2025-09-04,S5,P19,0,68
2025-09-05,S5,P19,5,63
2025-09-06,S5,P19,6,57
2025-09-07,S5,P19,8,49
2025-09-08,S5,P19,2,47
2025-09-09,S5,P19,3,44
2025-09-10,S5,P19,2,42
2025-09-11,S5,P19,4,38
2025-09-12,S5,P19,6,32
2025-09-13,S5,P19,2,30
2025-09-14,S5,P19,4,26
2025-09-15,S5,P19,5,21
2025-09-16,S5,P19,1,20
2025-09-17,S5,P19,1,19
2025-09-18,S5,P19,3,16
2025-09-19,S5,P19,10,63
2025-09-20,S5,P19,4,59
2025-09-21,S5,P19,2,57
2025-09-22,S5,P19,0,57
2025-09-23,S5,P19,1,56
2025-09-24,S5,P19,3,53
2025-09-25,S5,P19,8,45
2025-09-26,S5,P19,4,41
2025-09-27,S5,P19,4,37
2025-09-28,S5,P19,4,33
2025-09-29,S5,P19,0,33
2025-09-30,S5,P19,5,28
2025-10-01,S5,P19,7,21
2025-10-02,S5,P19,3,18
2025-10-03,S5,P19,5,13
2025-10-04,S5,P19,1,12
2025-10-05,S5,P19,1,11
2025-10-06,S5,P19,3,49
2025-10-07,S5,P19,4,45
2025-10-08,S5,P19,3,42
2025-10-09,S5,P19,5,37
2025-10-10,S5,P19,2,35
2025-10-11,S5,P19,6,29
2025-10-12,S5,P19,3,26
2025-10-13,S5,P19,4,22
2025-10-14,S5,P19,4,18
2025-10-15,S5,P19,3,15
2025-10-16,S5,P19,1,14
2025-10-17,S5,P19,8,50
2025-10-18,S5,P19,4,46
2025-10-19,S5,P19,2,44
2025-10-20,S5,P19,3,41
2025-10-21,S5,P19,2,39
2025-10-22,S5,P19,0,39
2025-10-23,S5,P19,4,35
2025-10-24,S5,P19,3,32
2025-10-25,S5,P19,4,28
2025-10-26,S5,P19,2,26
2025-10-27,S5,P19,3,23
2025-10-28,S5,P19,3,20
2025-10-29,S5,P19,7,13
2025-10-30,S5,P19,7,57
2025-10-31,S5,P19,3,54
2025-11-01,S5,P19,9,45
2025-11-02,S5,P19,2,43
2025-11-03,S5,P19,1,42
2025-11-04,S5,P19,4,38
2025-11-05,S5,P19,1,37
2025-11-06,S5,P19,3,34
2025-11-07,S5,P19,3,31
2025-11-08,S5,P19,4,27
2025-11-09,S5,P19,5,22
2025-11-10,S5,P19,2,20
2025-11-11,S5,P19,3,17
2025-11-12,S5,P19,0,17
2025-11-13,S5,P19,5,12
2025-11-14,S5,P19,5,55
2025-11-15,S5,P19,6,49
2025-11-16,S5,P19,2,47
2025-11-17,S5,P19,1,46
2025-11-18,S5,P19,2,44
2025-11-19,S5,P19,3,41
2025-11-20,S5,P19,4,37
2025-11-21,S5,P19,2,35
2025-11-22,S5,P19,1,34
2025-11-23,S5,P19,4,30
2025-11-24,S5,P19,5,25
2025-11-25,S5,P19,1,24
2025-11-26,S5,P19,4,20
2025-11-27,S5,P19,3,17
2025-11-28,S5,P19,8,37
2025-11-29,S5,P19,8,29
2025-11-30,S5,P19,2,27
2025-12-01,S5,P19,3,24
2025-12-02,S5,P19,0,24
2025-12-03,S5,P19,4,20
2025-12-04,S5,P19,4,16
2025-12-05,S5,P19,4,12
2025-12-06,S5,P19,3,37
2025-12-07,S5,P19,4,33
2025-12-08,S5,P19,4,29
2025-12-09,S5,P19,5,24
2025-12-10,S5,P19,3,21
2025-12-11,S5,P19,2,19
2025-12-12,S5,P19,2,17
2025-12-13,S5,P19,4,13
2025-12-14,S5,P19,1,12
2025-12-15,S5,P19,3,65
2025-12-16,S5,P19,2,63
2025-12-17,S5,P19,1,62
2025-12-18,S5,P19,4,58
2025-12-19,S5,P19,9,49
2025-12-20,S5,P19,5,44
2025-12-21,S5,P19,5,39
2025-12-22,S5,P19,5,34
2025-12-23,S5,P19,6,28
2025-12-24,S5,P19,5,23
2025-12-25,S5,P19,5,18
2025-12-26,S5,P19,4,14
2025-12-27,S5,P19,5,70
2025-12-28,S5,P19,6,64
2025-12-29,S5,P19,2,62
2025-12-30,S5,P19,8,54
2025-12-31,S5,P19,6,48
2026-01-01,S5,P19,3,45
2026-01-02,S5,P19,6,39
2026-01-03,S5,P19,2,37
2026-01-04,S5,P19,6,31
2026-01-05,S5,P19,4,27
2026-01-06,S5,P19,7,20
2026-01-07,S5,P19,1,19
2026-01-08,S5,P19,4,15
2026-01-09,S5,P19,3,12
2026-01-10,S5,P19,3,66
2026-01-11,S5,P19,5,61
2026-01-12,S5,P19,1,60
2026-01-13,S5,P19,7,53
2026-01-14,S5,P19,2,51
2026-01-15,S5,P19,4,47
2026-01-16,S5,P19,3,44
2026-01-17,S5,P19,3,41
2026-01-18,S5,P19,7,34
2026-01-19,S5,P19,4,30
2026-01-20,S5,P19,2,28
2026-01-21,S5,P19,6,22
2026-01-22,S5,P19,3,19
2026-01-23,S5,P19,5,14
2026-01-24,S5,P19,3,11
2026-01-25,S5,P19,1,10
2026-01-26,S5,P19,1,48
2026-01-27,S5,P19,1,47
2026-01-28,S5,P19,3,44
2026-01-29,S5,P19,2,42
2026-01-30,S5,P19,5,37
2026-01-31,S5,P19,2,35
2026-02-01,S5,P19,1,34
2026-02-02,S5,P19,5,29
2026-02-03,S5,P19,4,25
2026-02-04,S5,P19,4,21
2026-02-05,S5,P19,6,15
2026-02-06,S5,P19,6,40
2026-02-07,S5,P19,3,37
2026-02-08,S5,P19,4,33
2026-02-09,S5,P19,4,29
2026-02-10,S5,P19,5,24
2026-02-11,S5,P19,10,14
2026-02-12,S5,P19,3,11
2026-02-13,S5,P19,3,48
2026-02-14,S5,P19,9,39
2026-02-15,S5,P19,0,39
2026-02-16,S5,P19,3,36
2026-02-17,S5,P19,2,34
2026-02-18,S5,P19,8,26
2026-02-19,S5,P19,4,22
2026-02-20,S5,P19,9,13
2026-02-21,S5,P19,2,11
2026-02-22,S5,P19,1,10
2026-02-23,S5,P19,5,33
2026-02-24,S5,P19,2,31
2026-02-25,S5,P19,6,25
2026-02-26,S5,P19,2,23
2026-02-27,S5,P19,0,23
2026-02-28,S5,P19,8,15
2026-03-01,S5,P19,3,12
2026-03-02,S5,P19,5,49
2026-03-03,S5,P19,3,46
2026-03-04,S5,P19,3,43
2026-03-05,S5,P19,1,42
2026-03-06,S5,P19,4,38
2026-03-07,S5,P19,4,34
2026-03-08,S5,P19,3,31
2026-03-09,S5,P19,5,26
2026-03-10,S5,P19,2,24
2026-03-11,S5,P19,4,20
2026-03-12,S5,P19,2,18
2026-03-13,S5,P19,2,16
2026-03-14,S5,P19,3,13
2025-09-01,S5,P20,3,34
2025-09-02,S5,P20,6,28
2025-09-03,S5,P20,2,26
2025-09-04,S5,P20,0,26
2025-09-05,S5,P20,2,24
2025-09-06,S5,P20,3,21
2025-09-07,S5,P20,4,17
2025-09-08,S5,P20,0,17
2025-09-09,S5,P20,3,14
2025-09-10,S5,P20,3,11
2025-09-11,S5,P20,1,10
2025-09-12,S5,P20,3,7
2025-09-13,S5,P20,3,45
2025-09-14,S5,P20,1,44
2025-09-15,S5,P20,3,41
2025-09-16,S5,P20,2,39
2025-09-17,S5,P20,0,39
2025-09-18,S5,P20,1,38
2025-09-19,S5,P20,0,38
2025-09-20,S5,P20,4,34
2025-09-21,S5,P20,2,32
2025-09-22,S5,P20,7,25
2025-09-23,S5,P20,4,21
2025-09-24,S5,P20,0,21
2025-09-25,S5,P20,4,17
2025-09-26,S5,P20,2,15
2025-09-27,S5,P20,2,13
2025-09-28,S5,P20,5,8
2025-09-29,S5,P20,2,38
2025-09-30,S5,P20,6,32
2025-10-01,S5,P20,1,31
2025-10-02,S5,P20,2,29
2025-10-03,S5,P20,0,29
2025-10-04,S5,P20,3,26
2025-10-05,S5,P20,1,25
2025-10-06,S5,P20,1,24
2025-10-07,S5,P20,7,17
2025-10-08,S5,P20,5,12
2025-10-09,S5,P20,2,10
2025-10-10,S5,P20,1,9
2025-10-11,S5,P20,3,45
2025-10-12,S5,P20,3,42
2025-10-13,S5,P20,1,41
2025-10-14,S5,P20,1,40
2025-10-15,S5,P20,2,38
2025-10-16,S5,P20,1,37
2025-10-17,S5,P20,3,34
2025-10-18,S5,P20,0,34
2025-10-19,S5,P20,2,32
2025-10-20,S5,P20,1,31
2025-10-21,S5,P20,1,30
2025-10-22,S5,P20,4,26
2025-10-23,S5,P20,8,18
2025-10-24,S5,P20,1,17
2025-10-25,S5,P20,2,15
2025-10-26,S5,P20,0,15
2025-10-27,S5,P20,0,15
2025-10-28,S5,P20,2,13
2025-10-29,S5,P20,1,12
2025-10-30,S5,P20,9,45
2025-10-31,S5,P20,4,41
2025-11-01,S5,P20,2,39
2025-11-02,S5,P20,3,36
2025-11-03,S5,P20,0,36
2025-11-04,S5,P20,4,32
2025-11-05,S5,P20,3,29
2025-11-06,S5,P20,4,25
2025-11-07,S5,P20,0,25
2025-11-08,S5,P20,4,21
2025-11-09,S5,P20,3,18
2025-11-10,S5,P20,4,14
2025-11-11,S5,P20,2,12
2025-11-12,S5,P20,3,9
2025-11-13,S5,P20,2,7
2025-11-14,S5,P20,3,29
2025-11-15,S5,P20,2,27
2025-11-16,S5,P20,1,26
2025-11-17,S5,P20,2,24
2025-11-18,S5,P20,3,21
2025-11-19,S5,P20,3,18
2025-11-20,S5,P20,2,16
2025-11-21,S5,P20,2,14
2025-11-22,S5,P20,3,11
2025-11-23,S5,P20,1,10
2025-11-24,S5,P20,3,7
2025-11-25,S5,P20,0,7
2025-11-26,S5,P20,4,39
2025-11-27,S5,P20,5,34
2025-11-28,S5,P20,2,32
2025-11-29,S5,P20,3,29
2025-11-30,S5,P20,1,28
2025-12-01,S5,P20,1,27
2025-12-02,S5,P20,1,26
2025-12-03,S5,P20,2,24
2025-12-04,S5,P20,2,22
2025-12-05,S5,P20,1,21
2025-12-06,S5,P20,3,18
2025-12-07,S5,P20,2,16
2025-12-08,S5,P20,1,15
2025-12-09,S5,P20,5,10
2025-12-10,S5,P20,1,9
2025-12-11,S5,P20,5,41
2025-12-12,S5,P20,0,41
2025-12-13,S5,P20,3,38
2025-12-14,S5,P20,2,36
2025-12-15,S5,P20,1,35
2025-12-16,S5,P20,4,31
2025-12-17,S5,P20,0,31
2025-12-18,S5,P20,1,30
2025-12-19,S5,P20,2,28
2025-12-20,S5,P20,7,21
2025-12-21,S5,P20,6,15
2025-12-22,S5,P20,6,9
2025-12-23,S5,P20,3,48
2025-12-24,S5,P20,0,48
2025-12-25,S5,P20,4,44
2025-12-26,S5,P20,2,42
2025-12-27,S5,P20,2,40
2025-12-28,S5,P20,2,38
2025-12-29,S5,P20,1,37
2025-12-30,S5,P20,5,32
2025-12-31,S5,P20,1,31
2026-01-01,S5,P20,2,29
2026-01-02,S5,P20,0,29
2026-01-03,S5,P20,5,24
2026-01-04,S5,P20,1,23
2026-01-05,S5,P20,4,19
2026-01-06,S5,P20,1,18
2026-01-07,S5,P20,3,15
2026-01-08,S5,P20,4,11
2026-01-09,S5,P20,4,7
2026-01-10,S5,P20,3,27
2026-01-11,S5,P20,1,26
2026-01-12,S5,P20,4,22
2026-01-13,S5,P20,3,19
2026-01-14,S5,P20,3,16
2026-01-15,S5,P20,4,12
2026-01-16,S5,P20,4,8
2026-01-17,S5,P20,1,7
2026-01-18,S5,P20,3,42
2026-01-19,S5,P20,1,41
2026-01-20,S5,P20,0,41
2026-01-21,S5,P20,1,40
2026-01-22,S5,P20,5,35
2026-01-23,S5,P20,2,33
2026-01-24,S5,P20,3,30
2026-01-25,S5,P20,4,26
2026-01-26,S5,P20,3,23
2026-01-27,S5,P20,2,21
2026-01-28,S5,P20,2,19
2026-01-29,S5,P20,1,18
2026-01-30,S5,P20,2,16
2026-01-31,S5,P20,2,14
2026-02-01,S5,P20,2,12
2026-02-02,S5,P20,3,9
2026-02-03,S5,P20,0,9
2026-02-04,S5,P20,2,7
2026-02-05,S5,P20,1,32
2026-02-06,S5,P20,2,30
2026-02-07,S5,P20,2,28
2026-02-08,S5,P20,0,28
2026-02-09,S5,P20,1,27
2026-02-10,S5,P20,1,26
2026-02-11,S5,P20,1,25
2026-02-12,S5,P20,1,24
2026-02-13,S5,P20,1,23
2026-02-14,S5,P20,3,20
2026-02-15,S5,P20,0,20
2026-02-16,S5,P20,5,15
2026-02-17,S5,P20,2,13
2026-02-18,S5,P20,2,11
2026-02-19,S5,P20,3,8
2026-02-20,S5,P20,2,44
2026-02-21,S5,P20,3,41
2026-02-22,S5,P20,3,38
2026-02-23,S5,P20,3,35
2026-02-24,S5,P20,2,33
2026-02-25,S5,P20,4,29
2026-02-26,S5,P20,3,26
2026-02-27,S5,P20,1,25
2026-02-28,S5,P20,7,18
2026-03-01,S5,P20,2,16
2026-03-02,S5,P20,0,16
2026-03-03,S5,P20,2,14
2026-03-04,S5,P20,2,12
2026-03-05,S5,P20,3,9
2026-03-06,S5,P20,3,31
2026-03-07,S5,P20,6,25
2026-03-08,S5,P20,1,24
2026-03-09,S5,P20,0,24
2026-03-10,S5,P20,1,23
2026-03-11,S5,P20,3,20
2026-03-12,S5,P20,0,20
2026-03-13,S5,P20,1,19
2026-03-14,S5,P20,2,17
2025-09-01,S6,P1,4,76
2025-09-02,S6,P1,6,70
2025-09-03,S6,P1,10,60
2025-09-04,S6,P1,5,55
2025-09-05,S6,P1,2,53
2025-09-06,S6,P1,6,47
2025-09-07,S6,P1,3,44
2025-09-08,S6,P1,3,41
2025-09-09,S6,P1,3,38
2025-09-10,S6,P1,7,31
2025-09-11,S6,P1,10,21
2025-09-12,S6,P1,4,17
2025-09-13,S6,P1,7,52
2025-09-14,S6,P1,1,51
2025-09-15,S6,P1,3,48
2025-09-16,S6,P1,3,45
2025-09-17,S6,P1,1,44
2025-09-18,S6,P1,5,39
2025-09-19,S6,P1,5,34
2025-09-20,S6,P1,5,29
2025-09-21,S6,P1,6,23
2025-09-22,S6,P1,7,16
2025-09-23,S6,P1,5,85
2025-09-24,S6,P1,9,76
2025-09-25,S6,P1,4,72
2025-09-26,S6,P1,3,69
2025-09-27,S6,P1,5,64
2025-09-28,S6,P1,4,60
2025-09-29,S6,P1,3,57
2025-09-30,S6,P1,4,53
2025-10-01,S6,P1,4,49
2025-10-02,S6,P1,3,46
2025-10-03,S6,P1,2,44
2025-10-04,S6,P1,4,40
2025-10-05,S6,P1,5,35
2025-10-06,S6,P1,2,33
2025-10-07,S6,P1,2,31
2025-10-08,S6,P1,1,30
2025-10-09,S6,P1,2,28
2025-10-10,S6,P1,2,26
2025-10-11,S6,P1,7,19
2025-10-12,S6,P1,5,14
2025-10-13,S6,P1,5,83
2025-10-14,S6,P1,4,79
2025-10-15,S6,P1,10,69
2025-10-16,S6,P1,4,65
2025-10-17,S6,P1,7,58
2025-10-18,S6,P1,4,54
2025-10-19,S6,P1,4,50
2025-10-20,S6,P1,9,41
2025-10-21,S6,P1,3,38
2025-10-22,S6,P1,7,31
2025-10-23,S6,P1,1,30
2025-10-24,S6,P1,4,26
2025-10-25,S6,P1,4,22
2025-10-26,S6,P1,3,19
2025-10-27,S6,P1,0,19
2025-10-28,S6,P1,5,14
2025-10-29,S6,P1,3,78
2025-10-30,S6,P1,4,74
2025-10-31,S6,P1,2,72
2025-11-01,S6,P1,9,63
2025-11-02,S6,P1,6,57
2025-11-03,S6,P1,6,51
2025-11-04,S6,P1,7,44
2025-11-05,S6,P1,5,39
2025-11-06,S6,P1,2,37
2025-11-07,S6,P1,3,34
2025-11-08,S6,P1,4,30
2025-11-09,S6,P1,6,24
2025-11-10,S6,P1,3,21
2025-11-11,S6,P1,3,18
2025-11-12,S6,P1,9,79
2025-11-13,S6,P1,4,75
2025-11-14,S6,P1,8,67
2025-11-15,S6,P1,6,61
2025-11-16,S6,P1,7,54
2025-11-17,S6,P1,4,50
2025-11-18,S6,P1,6,44
2025-11-19,S6,P1,1,43
2025-11-20,S6,P1,8,35
2025-11-21,S6,P1,9,26
2025-11-22,S6,P1,5,21
2025-11-23,S6,P1,3,18
2025-11-24,S6,P1,5,13
2025-11-25,S6,P1,8,47
2025-11-26,S6,P1,4,43
2025-11-27,S6,P1,4,39
2025-11-28,S6,P1,3,36
2025-11-29,S6,P1,8,28
2025-11-30,S6,P1,10,18
2025-12-01,S6,P1,4,14
2025-12-02,S6,P1,4,64
2025-12-03,S6,P1,3,61
2025-12-04,S6,P1,8,53
2025-12-05,S6,P1,5,48
2025-12-06,S6,P1,0,48
2025-12-07,S6,P1,7,41
2025-12-08,S6,P1,5,36
2025-12-09,S6,P1,0,36
2025-12-10,S6,P1,1,35
2025-12-11,S6,P1,5,30
2025-12-12,S6,P1,7,23
2025-12-13,S6,P1,5,18
2025-12-14,S6,P1,4,14
2025-12-15,S6,P1,7,81
2025-12-16,S6,P1,4,77
2025-12-17,S6,P1,5,72
2025-12-18,S6,P1,9,63
2025-12-19,S6,P1,3,60
2025-12-20,S6,P1,4,56
2025-12-21,S6,P1,6,50
2025-12-22,S6,P1,2,48
2025-12-23,S6,P1,4,44
2025-12-24,S6,P1,6,38
2025-12-25,S6,P1,3,35
2025-12-26,S6,P1,4,31
2025-12-27,S6,P1,0,31
2025-12-28,S6,P1,3,28
2025-12-29,S6,P1,6,22
2025-12-30,S6,P1,4,18
2025-12-31,S6,P1,2,16
2026-01-01,S6,P1,5,71
2026-01-02,S6,P1,4,67
2026-01-03,S6,P1,6,61
2026-01-04,S6,P1,5,56
2026-01-05,S6,P1,6,50
2026-01-06,S6,P1,5,45
2026-01-07,S6,P1,3,42
2026-01-08,S6,P1,4,38
2026-01-09,S6,P1,8,30
2026-01-10,S6,P1,5,25
2026-01-11,S6,P1,2,23
2026-01-12,S6,P1,4,19
2026-01-13,S6,P1,1,18
2026-01-14,S6,P1,2,16
2026-01-15,S6,P1,5,51
2026-01-16,S6,P1,3,48
2026-01-17,S6,P1,7,41
2026-01-18,S6,P1,5,36
2026-01-19,S6,P1,5,31
2026-01-20,S6,P1,7,24
2026-01-21,S6,P1,2,22
2026-01-22,S6,P1,2,20
2026-01-23,S6,P1,3,17
2026-01-24,S6,P1,4,13
2026-01-25,S6,P1,4,83
2026-01-26,S6,P1,3,80
2026-01-27,S6,P1,4,76
2026-01-28,S6,P1,4,72
2026-01-29,S6,P1,6,66
2026-01-30,S6,P1,7,59
2026-01-31,S6,P1,2,57
2026-02-01,S6,P1,4,53
2026-02-02,S6,P1,4,49
2026-02-03,S6,P1,6,43
2026-02-04,S6,P1,8,35
2026-02-05,S6,P1,2,33
2026-02-06,S6,P1,4,29
2026-02-07,S6,P1,3,26
2026-02-08,S6,P1,6,20
2026-02-09,S6,P1,2,18
2026-02-10,S6,P1,1,17
2026-02-11,S6,P1,1,16
2026-02-12,S6,P1,5,60
2026-02-13,S6,P1,7,53
2026-02-14,S6,P1,3,50
2026-02-15,S6,P1,6,44
2026-02-16,S6,P1,1,43
2026-02-17,S6,P1,3,40
2026-02-18,S6,P1,2,38
2026-02-19,S6,P1,2,36
2026-02-20,S6,P1,6,30
2026-02-21,S6,P1,6,24
2026-02-22,S6,P1,3,21
2026-02-23,S6,P1,3,18
2026-02-24,S6,P1,3,15
2026-02-25,S6,P1,7,73
2026-02-26,S6,P1,3,70
2026-02-27,S6,P1,3,67
2026-02-28,S6,P1,5,62
2026-03-01,S6,P1,6,56
2026-03-02,S6,P1,2,54
2026-03-03,S6,P1,4,50
2026-03-04,S6,P1,0,50
2026-03-05,S6,P1,2,48
2026-03-06,S6,P1,2,46
2026-03-07,S6,P1,6,40
2026-03-08,S6,P1,4,36
2026-03-09,S6,P1,4,32
2026-03-10,S6,P1,4,28
2026-03-11,S6,P1,2,26
2026-03-12,S6,P1,5,21
2026-03-13,S6,P1,5,16
2026-03-14,S6,P1,5,87
2025-09-01,S6,P2,2,11
2025-09-02,S6,P2,0,11
2025-09-03,S6,P2,0,11
2025-09-04,S6,P2,0,11
2025-09-05,S6,P2,0,11
2025-09-06,S6,P2,1,10
2025-09-07,S6,P2,2,8
2025-09-08,S6,P2,0,8
2025-09-09,S6,P2,1,7
2025-09-10,S6,P2,2,5
2025-09-11,S6,P2,1,4
2025-09-12,S6,P2,3,11
2025-09-13,S6,P2,0,11
2025-09-14,S6,P2,1,10
2025-09-15,S6,P2,0,10
2025-09-16,S6,P2,0,10
2025-09-17,S6,P2,1,9
2025-09-18,S6,P2,1,8
2025-09-19,S6,P2,0,8
2025-09-20,S6,P2,1,7
2025-09-21,S6,P2,1,6
2025-09-22,S6,P2,2,4
2025-09-23,S6,P2,0,4
2025-09-24,S6,P2,0,4
2025-09-25,S6,P2,0,4
2025-09-26,S6,P2,1,3
2025-09-27,S6,P2,2,11
2025-09-28,S6,P2,2,9
2025-09-29,S6,P2,1,8
2025-09-30,S6,P2,2,6
2025-10-01,S6,P2,0,6
2025-10-02,S6,P2,1,5
2025-10-03,S6,P2,0,5
2025-10-04,S6,P2,0,5
2025-10-05,S6,P2,1,4
2025-10-06,S6,P2,0,4
2025-10-07,S6,P2,2,12
2025-10-08,S6,P2,1,11
2025-10-09,S6,P2,2,9
2025-10-10,S6,P2,1,8
2025-10-11,S6,P2,1,7
2025-10-12,S6,P2,1,6
2025-10-13,S6,P2,0,6
2025-10-14,S6,P2,0,6
2025-10-15,S6,P2,1,5
2025-10-16,S6,P2,2,3
2025-10-17,S6,P2,2,14
2025-10-18,S6,P2,0,14
2025-10-19,S6,P2,0,14
2025-10-20,S6,P2,3,11
2025-10-21,S6,P2,1,10
2025-10-22,S6,P2,1,9
2025-10-23,S6,P2,2,7
2025-10-24,S6,P2,0,7
2025-10-25,S6,P2,2,5
2025-10-26,S6,P2,2,3
2025-10-27,S6,P2,0,3
2025-10-28,S6,P2,0,3
2025-10-29,S6,P2,1,12
2025-10-30,S6,P2,0,12
2025-10-31,S6,P2,0,12
2025-11-01,S6,P2,1,11
2025-11-02,S6,P2,0,11
2025-11-03,S6,P2,1,10
2025-11-04,S6,P2,2,8
2025-11-05,S6,P2,3,5
2025-11-06,S6,P2,0,5
2025-11-07,S6,P2,1,4
2025-11-08,S6,P2,0,4
2025-11-09,S6,P2,1,3
2025-11-10,S6,P2,1,12
2025-11-11,S6,P2,3,9
2025-11-12,S6,P2,1,8
2025-11-13,S6,P2,1,7
2025-11-14,S6,P2,4,3
2025-11-15,S6,P2,1,12
2025-11-16,S6,P2,1,11
2025-11-17,S6,P2,0,11
2025-11-18,S6,P2,0,11
2025-11-19,S6,P2,1,10
2025-11-20,S6,P2,0,10
2025-11-21,S6,P2,0,10
2025-11-22,S6,P2,0,10
2025-11-23,S6,P2,0,10
2025-11-24,S6,P2,0,10
2025-11-25,S6,P2,0,10
2025-11-26,S6,P2,3,7
2025-11-27,S6,P2,0,7
2025-11-28,S6,P2,0,7
2025-11-29,S6,P2,0,7
2025-11-30,S6,P2,1,6
2025-12-01,S6,P2,0,6
2025-12-02,S6,P2,0,6
2025-12-03,S6,P2,2,4
2025-12-04,S6,P2,1,3
2025-12-05,S6,P2,1,12
2025-12-06,S6,P2,1,11
2025-12-07,S6,P2,0,11
2025-12-08,S6,P2,3,8
2025-12-09,S6,P2,0,8
2025-12-10,S6,P2,0,8
2025-12-11,S6,P2,0,8
2025-12-12,S6,P2,0,8
2025-12-13,S6,P2,0,8
2025-12-14,S6,P2,0,8
2025-12-15,S6,P2,0,8
2025-12-16,S6,P2,1,7
2025-12-17,S6,P2,1,6
2025-12-18,S6,P2,1,5
2025-12-19,S6,P2,1,4
2025-12-20,S6,P2,2,12
2025-12-21,S6,P2,0,12
2025-12-22,S6,P2,1,11
2025-12-23,S6,P2,0,11
2025-12-24,S6,P2,1,10
2025-12-25,S6,P2,1,9
2025-12-26,S6,P2,0,9
2025-12-27,S6,P2,0,9
2025-12-28,S6,P2,0,9
2025-12-29,S6,P2,1,8
2025-12-30,S6,P2,0,8
2025-12-31,S6,P2,0,8
2026-01-01,S6,P2,1,7
2026-01-02,S6,P2,0,7
2026-01-03,S6,P2,0,7
2026-01-04,S6,P2,2,5
2026-01-05,S6,P2,0,5
2026-01-06,S6,P2,2,3
2026-01-07,S6,P2,1,12
2026-01-08,S6,P2,3,9
2026-01-09,S6,P2,0,9
2026-01-10,S6,P2,0,9
2026-01-11,S6,P2,0,9
2026-01-12,S6,P2,1,8
2026-01-13,S6,P2,0,8
2026-01-14,S6,P2,0,8
2026-01-15,S6,P2,0,8
2026-01-16,S6,P2,1,7
2026-01-17,S6,P2,0,7
2026-01-18,S6,P2,0,7
2026-01-19,S6,P2,1,6
2026-01-20,S6,P2,0,6
2026-01-21,S6,P2,0,6
2026-01-22,S6,P2,1,5
2026-01-23,S6,P2,0,5
2026-01-24,S6,P2,3,12
2026-01-25,S6,P2,3,9
2026-01-26,S6,P2,0,9
2026-01-27,S6,P2,0,9
2026-01-28,S6,P2,0,9
2026-01-29,S6,P2,1,8
2026-01-30,S6,P2,0,8
2026-01-31,S6,P2,0,8
2026-02-01,S6,P2,0,8
2026-02-02,S6,P2,0,8
2026-02-03,S6,P2,2,6
2026-02-04,S6,P2,0,6
2026-02-05,S6,P2,0,6
2026-02-06,S6,P2,0,6
2026-02-07,S6,P2,2,4
2026-02-08,S6,P2,2,12
2026-02-09,S6,P2,0,12
2026-02-10,S6,P2,1,11
2026-02-11,S6,P2,1,10
2026-02-12,S6,P2,1,9
2026-02-13,S6,P2,0,9
2026-02-14,S6,P2,1,8
2026-02-15,S6,P2,3,5
2026-02-16,S6,P2,1,4
2026-02-17,S6,P2,1,3
2026-02-18,S6,P2,2,11
2026-02-19,S6,P2,1,10
2026-02-20,S6,P2,0,10
2026-02-21,S6,P2,3,7
2026-02-22,S6,P2,0,7
2026-02-23,S6,P2,0,7
2026-02-24,S6,P2,1,6
2026-02-25,S6,P2,1,5
2026-02-26,S6,P2,1,4
2026-02-27,S6,P2,1,3
2026-02-28,S6,P2,0,3
2026-03-01,S6,P2,0,3
2026-03-02,S6,P2,1,12
2026-03-03,S6,P2,1,11
2026-03-04,S6,P2,1,10
2026-03-05,S6,P2,0,10
2026-03-06,S6,P2,0,10
2026-03-07,S6,P2,0,10
2026-03-08,S6,P2,0,10
2026-03-09,S6,P2,0,10
2026-03-10,S6,P2,2,8
2026-03-11,S6,P2,1,7
2026-03-12,S6,P2,1,6
2026-03-13,S6,P2,1,5
2026-03-14,S6,P2,2,3
2025-09-01,S6,P3,1,64
2025-09-02,S6,P3,2,62
2025-09-03,S6,P3,3,59
2025-09-04,S6,P3,3,56
2025-09-05,S6,P3,1,55
2025-09-06,S6,P3,5,50
2025-09-07,S6,P3,2,48
2025-09-08,S6,P3,8,40
2025-09-09,S6,P3,3,37
2025-09-10,S6,P3,3,34
2025-09-11,S6,P3,3,31
2025-09-12,S6,P3,0,31
2025-09-13,S6,P3,2,29
2025-09-14,S6,P3,4,25
2025-09-15,S6,P3,2,23
2025-09-16,S6,P3,2,21
2025-09-17,S6,P3,2,19
2025-09-18,S6,P3,5,14
2025-09-19,S6,P3,8,38
2025-09-20,S6,P3,1,37
2025-09-21,S6,P3,2,35
2025-09-22,S6,P3,2,33
2025-09-23,S6,P3,2,31
2025-09-24,S6,P3,1,30
2025-09-25,S6,P3,0,30
2025-09-26,S6,P3,4,26
2025-09-27,S6,P3,3,23
2025-09-28,S6,P3,0,23
2025-09-29,S6,P3,1,22
2025-09-30,S6,P3,1,21
2025-10-01,S6,P3,4,17
2025-10-02,S6,P3,3,14
2025-10-03,S6,P3,1,13
2025-10-04,S6,P3,4,9
2025-10-05,S6,P3,1,8
2025-10-06,S6,P3,3,37
2025-10-07,S6,P3,1,36
2025-10-08,S6,P3,2,34
2025-10-09,S6,P3,2,32
2025-10-10,S6,P3,4,28
2025-10-11,S6,P3,4,24
2025-10-12,S6,P3,4,20
2025-10-13,S6,P3,3,17
2025-10-14,S6,P3,4,13
2025-10-15,S6,P3,3,10
2025-10-16,S6,P3,3,50
2025-10-17,S6,P3,2,48
2025-10-18,S6,P3,2,46
2025-10-19,S6,P3,6,40
2025-10-20,S6,P3,2,38
2025-10-21,S6,P3,2,36
2025-10-22,S6,P3,5,31
2025-10-23,S6,P3,1,30
2025-10-24,S6,P3,5,25
2025-10-25,S6,P3,8,17
2025-10-26,S6,P3,2,15
2025-10-27,S6,P3,2,13
2025-10-28,S6,P3,7,52
2025-10-29,S6,P3,4,48
2025-10-30,S6,P3,0,48
2025-10-31,S6,P3,5,43
2025-11-01,S6,P3,4,39
2025-11-02,S6,P3,1,38
2025-11-03,S6,P3,2,36
2025-11-04,S6,P3,1,35
2025-11-05,S6,P3,3,32
2025-11-06,S6,P3,2,30
2025-11-07,S6,P3,5,25
2025-11-08,S6,P3,2,23
2025-11-09,S6,P3,5,18
2025-11-10,S6,P3,4,14
2025-11-11,S6,P3,4,10
2025-11-12,S6,P3,2,8
2025-11-13,S6,P3,2,52
2025-11-14,S6,P3,1,51
2025-11-15,S6,P3,5,46
2025-11-16,S6,P3,1,45
2025-11-17,S6,P3,4,41
2025-11-18,S6,P3,3,38
2025-11-19,S6,P3,1,37
2025-11-20,S6,P3,2,35
2025-11-21,S6,P3,2,33
2025-11-22,S6,P3,2,31
2025-11-23,S6,P3,2,29
2025-11-24,S6,P3,3,26
2025-11-25,S6,P3,1,25
2025-11-26,S6,P3,2,23
2025-11-27,S6,P3,4,19
2025-11-28,S6,P3,7,12
2025-11-29,S6,P3,2,10
2025-11-30,S6,P3,1,9
2025-12-01,S6,P3,1,8
2025-12-02,S6,P3,2,37
2025-12-03,S6,P3,0,37
2025-12-04,S6,P3,5,32
2025-12-05,S6,P3,1,31
2025-12-06,S6,P3,4,27
2025-12-07,S6,P3,3,24
2025-12-08,S6,P3,8,16
2025-12-09,S6,P3,2,14
2025-12-10,S6,P3,3,11
2025-12-11,S6,P3,3,8
2025-12-12,S6,P3,3,34
2025-12-13,S6,P3,2,32
2025-12-14,S6,P3,3,29
2025-12-15,S6,P3,1,28
2025-12-16,S6,P3,2,26
2025-12-17,S6,P3,3,23
2025-12-18,S6,P3,2,21
2025-12-19,S6,P3,8,13
2025-12-20,S6,P3,0,13
2025-12-21,S6,P3,5,8
2025-12-22,S6,P3,0,8
2025-12-23,S6,P3,3,33
2025-12-24,S6,P3,2,31
2025-12-25,S6,P3,2,29
2025-12-26,S6,P3,4,25
2025-12-27,S6,P3,3,22
2025-12-28,S6,P3,4,18
2025-12-29,S6,P3,3,15
2025-12-30,S6,P3,7,8
2025-12-31,S6,P3,1,39
2026-01-01,S6,P3,5,34
2026-01-02,S6,P3,2,32
2026-01-03,S6,P3,2,30
2026-01-04,S6,P3,2,28
2026-01-05,S6,P3,9,19
2026-01-06,S6,P3,1,18
2026-01-07,S6,P3,2,16
2026-01-08,S6,P3,4,12
2026-01-09,S6,P3,4,8
2026-01-10,S6,P3,4,42
2026-01-11,S6,P3,4,38
2026-01-12,S6,P3,4,34
2026-01-13,S6,P3,5,29
2026-01-14,S6,P3,4,25
2026-01-15,S6,P3,3,22
2026-01-16,S6,P3,2,20
2026-01-17,S6,P3,2,18
2026-01-18,S6,P3,3,15
2026-01-19,S6,P3,3,12
2026-01-20,S6,P3,2,10
2026-01-21,S6,P3,2,8
2026-01-22,S6,P3,2,28
2026-01-23,S6,P3,1,27
2026-01-24,S6,P3,3,24
2026-01-25,S6,P3,2,22
2026-01-26,S6,P3,2,20
2026-01-27,S6,P3,2,18
2026-01-28,S6,P3,2,16
2026-01-29,S6,P3,4,12
2026-01-30,S6,P3,3,9
2026-01-31,S6,P3,1,8
2026-02-01,S6,P3,0,8
2026-02-02,S6,P3,2,31
2026-02-03,S6,P3,1,30
2026-02-04,S6,P3,4,26
2026-02-05,S6,P3,3,23
2026-02-06,S6,P3,6,17
2026-02-07,S6,P3,4,13
2026-02-08,S6,P3,0,13
2026-02-09,S6,P3,3,10
2026-02-10,S6,P3,5,45
2026-02-11,S6,P3,3,42
2026-02-12,S6,P3,1,41
2026-02-13,S6,P3,4,37
2026-02-14,S6,P3,3,34
2026-02-15,S6,P3,5,29
2026-02-16,S6,P3,0,29
2026-02-17,S6,P3,4,25
2026-02-18,S6,P3,1,24
2026-02-19,S6,P3,3,21
2026-02-20,S6,P3,2,19
2026-02-21,S6,P3,0,19
2026-02-22,S6,P3,1,18
2026-02-23,S6,P3,2,16
2026-02-24,S6,P3,0,16
2026-02-25,S6,P3,2,14
2026-02-26,S6,P3,4,10
2026-02-27,S6,P3,2,8
2026-02-28,S6,P3,5,47
2026-03-01,S6,P3,2,45
2026-03-02,S6,P3,3,42
2026-03-03,S6,P3,2,40
2026-03-04,S6,P3,0,40
2026-03-05,S6,P3,6,34
2026-03-06,S6,P3,9,25
2026-03-07,S6,P3,7,18
2026-03-08,S6,P3,0,18
2026-03-09,S6,P3,1,17
2026-03-10,S6,P3,7,10
2026-03-11,S6,P3,3,46
2026-03-12,S6,P3,5,41
2026-03-13,S6,P3,1,40
2026-03-14,S6,P3,3,37
2025-09-01,S6,P4,4,33
2025-09-02,S6,P4,2,31
2025-09-03,S6,P4,1,30
2025-09-04,S6,P4,2,28
2025-09-05,S6,P4,1,27
2025-09-06,S6,P4,3,24
2025-09-07,S6,P4,5,19
2025-09-08,S6,P4,1,18
2025-09-09,S6,P4,2,16
2025-09-10,S6,P4,2,14
2025-09-11,S6,P4,1,13
2025-09-12,S6,P4,0,13
2025-09-13,S6,P4,1,12
2025-09-14,S6,P4,1,11
2025-09-15,S6,P4,1,10
2025-09-16,S6,P4,2,8
2025-09-17,S6,P4,3,5
2025-09-18,S6,P4,0,5
2025-09-19,S6,P4,1,4
2025-09-20,S6,P4,1,25
2025-09-21,S6,P4,1,24
2025-09-22,S6,P4,0,24
2025-09-23,S6,P4,2,22
2025-09-24,S6,P4,2,20
2025-09-25,S6,P4,0,20
2025-09-26,S6,P4,0,20
2025-09-27,S6,P4,4,16
2025-09-28,S6,P4,1,15
2025-09-29,S6,P4,1,14
2025-09-30,S6,P4,1,13
2025-10-01,S6,P4,1,12
2025-10-02,S6,P4,3,9
2025-10-03,S6,P4,1,8
2025-10-04,S6,P4,1,7
2025-10-05,S6,P4,4,18
2025-10-06,S6,P4,1,17
2025-10-07,S6,P4,2,15
2025-10-08,S6,P4,3,12
2025-10-09,S6,P4,2,10
2025-10-10,S6,P4,2,8
2025-10-11,S6,P4,1,7
2025-10-12,S6,P4,6,14
2025-10-13,S6,P4,0,14
2025-10-14,S6,P4,5,9
2025-10-15,S6,P4,1,8
2025-10-16,S6,P4,4,4
2025-10-17,S6,P4,0,4
2025-10-18,S6,P4,1,23
2025-10-19,S6,P4,1,22
2025-10-20,S6,P4,2,20
2025-10-21,S6,P4,2,18
2025-10-22,S6,P4,1,17
2025-10-23,S6,P4,0,17
2025-10-24,S6,P4,2,15
2025-10-25,S6,P4,2,13
2025-10-26,S6,P4,0,13
2025-10-27,S6,P4,1,12
2025-10-28,S6,P4,1,11
2025-10-29,S6,P4,1,10
2025-10-30,S6,P4,2,8
2025-10-31,S6,P4,1,7
2025-11-01,S6,P4,1,6
2025-11-02,S6,P4,2,4
2025-11-03,S6,P4,1,17
2025-11-04,S6,P4,2,15
2025-11-05,S6,P4,0,15
2025-11-06,S6,P4,1,14
2025-11-07,S6,P4,2,12
2025-11-08,S6,P4,2,10
2025-11-09,S6,P4,1,9
2025-11-10,S6,P4,0,9
2025-11-11,S6,P4,2,7
2025-11-12,S6,P4,0,7
2025-11-13,S6,P4,4,29
2025-11-14,S6,P4,1,28
2025-11-15,S6,P4,1,27
2025-11-16,S6,P4,2,25
2025-11-17,S6,P4,1,24
2025-11-18,S6,P4,0,24
2025-11-19,S6,P4,4,20
2025-11-20,S6,P4,3,17
2025-11-21,S6,P4,1,16
2025-11-22,S6,P4,2,14
2025-11-23,S6,P4,0,14
2025-11-24,S6,P4,1,13
2025-11-25,S6,P4,2,11
2025-11-26,S6,P4,2,9
2025-11-27,S6,P4,2,7
2025-11-28,S6,P4,0,7
2025-11-29,S6,P4,4,24
2025-11-30,S6,P4,1,23
2025-12-01,S6,P4,3,20
2025-12-02,S6,P4,2,18
2025-12-03,S6,P4,1,17
2025-12-04,S6,P4,2,15
2025-12-05,S6,P4,3,12
2025-12-06,S6,P4,1,11
2025-12-07,S6,P4,0,11
2025-12-08,S6,P4,0,11
2025-12-09,S6,P4,0,11
2025-12-10,S6,P4,4,7
2025-12-11,S6,P4,2,5
2025-12-12,S6,P4,1,4
2025-12-13,S6,P4,1,23
2025-12-14,S6,P4,3,20
2025-12-15,S6,P4,1,19
2025-12-16,S6,P4,0,19
2025-12-17,S6,P4,4,15
2025-12-18,S6,P4,1,14
2025-12-19,S6,P4,2,12
2025-12-20,S6,P4,4,8
2025-12-21,S6,P4,2,6
2025-12-22,S6,P4,2,4
2025-12-23,S6,P4,1,16
2025-12-24,S6,P4,1,15
2025-12-25,S6,P4,1,14
2025-12-26,S6,P4,2,12
2025-12-27,S6,P4,2,10
2025-12-28,S6,P4,0,10
2025-12-29,S6,P4,0,10
2025-12-30,S6,P4,2,8
2025-12-31,S6,P4,1,7
2026-01-01,S6,P4,6,16
2026-01-02,S6,P4,1,15
2026-01-03,S6,P4,2,13
2026-01-04,S6,P4,2,11
2026-01-05,S6,P4,1,10
2026-01-06,S6,P4,0,10
2026-01-07,S6,P4,0,10
2026-01-08,S6,P4,1,9
2026-01-09,S6,P4,0,9
2026-01-10,S6,P4,3,6
2026-01-11,S6,P4,1,5
2026-01-12,S6,P4,0,5
2026-01-13,S6,P4,0,5
2026-01-14,S6,P4,0,5
2026-01-15,S6,P4,1,4
2026-01-16,S6,P4,0,4
2026-01-17,S6,P4,4,21
2026-01-18,S6,P4,2,19
2026-01-19,S6,P4,0,19
2026-01-20,S6,P4,1,18
2026-01-21,S6,P4,2,16
2026-01-22,S6,P4,3,13
2026-01-23,S6,P4,3,10
2026-01-24,S6,P4,1,9
2026-01-25,S6,P4,3,6
2026-01-26,S6,P4,3,19
2026-01-27,S6,P4,0,19
2026-01-28,S6,P4,2,17
2026-01-29,S6,P4,3,14
2026-01-30,S6,P4,5,9
2026-01-31,S6,P4,1,8
2026-02-01,S6,P4,1,7
2026-02-02,S6,P4,3,4
2026-02-03,S6,P4,2,19
2026-02-04,S6,P4,0,19
2026-02-05,S6,P4,1,18
2026-02-06,S6,P4,1,17
2026-02-07,S6,P4,3,14
2026-02-08,S6,P4,0,14
2026-02-09,S6,P4,1,13
2026-02-10,S6,P4,2,11
2026-02-11,S6,P4,0,11
2026-02-12,S6,P4,3,8
2026-02-13,S6,P4,0,8
2026-02-14,S6,P4,1,7
2026-02-15,S6,P4,1,6
2026-02-16,S6,P4,2,4
2026-02-17,S6,P4,3,21
2026-02-18,S6,P4,6,15
2026-02-19,S6,P4,5,10
2026-02-20,S6,P4,4,6
2026-02-21,S6,P4,0,6
2026-02-22,S6,P4,2,4
2026-02-23,S6,P4,0,4
2026-02-24,S6,P4,0,4
2026-02-25,S6,P4,0,4
2026-02-26,S6,P4,1,18
2026-02-27,S6,P4,0,18
2026-02-28,S6,P4,1,17
2026-03-01,S6,P4,2,15
2026-03-02,S6,P4,3,12
2026-03-03,S6,P4,1,11
2026-03-04,S6,P4,0,11
2026-03-05,S6,P4,2,9
2026-03-06,S6,P4,2,7
2026-03-07,S6,P4,2,5
2026-03-08,S6,P4,0,5
2026-03-09,S6,P4,0,5
2026-03-10,S6,P4,0,5
2026-03-11,S6,P4,0,5
2026-03-12,S6,P4,4,17
2026-03-13,S6,P4,3,14
2026-03-14,S6,P4,0,14
2025-09-01,S6,P5,1,20
2025-09-02,S6,P5,1,19
2025-09-03,S6,P5,2,17
2025-09-04,S6,P5,0,17
2025-09-05,S6,P5,0,17
2025-09-06,S6,P5,2,15
2025-09-07,S6,P5,1,14
2025-09-08,S6,P5,0,14
2025-09-09,S6,P5,2,12
2025-09-10,S6,P5,5,7
2025-09-11,S6,P5,1,6
2025-09-12,S6,P5,2,4
2025-09-13,S6,P5,1,28
2025-09-14,S6,P5,4,24
2025-09-15,S6,P5,0,24
2025-09-16,S6,P5,0,24
2025-09-17,S6,P5,3,21
2025-09-18,S6,P5,2,19
2025-09-19,S6,P5,0,19
2025-09-20,S6,P5,4,15
2025-09-21,S6,P5,1,14
2025-09-22,S6,P5,1,13
2025-09-23,S6,P5,1,12
2025-09-24,S6,P5,1,11
2025-09-25,S6,P5,2,9
2025-09-26,S6,P5,2,7
2025-09-27,S6,P5,3,4
2025-09-28,S6,P5,3,12
2025-09-29,S6,P5,1,11
2025-09-30,S6,P5,2,9
2025-10-01,S6,P5,2,7
2025-10-02,S6,P5,1,6
2025-10-03,S6,P5,3,20
2025-10-04,S6,P5,2,18
2025-10-05,S6,P5,1,17
2025-10-06,S6,P5,3,14
2025-10-07,S6,P5,1,13
2025-10-08,S6,P5,2,11
2025-10-09,S6,P5,1,10
2025-10-10,S6,P5,1,9
2025-10-11,S6,P5,2,7
2025-10-12,S6,P5,2,5
2025-10-13,S6,P5,1,4
2025-10-14,S6,P5,1,27
2025-10-15,S6,P5,1,26
2025-10-16,S6,P5,2,24
2025-10-17,S6,P5,1,23
2025-10-18,S6,P5,2,21
2025-10-19,S6,P5,1,20
2025-10-20,S6,P5,1,19
2025-10-21,S6,P5,4,15
2025-10-22,S6,P5,2,13
2025-10-23,S6,P5,5,8
2025-10-24,S6,P5,1,7
2025-10-25,S6,P5,0,7
2025-10-26,S6,P5,2,5
2025-10-27,S6,P5,0,5
2025-10-28,S6,P5,1,4
2025-10-29,S6,P5,1,20
2025-10-30,S6,P5,1,19
2025-10-31,S6,P5,2,17
2025-11-01,S6,P5,2,15
2025-11-02,S6,P5,2,13
2025-11-03,S6,P5,3,10
2025-11-04,S6,P5,3,7
2025-11-05,S6,P5,3,4
2025-11-06,S6,P5,3,14
2025-11-07,S6,P5,2,12
2025-11-08,S6,P5,5,7
2025-11-09,S6,P5,2,5
2025-11-10,S6,P5,1,4
2025-11-11,S6,P5,0,4
2025-11-12,S6,P5,0,4
2025-11-13,S6,P5,3,24
2025-11-14,S6,P5,3,21
2025-11-15,S6,P5,1,20
2025-11-16,S6,P5,1,19
2025-11-17,S6,P5,4,15
2025-11-18,S6,P5,1,14
2025-11-19,S6,P5,5,9
2025-11-20,S6,P5,2,7
2025-11-21,S6,P5,0,7
2025-11-22,S6,P5,1,6
2025-11-23,S6,P5,2,4
2025-11-24,S6,P5,2,27
2025-11-25,S6,P5,3,24
2025-11-26,S6,P5,2,22
2025-11-27,S6,P5,2,20
2025-11-28,S6,P5,4,16
2025-11-29,S6,P5,1,15
2025-11-30,S6,P5,0,15
2025-12-01,S6,P5,0,15
2025-12-02,S6,P5,0,15
2025-12-03,S6,P5,3,12
2025-12-04,S6,P5,2,10
2025-12-05,S6,P5,3,7
2025-12-06,S6,P5,2,5
2025-12-07,S6,P5,4,25
2025-12-08,S6,P5,0,25
2025-12-09,S6,P5,2,23
2025-12-10,S6,P5,3,20
2025-12-11,S6,P5,2,18
2025-12-12,S6,P5,1,17
2025-12-13,S6,P5,2,15
2025-12-14,S6,P5,1,14
2025-12-15,S6,P5,2,12
2025-12-16,S6,P5,0,12
2025-12-17,S6,P5,3,9
2025-12-18,S6,P5,0,9
2025-12-19,S6,P5,2,7
2025-12-20,S6,P5,0,7
2025-12-21,S6,P5,0,7
2025-12-22,S6,P5,0,7
2025-12-23,S6,P5,1,6
2025-12-24,S6,P5,1,5
2025-12-25,S6,P5,2,22
2025-12-26,S6,P5,6,16
2025-12-27,S6,P5,1,15
2025-12-28,S6,P5,3,12
2025-12-29,S6,P5,2,10
2025-12-30,S6,P5,3,7
2025-12-31,S6,P5,2,5
2026-01-01,S6,P5,0,5
2026-01-02,S6,P5,1,4
2026-01-03,S6,P5,2,15
2026-01-04,S6,P5,1,14
2026-01-05,S6,P5,0,14
2026-01-06,S6,P5,1,13
2026-01-07,S6,P5,1,12
2026-01-08,S6,P5,3,9
2026-01-09,S6,P5,5,4
2026-01-10,S6,P5,3,13
2026-01-11,S6,P5,1,12
2026-01-12,S6,P5,1,11
2026-01-13,S6,P5,4,7
2026-01-14,S6,P5,1,6
2026-01-15,S6,P5,2,4
2026-01-16,S6,P5,1,24
2026-01-17,S6,P5,2,22
2026-01-18,S6,P5,1,21
2026-01-19,S6,P5,0,21
2026-01-20,S6,P5,2,19
2026-01-21,S6,P5,1,18
2026-01-22,S6,P5,0,18
2026-01-23,S6,P5,0,18
2026-01-24,S6,P5,1,17
2026-01-25,S6,P5,2,15
2026-01-26,S6,P5,1,14
2026-01-27,S6,P5,2,12
2026-01-28,S6,P5,3,9
2026-01-29,S6,P5,1,8
2026-01-30,S6,P5,3,5
2026-01-31,S6,P5,0,5
2026-02-01,S6,P5,3,26
2026-02-02,S6,P5,0,26
2026-02-03,S6,P5,2,24
2026-02-04,S6,P5,0,24
2026-02-05,S6,P5,1,23
2026-02-06,S6,P5,1,22
2026-02-07,S6,P5,3,19
2026-02-08,S6,P5,2,17
2026-02-09,S6,P5,3,14
2026-02-10,S6,P5,1,13
2026-02-11,S6,P5,0,13
2026-02-12,S6,P5,2,11
2026-02-13,S6,P5,2,9
2026-02-14,S6,P5,1,8
2026-02-15,S6,P5,3,5
2026-02-16,S6,P5,3,21
2026-02-17,S6,P5,2,19
2026-02-18,S6,P5,2,17
2026-02-19,S6,P5,1,16
2026-02-20,S6,P5,1,15
2026-02-21,S6,P5,0,15
2026-02-22,S6,P5,3,12
2026-02-23,S6,P5,0,12
2026-02-24,S6,P5,2,10
2026-02-25,S6,P5,3,7
2026-02-26,S6,P5,2,5
2026-02-27,S6,P5,2,19
2026-02-28,S6,P5,3,16
2026-03-01,S6,P5,1,15
2026-03-02,S6,P5,0,15
2026-03-03,S6,P5,0,15
2026-03-04,S6,P5,0,15
2026-03-05,S6,P5,0,15
2026-03-06,S6,P5,2,13
2026-03-07,S6,P5,1,12
2026-03-08,S6,P5,0,12
2026-03-09,S6,P5,2,10
2026-03-10,S6,P5,0,10
2026-03-11,S6,P5,5,5
2026-03-12,S6,P5,2,26
2026-03-13,S6,P5,0,26
2026-03-14,S6,P5,1,25
2025-09-01,S6,P6,5,120
2025-09-02,S6,P6,6,114
2025-09-03,S6,P6,5,109
2025-09-04,S6,P6,3,106
2025-09-05,S6,P6,7,99
2025-09-06,S6,P6,9,90
2025-09-07,S6,P6,6,84
2025-09-08,S6,P6,4,80
2025-09-09,S6,P6,8,72
2025-09-10,S6,P6,5,67
2025-09-11,S6,P6,4,63
2025-09-12,S6,P6,7,56
2025-09-13,S6,P6,9,47
2025-09-14,S6,P6,1,46
2025-09-15,S6,P6,6,40
2025-09-16,S6,P6,3,37
2025-09-17,S6,P6,4,33
2025-09-18,S6,P6,1,32
2025-09-19,S6,P6,3,29
2025-09-20,S6,P6,5,24
2025-09-21,S6,P6,3,21
2025-09-22,S6,P6,6,15
2025-09-23,S6,P6,7,90
2025-09-24,S6,P6,3,87
2025-09-25,S6,P6,7,80
2025-09-26,S6,P6,2,78
2025-09-27,S6,P6,6,72
2025-09-28,S6,P6,6,66
2025-09-29,S6,P6,2,64
2025-09-30,S6,P6,4,60
2025-10-01,S6,P6,3,57
2025-10-02,S6,P6,5,52
2025-10-03,S6,P6,5,47
2025-10-04,S6,P6,6,41
2025-10-05,S6,P6,3,38
2025-10-06,S6,P6,0,38
2025-10-07,S6,P6,2,36
2025-10-08,S6,P6,5,31
2025-10-09,S6,P6,6,25
2025-10-10,S6,P6,8,17
2025-10-11,S6,P6,6,99
2025-10-12,S6,P6,3,96
2025-10-13,S6,P6,1,95
2025-10-14,S6,P6,2,93
2025-10-15,S6,P6,2,91
2025-10-16,S6,P6,3,88
2025-10-17,S6,P6,6,82
2025-10-18,S6,P6,12,70
2025-10-19,S6,P6,6,64
2025-10-20,S6,P6,6,58
2025-10-21,S6,P6,6,52
2025-10-22,S6,P6,8,44
2025-10-23,S6,P6,4,40
2025-10-24,S6,P6,3,37
2025-10-25,S6,P6,4,33
2025-10-26,S6,P6,3,30
2025-10-27,S6,P6,10,20
2025-10-28,S6,P6,5,15
2025-10-29,S6,P6,4,88
2025-10-30,S6,P6,5,83
2025-10-31,S6,P6,4,79
2025-11-01,S6,P6,5,74
2025-11-02,S6,P6,6,68
2025-11-03,S6,P6,2,66
2025-11-04,S6,P6,6,60
2025-11-05,S6,P6,2,58
2025-11-06,S6,P6,5,53
2025-11-07,S6,P6,6,47
2025-11-08,S6,P6,5,42
2025-11-09,S6,P6,7,35
2025-11-10,S6,P6,7,28
2025-11-11,S6,P6,6,22
2025-11-12,S6,P6,4,18
2025-11-13,S6,P6,2,16
2025-11-14,S6,P6,5,64
2025-11-15,S6,P6,8,56
2025-11-16,S6,P6,2,54
2025-11-17,S6,P6,4,50
2025-11-18,S6,P6,4,46
2025-11-19,S6,P6,7,39
2025-11-20,S6,P6,3,36
2025-11-21,S6,P6,1,35
2025-11-22,S6,P6,4,31
2025-11-23,S6,P6,8,23
2025-11-24,S6,P6,5,18
2025-11-25,S6,P6,7,66
2025-11-26,S6,P6,4,62
2025-11-27,S6,P6,7,55
2025-11-28,S6,P6,7,48
2025-11-29,S6,P6,6,42
2025-11-30,S6,P6,4,38
2025-12-01,S6,P6,2,36
2025-12-02,S6,P6,4,32
2025-12-03,S6,P6,9,23
2025-12-04,S6,P6,6,17
2025-12-05,S6,P6,6,76
2025-12-06,S6,P6,5,71
2025-12-07,S6,P6,4,67
2025-12-08,S6,P6,6,61
2025-12-09,S6,P6,9,52
2025-12-10,S6,P6,3,49
2025-12-11,S6,P6,4,45
2025-12-12,S6,P6,8,37
2025-12-13,S6,P6,11,26
2025-12-14,S6,P6,4,22
2025-12-15,S6,P6,7,15
2025-12-16,S6,P6,8,79
2025-12-17,S6,P6,7,72
2025-12-18,S6,P6,9,63
2025-12-19,S6,P6,8,55
2025-12-20,S6,P6,4,51
2025-12-21,S6,P6,3,48
2025-12-22,S6,P6,4,44
2025-12-23,S6,P6,3,41
2025-12-24,S6,P6,5,36
2025-12-25,S6,P6,6,30
2025-12-26,S6,P6,5,25
2025-12-27,S6,P6,8,17
2025-12-28,S6,P6,2,15
2025-12-29,S6,P6,8,51
2025-12-30,S6,P6,2,49
2025-12-31,S6,P6,4,45
2026-01-01,S6,P6,8,37
2026-01-02,S6,P6,5,32
2026-01-03,S6,P6,2,30
2026-01-04,S6,P6,6,24
2026-01-05,S6,P6,5,19
2026-01-06,S6,P6,2,17
2026-01-07,S6,P6,3,83
2026-01-08,S6,P6,3,80
2026-01-09,S6,P6,6,74
2026-01-10,S6,P6,6,68
2026-01-11,S6,P6,5,63
2026-01-12,S6,P6,5,58
2026-01-13,S6,P6,7,51
2026-01-14,S6,P6,7,44
2026-01-15,S6,P6,11,33
2026-01-16,S6,P6,6,27
2026-01-17,S6,P6,5,22
2026-01-18,S6,P6,2,20
2026-01-19,S6,P6,6,61
2026-01-20,S6,P6,3,58
2026-01-21,S6,P6,6,52
2026-01-22,S6,P6,4,48
2026-01-23,S6,P6,9,39
2026-01-24,S6,P6,8,31
2026-01-25,S6,P6,4,27
2026-01-26,S6,P6,1,26
2026-01-27,S6,P6,4,22
2026-01-28,S6,P6,5,17
2026-01-29,S6,P6,6,70
2026-01-30,S6,P6,6,64
2026-01-31,S6,P6,4,60
2026-02-01,S6,P6,4,56
2026-02-02,S6,P6,4,52
2026-02-03,S6,P6,6,46
2026-02-04,S6,P6,0,46
2026-02-05,S6,P6,4,42
2026-02-06,S6,P6,3,39
2026-02-07,S6,P6,3,36
2026-02-08,S6,P6,6,30
2026-02-09,S6,P6,7,23
2026-02-10,S6,P6,0,23
2026-02-11,S6,P6,6,17
2026-02-12,S6,P6,3,94
2026-02-13,S6,P6,7,87
2026-02-14,S6,P6,2,85
2026-02-15,S6,P6,7,78
2026-02-16,S6,P6,1,77
2026-02-17,S6,P6,11,66
2026-02-18,S6,P6,4,62
2026-02-19,S6,P6,3,59
2026-02-20,S6,P6,8,51
2026-02-21,S6,P6,12,39
2026-02-22,S6,P6,3,36
2026-02-23,S6,P6,3,33
2026-02-24,S6,P6,8,25
2026-02-25,S6,P6,9,16
2026-02-26,S6,P6,8,67
2026-02-27,S6,P6,6,61
2026-02-28,S6,P6,6,55
2026-03-01,S6,P6,2,53
2026-03-02,S6,P6,5,48
2026-03-03,S6,P6,5,43
2026-03-04,S6,P6,4,39
2026-03-05,S6,P6,5,34
2026-03-06,S6,P6,5,29
2026-03-07,S6,P6,8,21
2026-03-08,S6,P6,6,15
2026-03-09,S6,P6,8,70
2026-03-10,S6,P6,8,62
2026-03-11,S6,P6,5,57
2026-03-12,S6,P6,5,52
2026-03-13,S6,P6,3,49
2026-03-14,S6,P6,7,42
2025-09-01,S6,P7,6,90
2025-09-02,S6,P7,3,87
2025-09-03,S6,P7,4,83
2025-09-04,S6,P7,7,76
2025-09-05,S6,P7,9,67
2025-09-06,S6,P7,10,57
2025-09-07,S6,P7,5,52
2025-09-08,S6,P7,2,50
2025-09-09,S6,P7,12,38
2025-09-10,S6,P7,6,32
2025-09-11,S6,P7,7,25
2025-09-12,S6,P7,6,19
2025-09-13,S6,P7,4,81
2025-09-14,S6,P7,7,74
2025-09-15,S6,P7,3,71
2025-09-16,S6,P7,7,64
2025-09-17,S6,P7,2,62
2025-09-18,S6,P7,9,53
2025-09-19,S6,P7,8,45
2025-09-20,S6,P7,9,36
2025-09-21,S6,P7,1,35
2025-09-22,S6,P7,6,29
2025-09-23,S6,P7,6,23
2025-09-24,S6,P7,7,108
2025-09-25,S6,P7,4,104
2025-09-26,S6,P7,7,97
2025-09-27,S6,P7,5,92
2025-09-28,S6,P7,9,83
2025-09-29,S6,P7,5,78
2025-09-30,S6,P7,0,78
2025-10-01,S6,P7,6,72
2025-10-02,S6,P7,5,67
2025-10-03,S6,P7,4,63
2025-10-04,S6,P7,9,54
2025-10-05,S6,P7,5,49
2025-10-06,S6,P7,8,41
2025-10-07,S6,P7,3,38
2025-10-08,S6,P7,6,32
2025-10-09,S6,P7,6,26
2025-10-10,S6,P7,8,18
2025-10-11,S6,P7,6,82
2025-10-12,S6,P7,10,72
2025-10-13,S6,P7,3,69
2025-10-14,S6,P7,7,62
2025-10-15,S6,P7,6,56
2025-10-16,S6,P7,7,49
2025-10-17,S6,P7,8,41
2025-10-18,S6,P7,8,33
2025-10-19,S6,P7,8,25
2025-10-20,S6,P7,1,24
2025-10-21,S6,P7,12,90
2025-10-22,S6,P7,6,84
2025-10-23,S6,P7,2,82
2025-10-24,S6,P7,9,73
2025-10-25,S6,P7,6,67
2025-10-26,S6,P7,6,61
2025-10-27,S6,P7,8,53
2025-10-28,S6,P7,6,47
2025-10-29,S6,P7,7,40
2025-10-30,S6,P7,18,22
2025-10-31,S6,P7,8,66
2025-11-01,S6,P7,9,57
2025-11-02,S6,P7,5,52
2025-11-03,S6,P7,6,46
2025-11-04,S6,P7,3,43
2025-11-05,S6,P7,6,37
2025-11-06,S6,P7,6,31
2025-11-07,S6,P7,9,22
2025-11-08,S6,P7,4,18
2025-11-09,S6,P7,7,90
2025-11-10,S6,P7,4,86
2025-11-11,S6,P7,7,79
2025-11-12,S6,P7,6,73
2025-11-13,S6,P7,5,68
2025-11-14,S6,P7,5,63
2025-11-15,S6,P7,3,60
2025-11-16,S6,P7,3,57
2025-11-17,S6,P7,4,53
2025-11-18,S6,P7,4,49
2025-11-19,S6,P7,6,43
2025-11-20,S6,P7,8,35
2025-11-21,S6,P7,8,27
2025-11-22,S6,P7,8,19
2025-11-23,S6,P7,13,89
2025-11-24,S6,P7,7,82
2025-11-25,S6,P7,6,76
2025-11-26,S6,P7,5,71
2025-11-27,S6,P7,9,62
2025-11-28,S6,P7,8,54
2025-11-29,S6,P7,4,50
2025-11-30,S6,P7,4,46
2025-12-01,S6,P7,6,40
2025-12-02,S6,P7,5,35
2025-12-03,S6,P7,5,30
2025-12-04,S6,P7,7,23
2025-12-05,S6,P7,6,17
2025-12-06,S6,P7,3,69
2025-12-07,S6,P7,4,65
2025-12-08,S6,P7,5,60
2025-12-09,S6,P7,8,52
2025-12-10,S6,P7,5,47
2025-12-11,S6,P7,3,44
2025-12-12,S6,P7,2,42
2025-12-13,S6,P7,7,35
2025-12-14,S6,P7,5,30
2025-12-15,S6,P7,6,24
2025-12-16,S6,P7,10,99
2025-12-17,S6,P7,7,92
2025-12-18,S6,P7,3,89
2025-12-19,S6,P7,8,81
2025-12-20,S6,P7,5,76
2025-12-21,S6,P7,5,71
2025-12-22,S6,P7,0,71
2025-12-23,S6,P7,8,63
2025-12-24,S6,P7,5,58
2025-12-25,S6,P7,6,52
2025-12-26,S6,P7,7,45
2025-12-27,S6,P7,10,35
2025-12-28,S6,P7,3,32
2025-12-29,S6,P7,5,27
2025-12-30,S6,P7,1,26
2025-12-31,S6,P7,2,24
2026-01-01,S6,P7,4,20
2026-01-02,S6,P7,8,70
2026-01-03,S6,P7,6,64
2026-01-04,S6,P7,2,62
2026-01-05,S6,P7,0,62
2026-01-06,S6,P7,1,61
2026-01-07,S6,P7,2,59
2026-01-08,S6,P7,6,53
2026-01-09,S6,P7,6,47
2026-01-10,S6,P7,8,39
2026-01-11,S6,P7,5,34
2026-01-12,S6,P7,4,30
2026-01-13,S6,P7,9,21
2026-01-14,S6,P7,6,93
2026-01-15,S6,P7,3,90
2026-01-16,S6,P7,8,82
2026-01-17,S6,P7,6,76
2026-01-18,S6,P7,2,74
2026-01-19,S6,P7,5,69
2026-01-20,S6,P7,6,63
2026-01-21,S6,P7,3,60
2026-01-22,S6,P7,5,55
2026-01-23,S6,P7,8,47
2026-01-24,S6,P7,6,41
2026-01-25,S6,P7,7,34
2026-01-26,S6,P7,2,32
2026-01-27,S6,P7,11,21
2026-01-28,S6,P7,2,19
2026-01-29,S6,P7,4,98
2026-01-30,S6,P7,13,85
2026-01-31,S6,P7,4,81
2026-02-01,S6,P7,6,75
2026-02-02,S6,P7,2,73
2026-02-03,S6,P7,3,70
2026-02-04,S6,P7,8,62
2026-02-05,S6,P7,6,56
2026-02-06,S6,P7,5,51
2026-02-07,S6,P7,6,45
2026-02-08,S6,P7,8,37
2026-02-09,S6,P7,6,31
2026-02-10,S6,P7,4,27
2026-02-11,S6,P7,3,24
2026-02-12,S6,P7,4,20
2026-02-13,S6,P7,7,66
2026-02-14,S6,P7,4,62
2026-02-15,S6,P7,5,57
2026-02-16,S6,P7,6,51
2026-02-17,S6,P7,5,46
2026-02-18,S6,P7,7,39
2026-02-19,S6,P7,6,33
2026-02-20,S6,P7,10,23
2026-02-21,S6,P7,7,95
2026-02-22,S6,P7,8,87
2026-02-23,S6,P7,8,79
2026-02-24,S6,P7,5,74
2026-02-25,S6,P7,8,66
2026-02-26,S6,P7,6,60
2026-02-27,S6,P7,3,57
2026-02-28,S6,P7,7,50
2026-03-01,S6,P7,8,42
2026-03-02,S6,P7,1,41
2026-03-03,S6,P7,2,39
2026-03-04,S6,P7,4,35
2026-03-05,S6,P7,7,28
2026-03-06,S6,P7,12,90
2026-03-07,S6,P7,6,84
2026-03-08,S6,P7,4,80
2026-03-09,S6,P7,3,77
2026-03-10,S6,P7,5,72
2026-03-11,S6,P7,6,66
2026-03-12,S6,P7,6,60
2026-03-13,S6,P7,5,55
2026-03-14,S6,P7,6,49
2025-09-01,S6,P8,3,34
2025-09-02,S6,P8,2,32
2025-09-03,S6,P8,0,32
2025-09-04,S6,P8,2,30
2025-09-05,S6,P8,3,27
2025-09-06,S6,P8,1,26
2025-09-07,S6,P8,2,24
2025-09-08,S6,P8,3,21
2025-09-09,S6,P8,2,19
2025-09-10,S6,P8,2,17
2025-09-11,S6,P8,1,16
2025-09-12,S6,P8,0,16
2025-09-13,S6,P8,3,13
2025-09-14,S6,P8,3,10
2025-09-15,S6,P8,2,8
2025-09-16,S6,P8,3,37
2025-09-17,S6,P8,2,35
2025-09-18,S6,P8,1,34
2025-09-19,S6,P8,4,30
2025-09-20,S6,P8,3,27
2025-09-21,S6,P8,4,23
2025-09-22,S6,P8,0,23
2025-09-23,S6,P8,3,20
2025-09-24,S6,P8,1,19
2025-09-25,S6,P8,3,16
2025-09-26,S6,P8,6,10
2025-09-27,S6,P8,3,7
2025-09-28,S6,P8,2,32
2025-09-29,S6,P8,1,31
2025-09-30,S6,P8,4,27
2025-10-01,S6,P8,1,26
2025-10-02,S6,P8,0,26
2025-10-03,S6,P8,1,25
2025-10-04,S6,P8,4,21
2025-10-05,S6,P8,2,19
2025-10-06,S6,P8,2,17
2025-10-07,S6,P8,3,14
2025-10-08,S6,P8,2,12
2025-10-09,S6,P8,1,11
2025-10-10,S6,P8,2,9
2025-10-11,S6,P8,2,7
2025-10-12,S6,P8,1,6
2025-10-13,S6,P8,2,24
2025-10-14,S6,P8,0,24
2025-10-15,S6,P8,2,22
2025-10-16,S6,P8,1,21
2025-10-17,S6,P8,5,16
2025-10-18,S6,P8,3,13
2025-10-19,S6,P8,4,9
2025-10-20,S6,P8,2,7
2025-10-21,S6,P8,1,6
2025-10-22,S6,P8,5,34
2025-10-23,S6,P8,2,32
2025-10-24,S6,P8,5,27
2025-10-25,S6,P8,1,26
2025-10-26,S6,P8,0,26
2025-10-27,S6,P8,1,25
2025-10-28,S6,P8,3,22
2025-10-29,S6,P8,1,21
2025-10-30,S6,P8,1,20
2025-10-31,S6,P8,4,16
2025-11-01,S6,P8,2,14
2025-11-02,S6,P8,2,12
2025-11-03,S6,P8,0,12
2025-11-04,S6,P8,6,6
2025-11-05,S6,P8,1,39
2025-11-06,S6,P8,0,39
2025-11-07,S6,P8,7,32
2025-11-08,S6,P8,2,30
2025-11-09,S6,P8,1,29
2025-11-10,S6,P8,2,27
2025-11-11,S6,P8,1,26
2025-11-12,S6,P8,1,25
2025-11-13,S6,P8,1,24
2025-11-14,S6,P8,2,22
2025-11-15,S6,P8,0,22
2025-11-16,S6,P8,4,18
2025-11-17,S6,P8,1,17
2025-11-18,S6,P8,0,17
2025-11-19,S6,P8,1,16
2025-11-20,S6,P8,1,15
2025-11-21,S6,P8,3,12
2025-11-22,S6,P8,3,9
2025-11-23,S6,P8,2,7
2025-11-24,S6,P8,0,7
2025-11-25,S6,P8,1,6
2025-11-26,S6,P8,1,39
2025-11-27,S6,P8,3,36
2025-11-28,S6,P8,6,30
2025-11-29,S6,P8,7,23
2025-11-30,S6,P8,3,20
2025-12-01,S6,P8,5,15
2025-12-02,S6,P8,2,13
2025-12-03,S6,P8,1,12
2025-12-04,S6,P8,1,11
2025-12-05,S6,P8,1,10
2025-12-06,S6,P8,4,6
2025-12-07,S6,P8,0,6
2025-12-08,S6,P8,4,23
2025-12-09,S6,P8,3,20
2025-12-10,S6,P8,2,18
2025-12-11,S6,P8,1,17
2025-12-12,S6,P8,1,16
2025-12-13,S6,P8,4,12
2025-12-14,S6,P8,3,9
2025-12-15,S6,P8,2,7
2025-12-16,S6,P8,2,37
2025-12-17,S6,P8,2,35
2025-12-18,S6,P8,0,35
2025-12-19,S6,P8,2,33
2025-12-20,S6,P8,2,31
2025-12-21,S6,P8,7,24
2025-12-22,S6,P8,1,23
2025-12-23,S6,P8,2,21
2025-12-24,S6,P8,1,20
2025-12-25,S6,P8,1,19
2025-12-26,S6,P8,2,17
2025-12-27,S6,P8,2,15
2025-12-28,S6,P8,2,13
2025-12-29,S6,P8,2,11
2025-12-30,S6,P8,2,9
2025-12-31,S6,P8,1,8
2026-01-01,S6,P8,4,37
2026-01-02,S6,P8,1,36
2026-01-03,S6,P8,3,33
2026-01-04,S6,P8,1,32
2026-01-05,S6,P8,1,31
2026-01-06,S6,P8,3,28
2026-01-07,S6,P8,0,28
2026-01-08,S6,P8,0,28
2026-01-09,S6,P8,2,26
2026-01-10,S6,P8,1,25
2026-01-11,S6,P8,0,25
2026-01-12,S6,P8,3,22
2026-01-13,S6,P8,2,20
2026-01-14,S6,P8,6,14
2026-01-15,S6,P8,4,10
2026-01-16,S6,P8,3,7
2026-01-17,S6,P8,4,34
2026-01-18,S6,P8,1,33
2026-01-19,S6,P8,1,32
2026-01-20,S6,P8,2,30
2026-01-21,S6,P8,3,27
2026-01-22,S6,P8,1,26
2026-01-23,S6,P8,6,20
2026-01-24,S6,P8,0,20
2026-01-25,S6,P8,0,20
2026-01-26,S6,P8,0,20
2026-01-27,S6,P8,1,19
2026-01-28,S6,P8,2,17
2026-01-29,S6,P8,5,12
2026-01-30,S6,P8,3,9
2026-01-31,S6,P8,3,6
2026-02-01,S6,P8,3,31
2026-02-02,S6,P8,2,29
2026-02-03,S6,P8,5,24
2026-02-04,S6,P8,1,23
2026-02-05,S6,P8,2,21
2026-02-06,S6,P8,1,20
2026-02-07,S6,P8,1,19
2026-02-08,S6,P8,0,19
2026-02-09,S6,P8,0,19
2026-02-10,S6,P8,4,15
2026-02-11,S6,P8,4,11
2026-02-12,S6,P8,2,9
2026-02-13,S6,P8,1,8
2026-02-14,S6,P8,2,6
2026-02-15,S6,P8,4,20
2026-02-16,S6,P8,2,18
2026-02-17,S6,P8,3,15
2026-02-18,S6,P8,3,12
2026-02-19,S6,P8,1,11
2026-02-20,S6,P8,3,8
2026-02-21,S6,P8,4,38
2026-02-22,S6,P8,2,36
2026-02-23,S6,P8,3,33
2026-02-24,S6,P8,1,32
2026-02-25,S6,P8,0,32
2026-02-26,S6,P8,1,31
2026-02-27,S6,P8,3,28
2026-02-28,S6,P8,4,24
2026-03-01,S6,P8,0,24
2026-03-02,S6,P8,2,22
2026-03-03,S6,P8,2,20
2026-03-04,S6,P8,1,19
2026-03-05,S6,P8,5,14
2026-03-06,S6,P8,3,11
2026-03-07,S6,P8,2,9
2026-03-08,S6,P8,5,30
2026-03-09,S6,P8,1,29
2026-03-10,S6,P8,2,27
2026-03-11,S6,P8,2,25
2026-03-12,S6,P8,3,22
2026-03-13,S6,P8,3,19
2026-03-14,S6,P8,3,16
2025-09-01,S6,P9,4,12
2025-09-02,S6,P9,1,11
2025-09-03,S6,P9,0,11
2025-09-04,S6,P9,2,9
2025-09-05,S6,P9,1,8
2025-09-06,S6,P9,0,8
2025-09-07,S6,P9,0,8
2025-09-08,S6,P9,1,7
2025-09-09,S6,P9,0,7
2025-09-10,S6,P9,0,7
2025-09-11,S6,P9,1,6
2025-09-12,S6,P9,2,4
2025-09-13,S6,P9,0,4
2025-09-14,S6,P9,0,4
2025-09-15,S6,P9,0,4
2025-09-16,S6,P9,1,3
2025-09-17,S6,P9,2,12
2025-09-18,S6,P9,1,11
2025-09-19,S6,P9,1,10
2025-09-20,S6,P9,0,10
2025-09-21,S6,P9,0,10
2025-09-22,S6,P9,0,10
2025-09-23,S6,P9,0,10
2025-09-24,S6,P9,0,10
2025-09-25,S6,P9,1,9
2025-09-26,S6,P9,0,9
2025-09-27,S6,P9,0,9
2025-09-28,S6,P9,0,9
2025-09-29,S6,P9,1,8
2025-09-30,S6,P9,0,8
2025-10-01,S6,P9,1,7
2025-10-02,S6,P9,2,5
2025-10-03,S6,P9,0,5
2025-10-04,S6,P9,1,4
2025-10-05,S6,P9,1,3
2025-10-06,S6,P9,1,15
2025-10-07,S6,P9,1,14
2025-10-08,S6,P9,0,14
2025-10-09,S6,P9,1,13
2025-10-10,S6,P9,3,10
2025-10-11,S6,P9,1,9
2025-10-12,S6,P9,1,8
2025-10-13,S6,P9,1,7
2025-10-14,S6,P9,0,7
2025-10-15,S6,P9,1,6
2025-10-16,S6,P9,1,5
2025-10-17,S6,P9,2,3
2025-10-18,S6,P9,1,19
2025-10-19,S6,P9,0,19
2025-10-20,S6,P9,1,18
2025-10-21,S6,P9,2,16
2025-10-22,S6,P9,2,14
2025-10-23,S6,P9,0,14
2025-10-24,S6,P9,4,10
2025-10-25,S6,P9,0,10
2025-10-26,S6,P9,0,10
2025-10-27,S6,P9,0,10
2025-10-28,S6,P9,2,8
2025-10-29,S6,P9,0,8
2025-10-30,S6,P9,1,7
2025-10-31,S6,P9,3,4
2025-11-01,S6,P9,1,3
2025-11-02,S6,P9,2,11
2025-11-03,S6,P9,1,10
2025-11-04,S6,P9,2,8
2025-11-05,S6,P9,0,8
2025-11-06,S6,P9,0,8
2025-11-07,S6,P9,1,7
2025-11-08,S6,P9,1,6
2025-11-09,S6,P9,0,6
2025-11-10,S6,P9,1,5
2025-11-11,S6,P9,2,3
2025-11-12,S6,P9,1,19
2025-11-13,S6,P9,0,19
2025-11-14,S6,P9,2,17
2025-11-15,S6,P9,2,15
2025-11-16,S6,P9,1,14
2025-11-17,S6,P9,0,14
2025-11-18,S6,P9,0,14
2025-11-19,S6,P9,0,14
2025-11-20,S6,P9,1,13
2025-11-21,S6,P9,2,11
2025-11-22,S6,P9,0,11
2025-11-23,S6,P9,0,11
2025-11-24,S6,P9,1,10
2025-11-25,S6,P9,1,9
2025-11-26,S6,P9,0,9
2025-11-27,S6,P9,1,8
2025-11-28,S6,P9,2,6
2025-11-29,S6,P9,3,3
2025-11-30,S6,P9,0,3
2025-12-01,S6,P9,1,15
2025-12-02,S6,P9,0,15
2025-12-03,S6,P9,1,14
2025-12-04,S6,P9,1,13
2025-12-05,S6,P9,5,8
2025-12-06,S6,P9,3,5
2025-12-07,S6,P9,0,5
2025-12-08,S6,P9,2,3
2025-12-09,S6,P9,2,11
2025-12-10,S6,P9,1,10
2025-12-11,S6,P9,0,10
2025-12-12,S6,P9,1,9
2025-12-13,S6,P9,1,8
2025-12-14,S6,P9,0,8
2025-12-15,S6,P9,0,8
2025-12-16,S6,P9,0,8
2025-12-17,S6,P9,0,8
2025-12-18,S6,P9,0,8
2025-12-19,S6,P9,1,7
2025-12-20,S6,P9,0,7
2025-12-21,S6,P9,3,4
2025-12-22,S6,P9,0,4
2025-12-23,S6,P9,0,4
2025-12-24,S6,P9,0,4
2025-12-25,S6,P9,1,3
2025-12-26,S6,P9,3,14
2025-12-27,S6,P9,0,14
2025-12-28,S6,P9,1,13
2025-12-29,S6,P9,0,13
2025-12-30,S6,P9,1,12
2025-12-31,S6,P9,0,12
2026-01-01,S6,P9,2,10
2026-01-02,S6,P9,0,10
2026-01-03,S6,P9,1,9
2026-01-04,S6,P9,3,6
2026-01-05,S6,P9,0,6
2026-01-06,S6,P9,4,18
2026-01-07,S6,P9,3,15
2026-01-08,S6,P9,3,12
2026-01-09,S6,P9,1,11
2026-01-10,S6,P9,0,11
2026-01-11,S6,P9,1,10
2026-01-12,S6,P9,0,10
2026-01-13,S6,P9,1,9
2026-01-14,S6,P9,3,6
2026-01-15,S6,P9,2,4
2026-01-16,S6,P9,0,4
2026-01-17,S6,P9,3,18
2026-01-18,S6,P9,1,17
2026-01-19,S6,P9,0,17
2026-01-20,S6,P9,1,16
2026-01-21,S6,P9,0,16
2026-01-22,S6,P9,0,16
2026-01-23,S6,P9,3,13
2026-01-24,S6,P9,0,13
2026-01-25,S6,P9,1,12
2026-01-26,S6,P9,2,10
2026-01-27,S6,P9,0,10
2026-01-28,S6,P9,2,8
2026-01-29,S6,P9,2,6
2026-01-30,S6,P9,0,6
2026-01-31,S6,P9,0,6
2026-02-01,S6,P9,0,6
2026-02-02,S6,P9,1,5
2026-02-03,S6,P9,0,5
2026-02-04,S6,P9,1,4
2026-02-05,S6,P9,2,16
2026-02-06,S6,P9,0,16
2026-02-07,S6,P9,1,15
2026-02-08,S6,P9,1,14
2026-02-09,S6,P9,1,13
2026-02-10,S6,P9,0,13
2026-02-11,S6,P9,1,12
2026-02-12,S6,P9,0,12
2026-02-13,S6,P9,0,12
2026-02-14,S6,P9,3,9
2026-02-15,S6,P9,1,8
2026-02-16,S6,P9,1,7
2026-02-17,S6,P9,1,6
2026-02-18,S6,P9,2,4
2026-02-19,S6,P9,2,18
2026-02-20,S6,P9,0,18
2026-02-21,S6,P9,2,16
2026-02-22,S6,P9,1,15
2026-02-23,S6,P9,3,12
2026-02-24,S6,P9,0,12
2026-02-25,S6,P9,0,12
2026-02-26,S6,P9,3,9
2026-02-27,S6,P9,1,8
2026-02-28,S6,P9,1,7
2026-03-01,S6,P9,2,5
2026-03-02,S6,P9,3,15
2026-03-03,S6,P9,0,15
2026-03-04,S6,P9,0,15
2026-03-05,S6,P9,2,13
2026-03-06,S6,P9,1,12
2026-03-07,S6,P9,1,11
2026-03-08,S6,P9,2,9
2026-03-09,S6,P9,0,9
2026-03-10,S6,P9,0,9
2026-03-11,S6,P9,3,6
2026-03-12,S6,P9,0,6
2026-03-13,S6,P9,0,6
2026-03-14,S6,P9,0,6
2025-09-01,S6,P10,8,213
2025-09-02,S6,P10,10,203
2025-09-03,S6,P10,12,191
2025-09-04,S6,P10,9,182
2025-09-05,S6,P10,13,169
2025-09-06,S6,P10,17,152
2025-09-07,S6,P10,5,147
2025-09-08,S6,P10,11,136
2025-09-09,S6,P10,8,128
2025-09-10,S6,P10,10,118
2025-09-11,S6,P10,7,111
2025-09-12,S6,P10,15,96
2025-09-13,S6,P10,10,86
2025-09-14,S6,P10,13,73
2025-09-15,S6,P10,11,62
2025-09-16,S6,P10,7,55
2025-09-17,S6,P10,5,50
2025-09-18,S6,P10,9,41
2025-09-19,S6,P10,10,31
2025-09-20,S6,P10,11,129
2025-09-21,S6,P10,6,123
2025-09-22,S6,P10,7,116
2025-09-23,S6,P10,5,111
2025-09-24,S6,P10,6,105
2025-09-25,S6,P10,5,100
2025-09-26,S6,P10,8,92
2025-09-27,S6,P10,14,78
2025-09-28,S6,P10,9,69
2025-09-29,S6,P10,15,54
2025-09-30,S6,P10,6,48
2025-10-01,S6,P10,8,40
2025-10-02,S6,P10,8,32
2025-10-03,S6,P10,12,157
2025-10-04,S6,P10,9,148
2025-10-05,S6,P10,5,143
2025-10-06,S6,P10,6,137
2025-10-07,S6,P10,8,129
2025-10-08,S6,P10,8,121
2025-10-09,S6,P10,8,113
2025-10-10,S6,P10,6,107
2025-10-11,S6,P10,12,95
2025-10-12,S6,P10,12,83
2025-10-13,S6,P10,7,76
2025-10-14,S6,P10,8,68
2025-10-15,S6,P10,9,59
2025-10-16,S6,P10,8,51
2025-10-17,S6,P10,11,40
2025-10-18,S6,P10,14,26
2025-10-19,S6,P10,5,101
2025-10-20,S6,P10,10,91
2025-10-21,S6,P10,10,81
2025-10-22,S6,P10,4,77
2025-10-23,S6,P10,11,66
2025-10-24,S6,P10,8,58
2025-10-25,S6,P10,12,46
2025-10-26,S6,P10,6,40
2025-10-27,S6,P10,9,31
2025-10-28,S6,P10,9,109
2025-10-29,S6,P10,10,99
2025-10-30,S6,P10,7,92
2025-10-31,S6,P10,9,83
2025-11-01,S6,P10,9,74
2025-11-02,S6,P10,8,66
2025-11-03,S6,P10,11,55
2025-11-04,S6,P10,8,47
2025-11-05,S6,P10,7,40
2025-11-06,S6,P10,9,31
2025-11-07,S6,P10,6,105
2025-11-08,S6,P10,10,95
2025-11-09,S6,P10,11,84
2025-11-10,S6,P10,5,79
2025-11-11,S6,P10,12,67
2025-11-12,S6,P10,13,54
2025-11-13,S6,P10,7,47
2025-11-14,S6,P10,5,42
2025-11-15,S6,P10,4,38
2025-11-16,S6,P10,3,35
2025-11-17,S6,P10,11,131
2025-11-18,S6,P10,9,122
2025-11-19,S6,P10,8,114
2025-11-20,S6,P10,4,110
2025-11-21,S6,P10,13,97
2025-11-22,S6,P10,12,85
2025-11-23,S6,P10,9,76
2025-11-24,S6,P10,4,72
2025-11-25,S6,P10,9,63
2025-11-26,S6,P10,11,52
2025-11-27,S6,P10,7,45
2025-11-28,S6,P10,11,34
2025-11-29,S6,P10,6,28
2025-11-30,S6,P10,14,142
2025-12-01,S6,P10,11,131
2025-12-02,S6,P10,12,119
2025-12-03,S6,P10,9,110
2025-12-04,S6,P10,14,96
2025-12-05,S6,P10,8,88
2025-12-06,S6,P10,7,81
2025-12-07,S6,P10,9,72
2025-12-08,S6,P10,2,70
2025-12-09,S6,P10,11,59
2025-12-10,S6,P10,9,50
2025-12-11,S6,P10,13,37
2025-12-12,S6,P10,7,30
2025-12-13,S6,P10,11,135
2025-12-14,S6,P10,7,128
2025-12-15,S6,P10,8,120
2025-12-16,S6,P10,1,119
2025-12-17,S6,P10,4,115
2025-12-18,S6,P10,13,102
2025-12-19,S6,P10,11,91
2025-12-20,S6,P10,6,85
2025-12-21,S6,P10,6,79
2025-12-22,S6,P10,16,63
2025-12-23,S6,P10,8,55
2025-12-24,S6,P10,12,43
2025-12-25,S6,P10,9,34
2025-12-26,S6,P10,9,140
2025-12-27,S6,P10,19,121
2025-12-28,S6,P10,7,114
2025-12-29,S6,P10,12,102
2025-12-30,S6,P10,6,96
2025-12-31,S6,P10,7,89
2026-01-01,S6,P10,5,84
2026-01-02,S6,P10,12,72
2026-01-03,S6,P10,11,61
2026-01-04,S6,P10,4,57
2026-01-05,S6,P10,7,50
2026-01-06,S6,P10,13,37
2026-01-07,S6,P10,11,26
2026-01-08,S6,P10,3,164
2026-01-09,S6,P10,8,156
2026-01-10,S6,P10,9,147
2026-01-11,S6,P10,5,142
2026-01-12,S6,P10,10,132
2026-01-13,S6,P10,4,128
2026-01-14,S6,P10,3,125
2026-01-15,S6,P10,13,112
2026-01-16,S6,P10,9,103
2026-01-17,S6,P10,9,94
2026-01-18,S6,P10,7,87
2026-01-19,S6,P10,6,81
2026-01-20,S6,P10,8,73
2026-01-21,S6,P10,3,70
2026-01-22,S6,P10,6,64
2026-01-23,S6,P10,6,58
2026-01-24,S6,P10,9,49
2026-01-25,S6,P10,17,32
2026-01-26,S6,P10,5,27
2026-01-27,S6,P10,14,156
2026-01-28,S6,P10,8,148
2026-01-29,S6,P10,15,133
2026-01-30,S6,P10,6,127
2026-01-31,S6,P10,15,112
2026-02-01,S6,P10,6,106
2026-02-02,S6,P10,8,98
2026-02-03,S6,P10,16,82
2026-02-04,S6,P10,11,71
2026-02-05,S6,P10,12,59
2026-02-06,S6,P10,11,48
2026-02-07,S6,P10,9,39
2026-02-08,S6,P10,9,30
2026-02-09,S6,P10,8,161
2026-02-10,S6,P10,7,154
2026-02-11,S6,P10,7,147
2026-02-12,S6,P10,10,137
2026-02-13,S6,P10,12,125
2026-02-14,S6,P10,10,115
2026-02-15,S6,P10,13,102
2026-02-16,S6,P10,8,94
2026-02-17,S6,P10,9,85
2026-02-18,S6,P10,10,75
2026-02-19,S6,P10,7,68
2026-02-20,S6,P10,8,60
2026-02-21,S6,P10,15,45
2026-02-22,S6,P10,8,37
2026-02-23,S6,P10,8,29
2026-02-24,S6,P10,6,128
2026-02-25,S6,P10,12,116
2026-02-26,S6,P10,16,100
2026-02-27,S6,P10,13,87
2026-02-28,S6,P10,10,77
2026-03-01,S6,P10,6,71
2026-03-02,S6,P10,10,61
2026-03-03,S6,P10,10,51
2026-03-04,S6,P10,6,45
2026-03-05,S6,P10,5,40
2026-03-06,S6,P10,9,31
2026-03-07,S6,P10,6,112
2026-03-08,S6,P10,3,109
2026-03-09,S6,P10,12,97
2026-03-10,S6,P10,9,88
2026-03-11,S6,P10,12,76
2026-03-12,S6,P10,10,66
2026-03-13,S6,P10,9,57
2026-03-14,S6,P10,11,46
2025-09-01,S6,P11,4,74
2025-09-02,S6,P11,4,70
2025-09-03,S6,P11,4,66
2025-09-04,S6,P11,4,62
2025-09-05,S6,P11,1,61
2025-09-06,S6,P11,4,57
2025-09-07,S6,P11,6,51
2025-09-08,S6,P11,6,45
2025-09-09,S6,P11,3,42
2025-09-10,S6,P11,4,38
2025-09-11,S6,P11,1,37
2025-09-12,S6,P11,2,35
2025-09-13,S6,P11,3,32
2025-09-14,S6,P11,2,30
2025-09-15,S6,P11,3,27
2025-09-16,S6,P11,1,26
2025-09-17,S6,P11,6,20
2025-09-18,S6,P11,3,17
2025-09-19,S6,P11,2,15
2025-09-20,S6,P11,2,13
2025-09-21,S6,P11,3,10
2025-09-22,S6,P11,4,38
2025-09-23,S6,P11,4,34
2025-09-24,S6,P11,4,30
2025-09-25,S6,P11,2,28
2025-09-26,S6,P11,3,25
2025-09-27,S6,P11,1,24
2025-09-28,S6,P11,9,15
2025-09-29,S6,P11,4,11
2025-09-30,S6,P11,2,61
2025-10-01,S6,P11,2,59
2025-10-02,S6,P11,3,56
2025-10-03,S6,P11,2,54
2025-10-04,S6,P11,0,54
2025-10-05,S6,P11,5,49
2025-10-06,S6,P11,4,45
2025-10-07,S6,P11,2,43
2025-10-08,S6,P11,2,41
2025-10-09,S6,P11,2,39
2025-10-10,S6,P11,1,38
2025-10-11,S6,P11,2,36
2025-10-12,S6,P11,5,31
2025-10-13,S6,P11,3,28
2025-10-14,S6,P11,0,28
2025-10-15,S6,P11,5,23
2025-10-16,S6,P11,4,19
2025-10-17,S6,P11,4,15
2025-10-18,S6,P11,6,65
2025-10-19,S6,P11,7,58
2025-10-20,S6,P11,6,52
2025-10-21,S6,P11,1,51
2025-10-22,S6,P11,3,48
2025-10-23,S6,P11,7,41
2025-10-24,S6,P11,2,39
2025-10-25,S6,P11,3,36
2025-10-26,S6,P11,2,34
2025-10-27,S6,P11,2,32
2025-10-28,S6,P11,6,26
2025-10-29,S6,P11,1,25
2025-10-30,S6,P11,1,24
2025-10-31,S6,P11,4,20
2025-11-01,S6,P11,10,10
2025-11-02,S6,P11,1,49
2025-11-03,S6,P11,3,46
2025-11-04,S6,P11,7,39
2025-11-05,S6,P11,6,33
2025-11-06,S6,P11,2,31
2025-11-07,S6,P11,9,22
2025-11-08,S6,P11,3,19
2025-11-09,S6,P11,2,17
2025-11-10,S6,P11,5,12
2025-11-11,S6,P11,3,69
2025-11-12,S6,P11,2,67
2025-11-13,S6,P11,3,64
2025-11-14,S6,P11,5,59
2025-11-15,S6,P11,6,53
2025-11-16,S6,P11,4,49
2025-11-17,S6,P11,0,49
2025-11-18,S6,P11,4,45
2025-11-19,S6,P11,7,38
2025-11-20,S6,P11,5,33
2025-11-21,S6,P11,7,26
2025-11-22,S6,P11,3,23
2025-11-23,S6,P11,7,16
2025-11-24,S6,P11,2,14
2025-11-25,S6,P11,5,59
2025-11-26,S6,P11,6,53
2025-11-27,S6,P11,1,52
2025-11-28,S6,P11,2,50
2025-11-29,S6,P11,3,47
2025-11-30,S6,P11,4,43
2025-12-01,S6,P11,2,41
2025-12-02,S6,P11,4,37
2025-12-03,S6,P11,3,34
2025-12-04,S6,P11,3,31
2025-12-05,S6,P11,1,30
2025-12-06,S6,P11,5,25
2025-12-07,S6,P11,4,21
2025-12-08,S6,P11,1,20
2025-12-09,S6,P11,9,11
2025-12-10,S6,P11,0,11
2025-12-11,S6,P11,5,63
2025-12-12,S6,P11,3,60
2025-12-13,S6,P11,4,56
2025-12-14,S6,P11,1,55
2025-12-15,S6,P11,4,51
2025-12-16,S6,P11,2,49
2025-12-17,S6,P11,2,47
2025-12-18,S6,P11,4,43
2025-12-19,S6,P11,6,37
2025-12-20,S6,P11,4,33
2025-12-21,S6,P11,4,29
2025-12-22,S6,P11,3,26
2025-12-23,S6,P11,3,23
2025-12-24,S6,P11,7,16
2025-12-25,S6,P11,5,11
2025-12-26,S6,P11,1,10
2025-12-27,S6,P11,5,39
2025-12-28,S6,P11,1,38
2025-12-29,S6,P11,1,37
2025-12-30,S6,P11,2,35
2025-12-31,S6,P11,3,32
2026-01-01,S6,P11,3,29
2026-01-02,S6,P11,4,25
2026-01-03,S6,P11,4,21
2026-01-04,S6,P11,4,17
2026-01-05,S6,P11,1,16
2026-01-06,S6,P11,1,15
2026-01-07,S6,P11,4,11
2026-01-08,S6,P11,2,54
2026-01-09,S6,P11,5,49
2026-01-10,S6,P11,1,48
2026-01-11,S6,P11,2,46
2026-01-12,S6,P11,3,43
2026-01-13,S6,P11,3,40
2026-01-14,S6,P11,5,35
2026-01-15,S6,P11,4,31
2026-01-16,S6,P11,1,30
2026-01-17,S6,P11,3,27
2026-01-18,S6,P11,9,18
2026-01-19,S6,P11,5,13
2026-01-20,S6,P11,5,52
2026-01-21,S6,P11,8,44
2026-01-22,S6,P11,3,41
2026-01-23,S6,P11,2,39
2026-01-24,S6,P11,3,36
2026-01-25,S6,P11,3,33
2026-01-26,S6,P11,2,31
2026-01-27,S6,P11,4,27
2026-01-28,S6,P11,4,23
2026-01-29,S6,P11,4,19
2026-01-30,S6,P11,2,17
2026-01-31,S6,P11,1,16
2026-02-01,S6,P11,7,49
2026-02-02,S6,P11,3,46
2026-02-03,S6,P11,1,45
2026-02-04,S6,P11,5,40
2026-02-05,S6,P11,3,37
2026-02-06,S6,P11,2,35
2026-02-07,S6,P11,3,32
2026-02-08,S6,P11,4,28
2026-02-09,S6,P11,2,26
2026-02-10,S6,P11,5,21
2026-02-11,S6,P11,5,16
2026-02-12,S6,P11,5,11
2026-02-13,S6,P11,3,67
2026-02-14,S6,P11,4,63
2026-02-15,S6,P11,1,62
2026-02-16,S6,P11,4,58
2026-02-17,S6,P11,7,51
2026-02-18,S6,P11,5,46
2026-02-19,S6,P11,2,44
2026-02-20,S6,P11,5,39
2026-02-21,S6,P11,2,37
2026-02-22,S6,P11,3,34
2026-02-23,S6,P11,5,29
2026-02-24,S6,P11,2,27
2026-02-25,S6,P11,1,26
2026-02-26,S6,P11,2,24
2026-02-27,S6,P11,5,19
2026-02-28,S6,P11,7,12
2026-03-01,S6,P11,3,52
2026-03-02,S6,P11,1,51
2026-03-03,S6,P11,3,48
2026-03-04,S6,P11,3,45
2026-03-05,S6,P11,6,39
2026-03-06,S6,P11,9,30
2026-03-07,S6,P11,4,26
2026-03-08,S6,P11,1,25
2026-03-09,S6,P11,3,22
2026-03-10,S6,P11,0,22
2026-03-11,S6,P11,4,18
2026-03-12,S6,P11,3,15
2026-03-13,S6,P11,1,14
2026-03-14,S6,P11,1,13
2025-09-01,S6,P12,1,7
2025-09-02,S6,P12,0,7
2025-09-03,S6,P12,1,6
2025-09-04,S6,P12,0,6
2025-09-05,S6,P12,1,5
2025-09-06,S6,P12,1,4
2025-09-07,S6,P12,0,4
2025-09-08,S6,P12,1,3
2025-09-09,S6,P12,0,3
2025-09-10,S6,P12,0,3
2025-09-11,S6,P12,0,3
2025-09-12,S6,P12,0,3
2025-09-13,S6,P12,0,3
2025-09-14,S6,P12,0,3
2025-09-15,S6,P12,0,3
2025-09-16,S6,P12,0,3
2025-09-17,S6,P12,0,3
2025-09-18,S6,P12,0,3
2025-09-19,S6,P12,0,3
2025-09-20,S6,P12,0,3
2025-09-21,S6,P12,1,12
2025-09-22,S6,P12,0,12
2025-09-23,S6,P12,0,12
2025-09-24,S6,P12,1,11
2025-09-25,S6,P12,0,11
2025-09-26,S6,P12,0,11
2025-09-27,S6,P12,1,10
2025-09-28,S6,P12,0,10
2025-09-29,S6,P12,1,9
2025-09-30,S6,P12,0,9
2025-10-01,S6,P12,0,9
2025-10-02,S6,P12,1,8
2025-10-03,S6,P12,1,7
2025-10-04,S6,P12,0,7
2025-10-05,S6,P12,0,7
2025-10-06,S6,P12,0,7
2025-10-07,S6,P12,0,7
2025-10-08,S6,P12,0,7
2025-10-09,S6,P12,0,7
2025-10-10,S6,P12,0,7
2025-10-11,S6,P12,0,7
2025-10-12,S6,P12,0,7
2025-10-13,S6,P12,0,7
2025-10-14,S6,P12,0,7
2025-10-15,S6,P12,0,7
2025-10-16,S6,P12,0,7
2025-10-17,S6,P12,2,5
2025-10-18,S6,P12,0,5
2025-10-19,S6,P12,1,4
2025-10-20,S6,P12,0,4
2025-10-21,S6,P12,0,4
2025-10-22,S6,P12,0,4
2025-10-23,S6,P12,0,4
2025-10-24,S6,P12,1,3
2025-10-25,S6,P12,1,12
2025-10-26,S6,P12,0,12
2025-10-27,S6,P12,0,12
2025-10-28,S6,P12,0,12
2025-10-29,S6,P12,0,12
2025-10-30,S6,P12,0,12
2025-10-31,S6,P12,0,12
2025-11-01,S6,P12,0,12
2025-11-02,S6,P12,0,12
2025-11-03,S6,P12,0,12
2025-11-04,S6,P12,0,12
2025-11-05,S6,P12,0,12
2025-11-06,S6,P12,1,11
2025-11-07,S6,P12,0,11
2025-11-08,S6,P12,0,11
2025-11-09,S6,P12,0,11
2025-11-10,S6,P12,0,11
2025-11-11,S6,P12,1,10
2025-11-12,S6,P12,1,9
2025-11-13,S6,P12,0,9
2025-11-14,S6,P12,1,8
2025-11-15,S6,P12,0,8
2025-11-16,S6,P12,0,8
2025-11-17,S6,P12,1,7
2025-11-18,S6,P12,0,7
2025-11-19,S6,P12,0,7
2025-11-20,S6,P12,1,6
2025-11-21,S6,P12,1,5
2025-11-22,S6,P12,0,5
2025-11-23,S6,P12,0,5
2025-11-24,S6,P12,0,5
2025-11-25,S6,P12,0,5
2025-11-26,S6,P12,0,5
2025-11-27,S6,P12,0,5
2025-11-28,S6,P12,1,4
2025-11-29,S6,P12,0,4
2025-11-30,S6,P12,0,4
2025-12-01,S6,P12,1,3
2025-12-02,S6,P12,0,3
2025-12-03,S6,P12,1,12
2025-12-04,S6,P12,1,11
2025-12-05,S6,P12,1,10
2025-12-06,S6,P12,0,10
2025-12-07,S6,P12,0,10
2025-12-08,S6,P12,0,10
2025-12-09,S6,P12,2,8
2025-12-10,S6,P12,1,7
2025-12-11,S6,P12,0,7
2025-12-12,S6,P12,0,7
2025-12-13,S6,P12,0,7
2025-12-14,S6,P12,1,6
2025-12-15,S6,P12,0,6
2025-12-16,S6,P12,1,5
2025-12-17,S6,P12,1,4
2025-12-18,S6,P12,0,4
2025-12-19,S6,P12,2,12
2025-12-20,S6,P12,2,10
2025-12-21,S6,P12,0,10
2025-12-22,S6,P12,0,10
2025-12-23,S6,P12,0,10
2025-12-24,S6,P12,1,9
2025-12-25,S6,P12,1,8
2025-12-26,S6,P12,1,7
2025-12-27,S6,P12,1,6
2025-12-28,S6,P12,0,6
2025-12-29,S6,P12,0,6
2025-12-30,S6,P12,2,4
2025-12-31,S6,P12,0,4
2026-01-01,S6,P12,1,3
2026-01-02,S6,P12,0,3
2026-01-03,S6,P12,1,12
2026-01-04,S6,P12,0,12
2026-01-05,S6,P12,1,11
2026-01-06,S6,P12,0,11
2026-01-07,S6,P12,0,11
2026-01-08,S6,P12,0,11
2026-01-09,S6,P12,0,11
2026-01-10,S6,P12,0,11
2026-01-11,S6,P12,0,11
2026-01-12,S6,P12,0,11
2026-01-13,S6,P12,1,10
2026-01-14,S6,P12,0,10
2026-01-15,S6,P12,1,9
2026-01-16,S6,P12,1,8
2026-01-17,S6,P12,1,7
2026-01-18,S6,P12,0,7
2026-01-19,S6,P12,0,7
2026-01-20,S6,P12,1,6
2026-01-21,S6,P12,0,6
2026-01-22,S6,P12,1,5
2026-01-23,S6,P12,1,4
2026-01-24,S6,P12,2,12
2026-01-25,S6,P12,1,11
2026-01-26,S6,P12,0,11
2026-01-27,S6,P12,0,11
2026-01-28,S6,P12,0,11
2026-01-29,S6,P12,0,11
2026-01-30,S6,P12,1,10
2026-01-31,S6,P12,0,10
2026-02-01,S6,P12,0,10
2026-02-02,S6,P12,0,10
2026-02-03,S6,P12,0,10
2026-02-04,S6,P12,1,9
2026-02-05,S6,P12,0,9
2026-02-06,S6,P12,0,9
2026-02-07,S6,P12,0,9
2026-02-08,S6,P12,0,9
2026-02-09,S6,P12,0,9
2026-02-10,S6,P12,0,9
2026-02-11,S6,P12,0,9
2026-02-12,S6,P12,0,9
2026-02-13,S6,P12,1,8
2026-02-14,S6,P12,1,7
2026-02-15,S6,P12,0,7
2026-02-16,S6,P12,0,7
2026-02-17,S6,P12,1,6
2026-02-18,S6,P12,0,6
2026-02-19,S6,P12,1,5
2026-02-20,S6,P12,1,4
2026-02-21,S6,P12,0,4
2026-02-22,S6,P12,0,4
2026-02-23,S6,P12,0,4
2026-02-24,S6,P12,0,4
2026-02-25,S6,P12,2,12
2026-02-26,S6,P12,1,11
2026-02-27,S6,P12,0,11
2026-02-28,S6,P12,0,11
2026-03-01,S6,P12,0,11
2026-03-02,S6,P12,1,10
2026-03-03,S6,P12,0,10
2026-03-04,S6,P12,0,10
2026-03-05,S6,P12,0,10
2026-03-06,S6,P12,1,9
2026-03-07,S6,P12,1,8
2026-03-08,S6,P12,0,8
2026-03-09,S6,P12,0,8
2026-03-10,S6,P12,0,8
2026-03-11,S6,P12,0,8
2026-03-12,S6,P12,1,7
2026-03-13,S6,P12,1,6
2026-03-14,S6,P12,1,5
2025-09-01,S6,P13,8,194
2025-09-02,S6,P13,10,184
2025-09-03,S6,P13,13,171
2025-09-04,S6,P13,8,163
2025-09-05,S6,P13,16,147
2025-09-06,S6,P13,10,137
2025-09-07,S6,P13,7,130
2025-09-08,S6,P13,5,125
2025-09-09,S6,P13,14,111
2025-09-10,S6,P13,8,103
2025-09-11,S6,P13,7,96
2025-09-12,S6,P13,8,88
2025-09-13,S6,P13,7,81
2025-09-14,S6,P13,8,73
2025-09-15,S6,P13,10,63
2025-09-16,S6,P13,9,54
2025-09-17,S6,P13,13,41
2025-09-18,S6,P13,11,30
2025-09-19,S6,P13,12,97
2025-09-20,S6,P13,8,89
2025-09-21,S6,P13,15,74
2025-09-22,S6,P13,9,65
2025-09-23,S6,P13,5,60
2025-09-24,S6,P13,6,54
2025-09-25,S6,P13,6,48
2025-09-26,S6,P13,10,38
2025-09-27,S6,P13,6,32
2025-09-28,S6,P13,5,27
2025-09-29,S6,P13,6,153
2025-09-30,S6,P13,10,143
2025-10-01,S6,P13,10,133
2025-10-02,S6,P13,7,126
2025-10-03,S6,P13,6,120
2025-10-04,S6,P13,12,108
2025-10-05,S6,P13,7,101
2025-10-06,S6,P13,10,91
2025-10-07,S6,P13,9,82
2025-10-08,S6,P13,7,75
2025-10-09,S6,P13,10,65
2025-10-10,S6,P13,9,56
2025-10-11,S6,P13,9,47
2025-10-12,S6,P13,10,37
2025-10-13,S6,P13,7,30
2025-10-14,S6,P13,9,150
2025-10-15,S6,P13,11,139
2025-10-16,S6,P13,7,132
2025-10-17,S6,P13,11,121
2025-10-18,S6,P13,11,110
2025-10-19,S6,P13,2,108
2025-10-20,S6,P13,4,104
2025-10-21,S6,P13,9,95
2025-10-22,S6,P13,10,85
2025-10-23,S6,P13,7,78
2025-10-24,S6,P13,9,69
2025-10-25,S6,P13,9,60
2025-10-26,S6,P13,12,48
2025-10-27,S6,P13,9,39
2025-10-28,S6,P13,7,32
2025-10-29,S6,P13,9,110
2025-10-30,S6,P13,11,99
2025-10-31,S6,P13,9,90
2025-11-01,S6,P13,7,83
2025-11-02,S6,P13,10,73
2025-11-03,S6,P13,7,66
2025-11-04,S6,P13,9,57
2025-11-05,S6,P13,6,51
2025-11-06,S6,P13,6,45
2025-11-07,S6,P13,13,32
2025-11-08,S6,P13,13,136
2025-11-09,S6,P13,12,124
2025-11-10,S6,P13,5,119
2025-11-11,S6,P13,10,109
2025-11-12,S6,P13,11,98
2025-11-13,S6,P13,5,93
2025-11-14,S6,P13,5,88
2025-11-15,S6,P13,9,79
2025-11-16,S6,P13,11,68
2025-11-17,S6,P13,8,60
2025-11-18,S6,P13,13,47
2025-11-19,S6,P13,9,38
2025-11-20,S6,P13,9,29
2025-11-21,S6,P13,9,128
2025-11-22,S6,P13,11,117
2025-11-23,S6,P13,16,101
2025-11-24,S6,P13,9,92
2025-11-25,S6,P13,9,83
2025-11-26,S6,P13,9,74
2025-11-27,S6,P13,8,66
2025-11-28,S6,P13,9,57
2025-11-29,S6,P13,11,46
2025-11-30,S6,P13,12,34
2025-12-01,S6,P13,6,28
2025-12-02,S6,P13,8,113
2025-12-03,S6,P13,1,112
2025-12-04,S6,P13,4,108
2025-12-05,S6,P13,11,97
2025-12-06,S6,P13,5,92
2025-12-07,S6,P13,13,79
2025-12-08,S6,P13,4,75
2025-12-09,S6,P13,5,70
2025-12-10,S6,P13,9,61
2025-12-11,S6,P13,15,46
2025-12-12,S6,P13,9,37
2025-12-13,S6,P13,11,26
2025-12-14,S6,P13,10,111
2025-12-15,S6,P13,8,103
2025-12-16,S6,P13,6,97
2025-12-17,S6,P13,8,89
2025-12-18,S6,P13,9,80
2025-12-19,S6,P13,11,69
2025-12-20,S6,P13,11,58
2025-12-21,S6,P13,5,53
2025-12-22,S6,P13,7,46
2025-12-23,S6,P13,11,35
2025-12-24,S6,P13,8,27
2025-12-25,S6,P13,7,161
2025-12-26,S6,P13,5,156
2025-12-27,S6,P13,13,143
2025-12-28,S6,P13,8,135
2025-12-29,S6,P13,10,125
2025-12-30,S6,P13,5,120
2025-12-31,S6,P13,8,112
2026-01-01,S6,P13,8,104
2026-01-02,S6,P13,14,90
2026-01-03,S6,P13,5,85
2026-01-04,S6,P13,8,77
2026-01-05,S6,P13,6,71
2026-01-06,S6,P13,7,64
2026-01-07,S6,P13,6,58
2026-01-08,S6,P13,6,52
2026-01-09,S6,P13,8,44
2026-01-10,S6,P13,17,27
2026-01-11,S6,P13,8,150
2026-01-12,S6,P13,8,142
2026-01-13,S6,P13,8,134
2026-01-14,S6,P13,8,126
2026-01-15,S6,P13,3,123
2026-01-16,S6,P13,9,114
2026-01-17,S6,P13,10,104
2026-01-18,S6,P13,6,98
2026-01-19,S6,P13,11,87
2026-01-20,S6,P13,10,77
2026-01-21,S6,P13,9,68
2026-01-22,S6,P13,8,60
2026-01-23,S6,P13,18,42
2026-01-24,S6,P13,6,36
2026-01-25,S6,P13,9,27
2026-01-26,S6,P13,9,128
2026-01-27,S6,P13,12,116
2026-01-28,S6,P13,6,110
2026-01-29,S6,P13,9,101
2026-01-30,S6,P13,7,94
2026-01-31,S6,P13,11,83
2026-02-01,S6,P13,8,75
2026-02-02,S6,P13,9,66
2026-02-03,S6,P13,10,56
2026-02-04,S6,P13,4,52
2026-02-05,S6,P13,7,45
2026-02-06,S6,P13,10,35
2026-02-07,S6,P13,7,28
2026-02-08,S6,P13,10,149
2026-02-09,S6,P13,16,133
2026-02-10,S6,P13,9,124
2026-02-11,S6,P13,7,117
2026-02-12,S6,P13,12,105
2026-02-13,S6,P13,10,95
2026-02-14,S6,P13,12,83
2026-02-15,S6,P13,11,72
2026-02-16,S6,P13,3,69
2026-02-17,S6,P13,8,61
2026-02-18,S6,P13,4,57
2026-02-19,S6,P13,7,50
2026-02-20,S6,P13,10,40
2026-02-21,S6,P13,6,34
2026-02-22,S6,P13,14,156
2026-02-23,S6,P13,6,150
2026-02-24,S6,P13,11,139
2026-02-25,S6,P13,7,132
2026-02-26,S6,P13,11,121
2026-02-27,S6,P13,10,111
2026-02-28,S6,P13,9,102
2026-03-01,S6,P13,7,95
2026-03-02,S6,P13,13,82
2026-03-03,S6,P13,5,77
2026-03-04,S6,P13,8,69
2026-03-05,S6,P13,6,63
2026-03-06,S6,P13,12,51
2026-03-07,S6,P13,7,44
2026-03-08,S6,P13,10,34
2026-03-09,S6,P13,7,27
2026-03-10,S6,P13,6,108
2026-03-11,S6,P13,12,96
2026-03-12,S6,P13,13,83
2026-03-13,S6,P13,11,72
2026-03-14,S6,P13,6,66
2025-09-01,S6,P14,0,59
2025-09-02,S6,P14,2,57
2025-09-03,S6,P14,2,55
2025-09-04,S6,P14,2,53
2025-09-05,S6,P14,3,50
2025-09-06,S6,P14,3,47
2025-09-07,S6,P14,3,44
2025-09-08,S6,P14,4,40
2025-09-09,S6,P14,1,39
2025-09-10,S6,P14,3,36
2025-09-11,S6,P14,2,34
2025-09-12,S6,P14,2,32
2025-09-13,S6,P14,4,28
2025-09-14,S6,P14,0,28
2025-09-15,S6,P14,4,24
2025-09-16,S6,P14,6,18
2025-09-17,S6,P14,2,16
2025-09-18,S6,P14,2,14
2025-09-19,S6,P14,6,8
2025-09-20,S6,P14,2,34
2025-09-21,S6,P14,3,31
2025-09-22,S6,P14,3,28
2025-09-23,S6,P14,1,27
2025-09-24,S6,P14,3,24
2025-09-25,S6,P14,3,21
2025-09-26,S6,P14,8,13
2025-09-27,S6,P14,2,11
2025-09-28,S6,P14,3,8
2025-09-29,S6,P14,3,30
2025-09-30,S6,P14,3,27
2025-10-01,S6,P14,0,27
2025-10-02,S6,P14,3,24
2025-10-03,S6,P14,1,23
2025-10-04,S6,P14,3,20
2025-10-05,S6,P14,6,14
2025-10-06,S6,P14,0,14
2025-10-07,S6,P14,1,13
2025-10-08,S6,P14,3,10
2025-10-09,S6,P14,3,7
2025-10-10,S6,P14,2,47
2025-10-11,S6,P14,6,41
2025-10-12,S6,P14,0,41
2025-10-13,S6,P14,2,39
2025-10-14,S6,P14,6,33
2025-10-15,S6,P14,2,31
2025-10-16,S6,P14,3,28
2025-10-17,S6,P14,1,27
2025-10-18,S6,P14,6,21
2025-10-19,S6,P14,1,20
2025-10-20,S6,P14,2,18
2025-10-21,S6,P14,3,15
2025-10-22,S6,P14,2,13
2025-10-23,S6,P14,3,10
2025-10-24,S6,P14,3,7
2025-10-25,S6,P14,5,39
2025-10-26,S6,P14,3,36
2025-10-27,S6,P14,5,31
2025-10-28,S6,P14,3,28
2025-10-29,S6,P14,3,25
2025-10-30,S6,P14,2,23
2025-10-31,S6,P14,4,19
2025-11-01,S6,P14,2,17
2025-11-02,S6,P14,0,17
2025-11-03,S6,P14,0,17
2025-11-04,S6,P14,3,14
2025-11-05,S6,P14,2,12
2025-11-06,S6,P14,6,47
2025-11-07,S6,P14,3,44
2025-11-08,S6,P14,1,43
2025-11-09,S6,P14,2,41
2025-11-10,S6,P14,0,41
2025-11-11,S6,P14,3,38
2025-11-12,S6,P14,3,35
2025-11-13,S6,P14,3,32
2025-11-14,S6,P14,2,30
2025-11-15,S6,P14,3,27
2025-11-16,S6,P14,2,25
2025-11-17,S6,P14,4,21
2025-11-18,S6,P14,3,18
2025-11-19,S6,P14,1,17
2025-11-20,S6,P14,0,17
2025-11-21,S6,P14,2,15
2025-11-22,S6,P14,5,10
2025-11-23,S6,P14,2,8
2025-11-24,S6,P14,2,44
2025-11-25,S6,P14,2,42
2025-11-26,S6,P14,4,38
2025-11-27,S6,P14,4,34
2025-11-28,S6,P14,3,31
2025-11-29,S6,P14,2,29
2025-11-30,S6,P14,3,26
2025-12-01,S6,P14,4,22
2025-12-02,S6,P14,2,20
2025-12-03,S6,P14,1,19
2025-12-04,S6,P14,1,18
2025-12-05,S6,P14,3,15
2025-12-06,S6,P14,1,14
2025-12-07,S6,P14,3,11
2025-12-08,S6,P14,2,9
2025-12-09,S6,P14,5,42
2025-12-10,S6,P14,0,42
2025-12-11,S6,P14,2,40
2025-12-12,S6,P14,4,36
2025-12-13,S6,P14,2,34
2025-12-14,S6,P14,1,33
2025-12-15,S6,P14,4,29
2025-12-16,S6,P14,1,28
2025-12-17,S6,P14,1,27
2025-12-18,S6,P14,3,24
2025-12-19,S6,P14,1,23
2025-12-20,S6,P14,5,18
2025-12-21,S6,P14,5,13
2025-12-22,S6,P14,4,9
2025-12-23,S6,P14,6,38
2025-12-24,S6,P14,2,36
2025-12-25,S6,P14,3,33
2025-12-26,S6,P14,3,30
2025-12-27,S6,P14,5,25
2025-12-28,S6,P14,1,24
2025-12-29,S6,P14,1,23
2025-12-30,S6,P14,1,22
2025-12-31,S6,P14,3,19
2026-01-01,S6,P14,3,16
2026-01-02,S6,P14,3,13
2026-01-03,S6,P14,6,7
2026-01-04,S6,P14,2,38
2026-01-05,S6,P14,3,35
2026-01-06,S6,P14,3,32
2026-01-07,S6,P14,0,32
2026-01-08,S6,P14,6,26
2026-01-09,S6,P14,2,24
2026-01-10,S6,P14,4,20
2026-01-11,S6,P14,4,16
2026-01-12,S6,P14,5,11
2026-01-13,S6,P14,2,9
2026-01-14,S6,P14,2,7
2026-01-15,S6,P14,2,44
2026-01-16,S6,P14,4,40
2026-01-17,S6,P14,4,36
2026-01-18,S6,P14,1,35
2026-01-19,S6,P14,2,33
2026-01-20,S6,P14,5,28
2026-01-21,S6,P14,6,22
2026-01-22,S6,P14,1,21
2026-01-23,S6,P14,4,17
2026-01-24,S6,P14,5,12
2026-01-25,S6,P14,0,12
2026-01-26,S6,P14,4,8
2026-01-27,S6,P14,1,7
2026-01-28,S6,P14,6,29
2026-01-29,S6,P14,3,26
2026-01-30,S6,P14,6,20
2026-01-31,S6,P14,6,14
2026-02-01,S6,P14,3,11
2026-02-02,S6,P14,1,10
2026-02-03,S6,P14,2,8
2026-02-04,S6,P14,5,38
2026-02-05,S6,P14,5,33
2026-02-06,S6,P14,3,30
2026-02-07,S6,P14,5,25
2026-02-08,S6,P14,1,24
2026-02-09,S6,P14,0,24
2026-02-10,S6,P14,2,22
2026-02-11,S6,P14,3,19
2026-02-12,S6,P14,1,18
2026-02-13,S6,P14,3,15
2026-02-14,S6,P14,2,13
2026-02-15,S6,P14,2,11
2026-02-16,S6,P14,0,11
2026-02-17,S6,P14,2,9
2026-02-18,S6,P14,1,8
2026-02-19,S6,P14,4,41
2026-02-20,S6,P14,5,36
2026-02-21,S6,P14,5,31
2026-02-22,S6,P14,2,29
2026-02-23,S6,P14,4,25
2026-02-24,S6,P14,0,25
2026-02-25,S6,P14,3,22
2026-02-26,S6,P14,1,21
2026-02-27,S6,P14,4,17
2026-02-28,S6,P14,1,16
2026-03-01,S6,P14,3,13
2026-03-02,S6,P14,3,10
2026-03-03,S6,P14,1,9
2026-03-04,S6,P14,4,36
2026-03-05,S6,P14,1,35
2026-03-06,S6,P14,2,33
2026-03-07,S6,P14,0,33
2026-03-08,S6,P14,2,31
2026-03-09,S6,P14,2,29
2026-03-10,S6,P14,4,25
2026-03-11,S6,P14,2,23
2026-03-12,S6,P14,3,20
2026-03-13,S6,P14,1,19
2026-03-14,S6,P14,6,13
2025-09-01,S6,P15,14,78
2025-09-02,S6,P15,2,76
2025-09-03,S6,P15,4,72
2025-09-04,S6,P15,5,67
2025-09-05,S6,P15,1,66
2025-09-06,S6,P15,2,64
2025-09-07,S6,P15,5,59
2025-09-08,S6,P15,5,54
2025-09-09,S6,P15,4,50
2025-09-10,S6,P15,5,45
2025-09-11,S6,P15,7,38
2025-09-12,S6,P15,10,28
2025-09-13,S6,P15,8,20
2025-09-14,S6,P15,8,92
2025-09-15,S6,P15,1,91
2025-09-16,S6,P15,5,86
2025-09-17,S6,P15,4,82
2025-09-18,S6,P15,6,76
2025-09-19,S6,P15,3,73
2025-09-20,S6,P15,5,68
2025-09-21,S6,P15,4,64
2025-09-22,S6,P15,3,61
2025-09-23,S6,P15,2,59
2025-09-24,S6,P15,6,53
2025-09-25,S6,P15,4,49
2025-09-26,S6,P15,6,43
2025-09-27,S6,P15,6,37
2025-09-28,S6,P15,8,29
2025-09-29,S6,P15,5,24
2025-09-30,S6,P15,9,15
2025-10-01,S6,P15,7,74
2025-10-02,S6,P15,8,66
2025-10-03,S6,P15,8,58
2025-10-04,S6,P15,4,54
2025-10-05,S6,P15,2,52
2025-10-06,S6,P15,7,45
2025-10-07,S6,P15,2,43
2025-10-08,S6,P15,7,36
2025-10-09,S6,P15,5,31
2025-10-10,S6,P15,5,26
2025-10-11,S6,P15,4,22
2025-10-12,S6,P15,8,14
2025-10-13,S6,P15,6,62
2025-10-14,S6,P15,2,60
2025-10-15,S6,P15,3,57
2025-10-16,S6,P15,2,55
2025-10-17,S6,P15,8,47
2025-10-18,S6,P15,7,40
2025-10-19,S6,P15,3,37
2025-10-20,S6,P15,6,31
2025-10-21,S6,P15,1,30
2025-10-22,S6,P15,6,24
2025-10-23,S6,P15,2,22
2025-10-24,S6,P15,7,15
2025-10-25,S6,P15,5,77
2025-10-26,S6,P15,4,73
2025-10-27,S6,P15,6,67
2025-10-28,S6,P15,5,62
2025-10-29,S6,P15,2,60
2025-10-30,S6,P15,8,52
2025-10-31,S6,P15,3,49
2025-11-01,S6,P15,5,44
2025-11-02,S6,P15,4,40
2025-11-03,S6,P15,4,36
2025-11-04,S6,P15,4,32
2025-11-05,S6,P15,2,30
2025-11-06,S6,P15,1,29
2025-11-07,S6,P15,5,24
2025-11-08,S6,P15,8,16
2025-11-09,S6,P15,1,15
2025-11-10,S6,P15,4,53
2025-11-11,S6,P15,7,46
2025-11-12,S6,P15,7,39
2025-11-13,S6,P15,5,34
2025-11-14,S6,P15,4,30
2025-11-15,S6,P15,7,23
2025-11-16,S6,P15,8,15
2025-11-17,S6,P15,6,71
2025-11-18,S6,P15,5,66
2025-11-19,S6,P15,10,56
2025-11-20,S6,P15,4,52
2025-11-21,S6,P15,6,46
2025-11-22,S6,P15,3,43
2025-11-23,S6,P15,5,38
2025-11-24,S6,P15,3,35
2025-11-25,S6,P15,2,33
2025-11-26,S6,P15,2,31
2025-11-27,S6,P15,8,23
2025-11-28,S6,P15,6,17
2025-11-29,S6,P15,7,75
2025-11-30,S6,P15,6,69
2025-12-01,S6,P15,5,64
2025-12-02,S6,P15,6,58
2025-12-03,S6,P15,7,51
2025-12-04,S6,P15,3,48
2025-12-05,S6,P15,8,40
2025-12-06,S6,P15,6,34
2025-12-07,S6,P15,7,27
2025-12-08,S6,P15,3,24
2025-12-09,S6,P15,7,17
2025-12-10,S6,P15,6,69
2025-12-11,S6,P15,1,68
2025-12-12,S6,P15,8,60
2025-12-13,S6,P15,4,56
2025-12-14,S6,P15,7,49
2025-12-15,S6,P15,5,44
2025-12-16,S6,P15,4,40
2025-12-17,S6,P15,2,38
2025-12-18,S6,P15,3,35
2025-12-19,S6,P15,8,27
2025-12-20,S6,P15,6,21
2025-12-21,S6,P15,2,19
2025-12-22,S6,P15,5,14
2025-12-23,S6,P15,2,78
2025-12-24,S6,P15,2,76
2025-12-25,S6,P15,7,69
2025-12-26,S6,P15,9,60
2025-12-27,S6,P15,7,53
2025-12-28,S6,P15,7,46
2025-12-29,S6,P15,4,42
2025-12-30,S6,P15,5,37
2025-12-31,S6,P15,2,35
2026-01-01,S6,P15,7,28
2026-01-02,S6,P15,2,26
2026-01-03,S6,P15,8,18
2026-01-04,S6,P15,5,71
2026-01-05,S6,P15,5,66
2026-01-06,S6,P15,5,61
2026-01-07,S6,P15,7,54
2026-01-08,S6,P15,3,51
2026-01-09,S6,P15,1,50
2026-01-10,S6,P15,7,43
2026-01-11,S6,P15,6,37
2026-01-12,S6,P15,4,33
2026-01-13,S6,P15,2,31
2026-01-14,S6,P15,2,29
2026-01-15,S6,P15,5,24
2026-01-16,S6,P15,3,21
2026-01-17,S6,P15,7,14
2026-01-18,S6,P15,4,63
2026-01-19,S6,P15,7,56
2026-01-20,S6,P15,3,53
2026-01-21,S6,P15,4,49
2026-01-22,S6,P15,3,46
2026-01-23,S6,P15,3,43
2026-01-24,S6,P15,4,39
2026-01-25,S6,P15,2,37
2026-01-26,S6,P15,3,34
2026-01-27,S6,P15,2,32
2026-01-28,S6,P15,2,30
2026-01-29,S6,P15,7,23
2026-01-30,S6,P15,7,16
2026-01-31,S6,P15,5,53
2026-02-01,S6,P15,0,53
2026-02-02,S6,P15,1,52
2026-02-03,S6,P15,1,51
2026-02-04,S6,P15,0,51
2026-02-05,S6,P15,2,49
2026-02-06,S6,P15,0,49
2026-02-07,S6,P15,0,49
2026-02-08,S6,P15,1,48
2026-02-09,S6,P15,1,47
2026-02-10,S6,P15,1,46
2026-02-11,S6,P15,0,46
2026-02-12,S6,P15,0,46
2026-02-13,S6,P15,2,44
2026-02-14,S6,P15,1,43
2026-02-15,S6,P15,1,42
2026-02-16,S6,P15,1,41
2026-02-17,S6,P15,2,39
2026-02-18,S6,P15,3,36
2026-02-19,S6,P15,0,36
2026-02-20,S6,P15,1,35
2026-02-21,S6,P15,1,34
2026-02-22,S6,P15,0,34
2026-02-23,S6,P15,1,33
2026-02-24,S6,P15,2,31
2026-02-25,S6,P15,1,30
2026-02-26,S6,P15,2,28
2026-02-27,S6,P15,0,28
2026-02-28,S6,P15,0,28
2026-03-01,S6,P15,1,27
2026-03-02,S6,P15,0,27
2026-03-03,S6,P15,0,27
2026-03-04,S6,P15,0,27
2026-03-05,S6,P15,0,27
2026-03-06,S6,P15,1,26
2026-03-07,S6,P15,0,26
2026-03-08,S6,P15,0,26
2026-03-09,S6,P15,0,26
2026-03-10,S6,P15,0,26
2026-03-11,S6,P15,4,22
2026-03-12,S6,P15,0,22
2026-03-13,S6,P15,1,21
2026-03-14,S6,P15,0,21
2025-09-01,S6,P16,2,85
2025-09-02,S6,P16,6,79
2025-09-03,S6,P16,9,70
2025-09-04,S6,P16,1,69
2025-09-05,S6,P16,5,64
2025-09-06,S6,P16,6,58
2025-09-07,S6,P16,1,57
2025-09-08,S6,P16,7,50
2025-09-09,S6,P16,1,49
2025-09-10,S6,P16,3,46
2025-09-11,S6,P16,2,44
2025-09-12,S6,P16,6,38
2025-09-13,S6,P16,1,37
2025-09-14,S6,P16,4,33
2025-09-15,S6,P16,5,28
2025-09-16,S6,P16,2,26
2025-09-17,S6,P16,6,20
2025-09-18,S6,P16,5,15
2025-09-19,S6,P16,7,78
2025-09-20,S6,P16,6,72
2025-09-21,S6,P16,1,71
2025-09-22,S6,P16,3,68
2025-09-23,S6,P16,4,64
2025-09-24,S6,P16,7,57
2025-09-25,S6,P16,12,45
2025-09-26,S6,P16,5,40
2025-09-27,S6,P16,9,31
2025-09-28,S6,P16,4,27
2025-09-29,S6,P16,3,24
2025-09-30,S6,P16,4,20
2025-10-01,S6,P16,4,16
2025-10-02,S6,P16,2,14
2025-10-03,S6,P16,9,49
2025-10-04,S6,P16,5,44
2025-10-05,S6,P16,3,41
2025-10-06,S6,P16,4,37
2025-10-07,S6,P16,5,32
2025-10-08,S6,P16,5,27
2025-10-09,S6,P16,2,25
2025-10-10,S6,P16,8,17
2025-10-11,S6,P16,9,41
2025-10-12,S6,P16,5,36
2025-10-13,S6,P16,7,29
2025-10-14,S6,P16,5,24
2025-10-15,S6,P16,3,21
2025-10-16,S6,P16,5,16
2025-10-17,S6,P16,3,13
2025-10-18,S6,P16,7,62
2025-10-19,S6,P16,0,62
2025-10-20,S6,P16,1,61
2025-10-21,S6,P16,5,56
2025-10-22,S6,P16,3,53
2025-10-23,S6,P16,4,49
2025-10-24,S6,P16,4,45
2025-10-25,S6,P16,7,38
2025-10-26,S6,P16,1,37
2025-10-27,S6,P16,0,37
2025-10-28,S6,P16,3,34
2025-10-29,S6,P16,3,31
2025-10-30,S6,P16,6,25
2025-10-31,S6,P16,6,19
2025-11-01,S6,P16,5,14
2025-11-02,S6,P16,2,12
2025-11-03,S6,P16,2,80
2025-11-04,S6,P16,3,77
2025-11-05,S6,P16,5,72
2025-11-06,S6,P16,4,68
2025-11-07,S6,P16,4,64
2025-11-08,S6,P16,8,56
2025-11-09,S6,P16,4,52
2025-11-10,S6,P16,6,46
2025-11-11,S6,P16,2,44
2025-11-12,S6,P16,4,40
2025-11-13,S6,P16,2,38
2025-11-14,S6,P16,4,34
2025-11-15,S6,P16,4,30
2025-11-16,S6,P16,7,23
2025-11-17,S6,P16,0,23
2025-11-18,S6,P16,2,21
2025-11-19,S6,P16,6,15
2025-11-20,S6,P16,8,54
2025-11-21,S6,P16,2,52
2025-11-22,S6,P16,4,48
2025-11-23,S6,P16,5,43
2025-11-24,S6,P16,4,39
2025-11-25,S6,P16,7,32
2025-11-26,S6,P16,14,18
2025-11-27,S6,P16,6,12
2025-11-28,S6,P16,3,62
2025-11-29,S6,P16,5,57
2025-11-30,S6,P16,6,51
2025-12-01,S6,P16,6,45
2025-12-02,S6,P16,2,43
2025-12-03,S6,P16,4,39
2025-12-04,S6,P16,3,36
2025-12-05,S6,P16,5,31
2025-12-06,S6,P16,2,29
2025-12-07,S6,P16,2,27
2025-12-08,S6,P16,3,24
2025-12-09,S6,P16,4,20
2025-12-10,S6,P16,2,18
2025-12-11,S6,P16,5,13
2025-12-12,S6,P16,5,53
2025-12-13,S6,P16,6,47
2025-12-14,S6,P16,4,43
2025-12-15,S6,P16,2,41
2025-12-16,S6,P16,2,39
2025-12-17,S6,P16,0,39
2025-12-18,S6,P16,7,32
2025-12-19,S6,P16,2,30
2025-12-20,S6,P16,11,19
2025-12-21,S6,P16,1,18
2025-12-22,S6,P16,5,13
2025-12-23,S6,P16,4,57
2025-12-24,S6,P16,1,56
2025-12-25,S6,P16,8,48
2025-12-26,S6,P16,8,40
2025-12-27,S6,P16,2,38
2025-12-28,S6,P16,2,36
2025-12-29,S6,P16,0,36
2025-12-30,S6,P16,5,31
2025-12-31,S6,P16,9,22
2026-01-01,S6,P16,2,20
2026-01-02,S6,P16,5,15
2026-01-03,S6,P16,6,46
2026-01-04,S6,P16,7,39
2026-01-05,S6,P16,6,33
2026-01-06,S6,P16,5,28
2026-01-07,S6,P16,6,22
2026-01-08,S6,P16,4,18
2026-01-09,S6,P16,4,14
2026-01-10,S6,P16,4,76
2026-01-11,S6,P16,3,73
2026-01-12,S6,P16,6,67
2026-01-13,S6,P16,8,59
2026-01-14,S6,P16,3,56
2026-01-15,S6,P16,2,54
2026-01-16,S6,P16,4,50
2026-01-17,S6,P16,9,41
2026-01-18,S6,P16,4,37
2026-01-19,S6,P16,6,31
2026-01-20,S6,P16,2,29
2026-01-21,S6,P16,9,20
2026-01-22,S6,P16,2,18
2026-01-23,S6,P16,7,46
2026-01-24,S6,P16,2,44
2026-01-25,S6,P16,3,41
2026-01-26,S6,P16,5,36
2026-01-27,S6,P16,3,33
2026-01-28,S6,P16,5,28
2026-01-29,S6,P16,3,25
2026-01-30,S6,P16,1,24
2026-01-31,S6,P16,5,19
2026-02-01,S6,P16,3,16
2026-02-02,S6,P16,4,12
2026-02-03,S6,P16,7,49
2026-02-04,S6,P16,5,44
2026-02-05,S6,P16,5,39
2026-02-06,S6,P16,8,31
2026-02-07,S6,P16,1,30
2026-02-08,S6,P16,4,26
2026-02-09,S6,P16,5,21
2026-02-10,S6,P16,2,19
2026-02-11,S6,P16,4,15
2026-02-12,S6,P16,7,52
2026-02-13,S6,P16,7,45
2026-02-14,S6,P16,5,40
2026-02-15,S6,P16,6,34
2026-02-16,S6,P16,5,29
2026-02-17,S6,P16,2,27
2026-02-18,S6,P16,5,22
2026-02-19,S6,P16,10,12
2026-02-20,S6,P16,4,74
2026-02-21,S6,P16,4,70
2026-02-22,S6,P16,6,64
2026-02-23,S6,P16,4,60
2026-02-24,S6,P16,3,57
2026-02-25,S6,P16,4,53
2026-02-26,S6,P16,3,50
2026-02-27,S6,P16,2,48
2026-02-28,S6,P16,8,40
2026-03-01,S6,P16,3,37
2026-03-02,S6,P16,7,30
2026-03-03,S6,P16,7,23
2026-03-04,S6,P16,6,17
2026-03-05,S6,P16,6,64
2026-03-06,S6,P16,4,60
2026-03-07,S6,P16,5,55
2026-03-08,S6,P16,4,51
2026-03-09,S6,P16,6,45
2026-03-10,S6,P16,5,40
2026-03-11,S6,P16,8,32
2026-03-12,S6,P16,2,30
2026-03-13,S6,P16,2,28
2026-03-14,S6,P16,5,23
2025-09-01,S6,P17,0,28
2025-09-02,S6,P17,2,26
2025-09-03,S6,P17,3,23
2025-09-04,S6,P17,1,22
2025-09-05,S6,P17,3,19
2025-09-06,S6,P17,2,17
2025-09-07,S6,P17,3,14
2025-09-08,S6,P17,1,13
2025-09-09,S6,P17,3,10
2025-09-10,S6,P17,1,9
2025-09-11,S6,P17,2,7
2025-09-12,S6,P17,2,5
2025-09-13,S6,P17,0,5
2025-09-14,S6,P17,2,3
2025-09-15,S6,P17,2,17
2025-09-16,S6,P17,2,15
2025-09-17,S6,P17,2,13
2025-09-18,S6,P17,2,11
2025-09-19,S6,P17,0,11
2025-09-20,S6,P17,1,10
2025-09-21,S6,P17,1,9
2025-09-22,S6,P17,3,6
2025-09-23,S6,P17,0,6
2025-09-24,S6,P17,2,4
2025-09-25,S6,P17,2,20
2025-09-26,S6,P17,1,19
2025-09-27,S6,P17,1,18
2025-09-28,S6,P17,0,18
2025-09-29,S6,P17,2,16
2025-09-30,S6,P17,2,14
2025-10-01,S6,P17,0,14
2025-10-02,S6,P17,2,12
2025-10-03,S6,P17,1,11
2025-10-04,S6,P17,1,10
2025-10-05,S6,P17,0,10
2025-10-06,S6,P17,1,9
2025-10-07,S6,P17,1,8
2025-10-08,S6,P17,0,8
2025-10-09,S6,P17,1,7
2025-10-10,S6,P17,1,6
2025-10-11,S6,P17,1,5
2025-10-12,S6,P17,2,3
2025-10-13,S6,P17,3,20
2025-10-14,S6,P17,0,20
2025-10-15,S6,P17,0,20
2025-10-16,S6,P17,2,18
2025-10-17,S6,P17,3,15
2025-10-18,S6,P17,1,14
2025-10-19,S6,P17,3,11
2025-10-20,S6,P17,3,8
2025-10-21,S6,P17,0,8
2025-10-22,S6,P17,1,7
2025-10-23,S6,P17,0,7
2025-10-24,S6,P17,0,7
2025-10-25,S6,P17,0,7
2025-10-26,S6,P17,0,7
2025-10-27,S6,P17,0,7
2025-10-28,S6,P17,0,7
2025-10-29,S6,P17,1,6
2025-10-30,S6,P17,2,4
2025-10-31,S6,P17,0,4
2025-11-01,S6,P17,2,18
2025-11-02,S6,P17,3,15
2025-11-03,S6,P17,1,14
2025-11-04,S6,P17,1,13
2025-11-05,S6,P17,0,13
2025-11-06,S6,P17,1,12
2025-11-07,S6,P17,1,11
2025-11-08,S6,P17,0,11
2025-11-09,S6,P17,2,9
2025-11-10,S6,P17,2,7
2025-11-11,S6,P17,1,6
2025-11-12,S6,P17,0,6
2025-11-13,S6,P17,2,4
2025-11-14,S6,P17,0,4
2025-11-15,S6,P17,0,4
2025-11-16,S6,P17,0,4
2025-11-17,S6,P17,2,20
2025-11-18,S6,P17,4,16
2025-11-19,S6,P17,2,14
2025-11-20,S6,P17,0,14
2025-11-21,S6,P17,2,12
2025-11-22,S6,P17,1,11
2025-11-23,S6,P17,1,10
2025-11-24,S6,P17,2,8
2025-11-25,S6,P17,3,5
2025-11-26,S6,P17,0,5
2025-11-27,S6,P17,2,3
2025-11-28,S6,P17,3,18
2025-11-29,S6,P17,3,15
2025-11-30,S6,P17,2,13
2025-12-01,S6,P17,0,13
2025-12-02,S6,P17,2,11
2025-12-03,S6,P17,0,11
2025-12-04,S6,P17,1,10
2025-12-05,S6,P17,0,10
2025-12-06,S6,P17,2,8
2025-12-07,S6,P17,0,8
2025-12-08,S6,P17,0,8
2025-12-09,S6,P17,1,7
2025-12-10,S6,P17,0,7
2025-12-11,S6,P17,0,7
2025-12-12,S6,P17,1,6
2025-12-13,S6,P17,0,6
2025-12-14,S6,P17,3,3
2025-12-15,S6,P17,1,20
2025-12-16,S6,P17,2,18
2025-12-17,S6,P17,2,16
2025-12-18,S6,P17,2,14
2025-12-19,S6,P17,1,13
2025-12-20,S6,P17,2,11
2025-12-21,S6,P17,2,9
2025-12-22,S6,P17,1,8
2025-12-23,S6,P17,2,6
2025-12-24,S6,P17,1,5
2025-12-25,S6,P17,0,5
2025-12-26,S6,P17,0,5
2025-12-27,S6,P17,0,5
2025-12-28,S6,P17,2,3
2025-12-29,S6,P17,0,3
2025-12-30,S6,P17,1,15
2025-12-31,S6,P17,2,13
2026-01-01,S6,P17,0,13
2026-01-02,S6,P17,2,11
2026-01-03,S6,P17,1,10
2026-01-04,S6,P17,0,10
2026-01-05,S6,P17,0,10
2026-01-06,S6,P17,0,10
2026-01-07,S6,P17,0,10
2026-01-08,S6,P17,1,9
2026-01-09,S6,P17,0,9
2026-01-10,S6,P17,3,6
2026-01-11,S6,P17,1,5
2026-01-12,S6,P17,1,4
2026-01-13,S6,P17,0,4
2026-01-14,S6,P17,0,4
2026-01-15,S6,P17,2,23
2026-01-16,S6,P17,1,22
2026-01-17,S6,P17,0,22
2026-01-18,S6,P17,0,22
2026-01-19,S6,P17,0,22
2026-01-20,S6,P17,1,21
2026-01-21,S6,P17,1,20
2026-01-22,S6,P17,1,19
2026-01-23,S6,P17,0,19
2026-01-24,S6,P17,0,19
2026-01-25,S6,P17,1,18
2026-01-26,S6,P17,1,17
2026-01-27,S6,P17,0,17
2026-01-28,S6,P17,1,16
2026-01-29,S6,P17,1,15
2026-01-30,S6,P17,2,13
2026-01-31,S6,P17,3,10
2026-02-01,S6,P17,0,10
2026-02-02,S6,P17,0,10
2026-02-03,S6,P17,1,9
2026-02-04,S6,P17,0,9
2026-02-05,S6,P17,4,5
2026-02-06,S6,P17,0,5
2026-02-07,S6,P17,0,5
2026-02-08,S6,P17,3,17
2026-02-09,S6,P17,3,14
2026-02-10,S6,P17,0,14
2026-02-11,S6,P17,2,12
2026-02-12,S6,P17,0,12
2026-02-13,S6,P17,1,11
2026-02-14,S6,P17,0,11
2026-02-15,S6,P17,1,10
2026-02-16,S6,P17,1,9
2026-02-17,S6,P17,1,8
2026-02-18,S6,P17,0,8
2026-02-19,S6,P17,1,7
2026-02-20,S6,P17,3,4
2026-02-21,S6,P17,0,4
2026-02-22,S6,P17,1,3
2026-02-23,S6,P17,1,23
2026-02-24,S6,P17,2,21
2026-02-25,S6,P17,0,21
2026-02-26,S6,P17,1,20
2026-02-27,S6,P17,1,19
2026-02-28,S6,P17,3,16
2026-03-01,S6,P17,2,14
2026-03-02,S6,P17,0,14
2026-03-03,S6,P17,1,13
2026-03-04,S6,P17,0,13
2026-03-05,S6,P17,1,12
2026-03-06,S6,P17,1,11
2026-03-07,S6,P17,1,10
2026-03-08,S6,P17,0,10
2026-03-09,S6,P17,1,9
2026-03-10,S6,P17,0,9
2026-03-11,S6,P17,0,9
2026-03-12,S6,P17,1,8
2026-03-13,S6,P17,1,7
2026-03-14,S6,P17,3,4
2025-09-01,S6,P18,2,6
2025-09-02,S6,P18,1,5
2025-09-03,S6,P18,0,5
2025-09-04,S6,P18,0,5
2025-09-05,S6,P18,0,5
2025-09-06,S6,P18,0,5
2025-09-07,S6,P18,0,5
2025-09-08,S6,P18,0,5
2025-09-09,S6,P18,1,4
2025-09-10,S6,P18,2,12
2025-09-11,S6,P18,1,11
2025-09-12,S6,P18,2,9
2025-09-13,S6,P18,0,9
2025-09-14,S6,P18,0,9
2025-09-15,S6,P18,0,9
2025-09-16,S6,P18,0,9
2025-09-17,S6,P18,2,7
2025-09-18,S6,P18,0,7
2025-09-19,S6,P18,0,7
2025-09-20,S6,P18,0,7
2025-09-21,S6,P18,1,6
2025-09-22,S6,P18,0,6
2025-09-23,S6,P18,0,6
2025-09-24,S6,P18,0,6
2025-09-25,S6,P18,0,6
2025-09-26,S6,P18,0,6
2025-09-27,S6,P18,0,6
2025-09-28,S6,P18,0,6
2025-09-29,S6,P18,0,6
2025-09-30,S6,P18,0,6
2025-10-01,S6,P18,0,6
2025-10-02,S6,P18,0,6
2025-10-03,S6,P18,0,6
2025-10-04,S6,P18,1,5
2025-10-05,S6,P18,0,5
2025-10-06,S6,P18,0,5
2025-10-07,S6,P18,0,5
2025-10-08,S6,P18,1,4
2025-10-09,S6,P18,0,4
2025-10-10,S6,P18,0,4
2025-10-11,S6,P18,0,4
2025-10-12,S6,P18,0,4
2025-10-13,S6,P18,0,4
2025-10-14,S6,P18,0,4
2025-10-15,S6,P18,1,3
2025-10-16,S6,P18,1,12
2025-10-17,S6,P18,0,12
2025-10-18,S6,P18,0,12
2025-10-19,S6,P18,0,12
2025-10-20,S6,P18,1,11
2025-10-21,S6,P18,2,9
2025-10-22,S6,P18,1,8
2025-10-23,S6,P18,0,8
2025-10-24,S6,P18,0,8
2025-10-25,S6,P18,1,7
2025-10-26,S6,P18,1,6
2025-10-27,S6,P18,0,6
2025-10-28,S6,P18,1,5
2025-10-29,S6,P18,0,5
2025-10-30,S6,P18,0,5
2025-10-31,S6,P18,0,5
2025-11-01,S6,P18,0,5
2025-11-02,S6,P18,0,5
2025-11-03,S6,P18,1,4
2025-11-04,S6,P18,0,4
2025-11-05,S6,P18,0,4
2025-11-06,S6,P18,3,11
2025-11-07,S6,P18,1,10
2025-11-08,S6,P18,0,10
2025-11-09,S6,P18,1,9
2025-11-10,S6,P18,1,8
2025-11-11,S6,P18,0,8
2025-11-12,S6,P18,0,8
2025-11-13,S6,P18,0,8
2025-11-14,S6,P18,0,8
2025-11-15,S6,P18,1,7
2025-11-16,S6,P18,0,7
2025-11-17,S6,P18,0,7
2025-11-18,S6,P18,0,7
2025-11-19,S6,P18,0,7
2025-11-20,S6,P18,0,7
2025-11-21,S6,P18,0,7
2025-11-22,S6,P18,1,6
2025-11-23,S6,P18,1,5
2025-11-24,S6,P18,0,5
2025-11-25,S6,P18,0,5
2025-11-26,S6,P18,1,4
2025-11-27,S6,P18,0,4
2025-11-28,S6,P18,0,4
2025-11-29,S6,P18,0,4
2025-11-30,S6,P18,0,4
2025-12-01,S6,P18,0,4
2025-12-02,S6,P18,2,12
2025-12-03,S6,P18,1,11
2025-12-04,S6,P18,0,11
2025-12-05,S6,P18,3,8
2025-12-06,S6,P18,0,8
2025-12-07,S6,P18,0,8
2025-12-08,S6,P18,0,8
2025-12-09,S6,P18,0,8
2025-12-10,S6,P18,0,8
2025-12-11,S6,P18,2,6
2025-12-12,S6,P18,0,6
2025-12-13,S6,P18,0,6
2025-12-14,S6,P18,1,5
2025-12-15,S6,P18,1,4
2025-12-16,S6,P18,1,3
2025-12-17,S6,P18,0,3
2025-12-18,S6,P18,0,3
2025-12-19,S6,P18,0,3
2025-12-20,S6,P18,0,3
2025-12-21,S6,P18,0,3
2025-12-22,S6,P18,0,3
2025-12-23,S6,P18,0,3
2025-12-24,S6,P18,0,3
2025-12-25,S6,P18,1,12
2025-12-26,S6,P18,0,12
2025-12-27,S6,P18,0,12
2025-12-28,S6,P18,0,12
2025-12-29,S6,P18,0,12
2025-12-30,S6,P18,0,12
2025-12-31,S6,P18,0,12
2026-01-01,S6,P18,0,12
2026-01-02,S6,P18,2,10
2026-01-03,S6,P18,0,10
2026-01-04,S6,P18,0,10
2026-01-05,S6,P18,0,10
2026-01-06,S6,P18,1,9
2026-01-07,S6,P18,0,9
2026-01-08,S6,P18,1,8
2026-01-09,S6,P18,0,8
2026-01-10,S6,P18,0,8
2026-01-11,S6,P18,2,6
2026-01-12,S6,P18,1,5
2026-01-13,S6,P18,1,4
2026-01-14,S6,P18,0,4
2026-01-15,S6,P18,0,4
2026-01-16,S6,P18,0,4
2026-01-17,S6,P18,1,3
2026-01-18,S6,P18,0,3
2026-01-19,S6,P18,0,3
2026-01-20,S6,P18,0,3
2026-01-21,S6,P18,2,11
2026-01-22,S6,P18,0,11
2026-01-23,S6,P18,0,11
2026-01-24,S6,P18,0,11
2026-01-25,S6,P18,0,11
2026-01-26,S6,P18,0,11
2026-01-27,S6,P18,0,11
2026-01-28,S6,P18,0,11
2026-01-29,S6,P18,0,11
2026-01-30,S6,P18,0,11
2026-01-31,S6,P18,0,11
2026-02-01,S6,P18,0,11
2026-02-02,S6,P18,0,11
2026-02-03,S6,P18,0,11
2026-02-04,S6,P18,1,10
2026-02-05,S6,P18,0,10
2026-02-06,S6,P18,0,10
2026-02-07,S6,P18,0,10
2026-02-08,S6,P18,0,10
2026-02-09,S6,P18,0,10
2026-02-10,S6,P18,1,9
2026-02-11,S6,P18,1,8
2026-02-12,S6,P18,0,8
2026-02-13,S6,P18,0,8
2026-02-14,S6,P18,0,8
2026-02-15,S6,P18,1,7
2026-02-16,S6,P18,0,7
2026-02-17,S6,P18,0,7
2026-02-18,S6,P18,0,7
2026-02-19,S6,P18,0,7
2026-02-20,S6,P18,0,7
2026-02-21,S6,P18,0,7
2026-02-22,S6,P18,0,7
2026-02-23,S6,P18,0,7
2026-02-24,S6,P18,0,7
2026-02-25,S6,P18,0,7
2026-02-26,S6,P18,1,6
2026-02-27,S6,P18,0,6
2026-02-28,S6,P18,0,6
2026-03-01,S6,P18,0,6
2026-03-02,S6,P18,1,5
2026-03-03,S6,P18,0,5
2026-03-04,S6,P18,0,5
2026-03-05,S6,P18,2,3
2026-03-06,S6,P18,0,3
2026-03-07,S6,P18,0,3
2026-03-08,S6,P18,0,3
2026-03-09,S6,P18,1,12
2026-03-10,S6,P18,0,12
2026-03-11,S6,P18,1,11
2026-03-12,S6,P18,1,10
2026-03-13,S6,P18,0,10
2026-03-14,S6,P18,0,10
2025-09-01,S6,P19,2,123
2025-09-02,S6,P19,10,113
2025-09-03,S6,P19,6,107
2025-09-04,S6,P19,2,105
2025-09-05,S6,P19,6,99
2025-09-06,S6,P19,4,95
2025-09-07,S6,P19,4,91
2025-09-08,S6,P19,10,81
2025-09-09,S6,P19,5,76
2025-09-10,S6,P19,7,69
2025-09-11,S6,P19,5,64
2025-09-12,S6,P19,7,57
2025-09-13,S6,P19,9,48
2025-09-14,S6,P19,8,40
2025-09-15,S6,P19,7,33
2025-09-16,S6,P19,6,27
2025-09-17,S6,P19,5,22
2025-09-18,S6,P19,2,20
2025-09-19,S6,P19,6,62
2025-09-20,S6,P19,7,55
2025-09-21,S6,P19,3,52
2025-09-22,S6,P19,3,49
2025-09-23,S6,P19,3,46
2025-09-24,S6,P19,2,44
2025-09-25,S6,P19,7,37
2025-09-26,S6,P19,11,26
2025-09-27,S6,P19,8,18
2025-09-28,S6,P19,2,16
2025-09-29,S6,P19,4,100
2025-09-30,S6,P19,6,94
2025-10-01,S6,P19,4,90
2025-10-02,S6,P19,6,84
2025-10-03,S6,P19,3,81
2025-10-04,S6,P19,5,76
2025-10-05,S6,P19,5,71
2025-10-06,S6,P19,3,68
2025-10-07,S6,P19,6,62
2025-10-08,S6,P19,5,57
2025-10-09,S6,P19,4,53
2025-10-10,S6,P19,8,45
2025-10-11,S6,P19,6,39
2025-10-12,S6,P19,4,35
2025-10-13,S6,P19,5,30
2025-10-14,S6,P19,7,23
2025-10-15,S6,P19,4,19
2025-10-16,S6,P19,5,59
2025-10-17,S6,P19,5,54
2025-10-18,S6,P19,4,50
2025-10-19,S6,P19,2,48
2025-10-20,S6,P19,6,42
2025-10-21,S6,P19,7,35
2025-10-22,S6,P19,2,33
2025-10-23,S6,P19,6,27
2025-10-24,S6,P19,10,17
2025-10-25,S6,P19,10,61
2025-10-26,S6,P19,6,55
2025-10-27,S6,P19,8,47
2025-10-28,S6,P19,2,45
2025-10-29,S6,P19,2,43
2025-10-30,S6,P19,2,41
2025-10-31,S6,P19,6,35
2025-11-01,S6,P19,11,24
2025-11-02,S6,P19,11,80
2025-11-03,S6,P19,1,79
2025-11-04,S6,P19,3,76
2025-11-05,S6,P19,8,68
2025-11-06,S6,P19,6,62
2025-11-07,S6,P19,9,53
2025-11-08,S6,P19,8,45
2025-11-09,S6,P19,7,38
2025-11-10,S6,P19,2,36
2025-11-11,S6,P19,8,28
2025-11-12,S6,P19,6,22
2025-11-13,S6,P19,7,15
2025-11-14,S6,P19,5,70
2025-11-15,S6,P19,6,64
2025-11-16,S6,P19,5,59
2025-11-17,S6,P19,4,55
2025-11-18,S6,P19,8,47
2025-11-19,S6,P19,8,39
2025-11-20,S6,P19,5,34
2025-11-21,S6,P19,5,29
2025-11-22,S6,P19,3,26
2025-11-23,S6,P19,6,20
2025-11-24,S6,P19,5,15
2025-11-25,S6,P19,10,83
2025-11-26,S6,P19,5,78
2025-11-27,S6,P19,11,67
2025-11-28,S6,P19,3,64
2025-11-29,S6,P19,4,60
2025-11-30,S6,P19,4,56
2025-12-01,S6,P19,6,50
2025-12-02,S6,P19,6,44
2025-12-03,S6,P19,4,40
2025-12-04,S6,P19,2,38
2025-12-05,S6,P19,3,35
2025-12-06,S6,P19,7,28
2025-12-07,S6,P19,2,26
2025-12-08,S6,P19,2,24
2025-12-09,S6,P19,5,19
2025-12-10,S6,P19,4,15
2025-12-11,S6,P19,8,68
2025-12-12,S6,P19,7,61
2025-12-13,S6,P19,5,56
2025-12-14,S6,P19,3,53
2025-12-15,S6,P19,3,50
2025-12-16,S6,P19,12,38
2025-12-17,S6,P19,6,32
2025-12-18,S6,P19,1,31
2025-12-19,S6,P19,4,27
2025-12-20,S6,P19,7,20
2025-12-21,S6,P19,4,16
2025-12-22,S6,P19,2,90
2025-12-23,S6,P19,4,86
2025-12-24,S6,P19,7,79
2025-12-25,S6,P19,5,74
2025-12-26,S6,P19,7,67
2025-12-27,S6,P19,4,63
2025-12-28,S6,P19,4,59
2025-12-29,S6,P19,6,53
2025-12-30,S6,P19,6,47
2025-12-31,S6,P19,5,42
2026-01-01,S6,P19,4,38
2026-01-02,S6,P19,2,36
2026-01-03,S6,P19,7,29
2026-01-04,S6,P19,4,25
2026-01-05,S6,P19,5,20
2026-01-06,S6,P19,6,58
2026-01-07,S6,P19,7,51
2026-01-08,S6,P19,3,48
2026-01-09,S6,P19,3,45
2026-01-10,S6,P19,7,38
2026-01-11,S6,P19,4,34
2026-01-12,S6,P19,1,33
2026-01-13,S6,P19,2,31
2026-01-14,S6,P19,6,25
2026-01-15,S6,P19,3,22
2026-01-16,S6,P19,6,16
2026-01-17,S6,P19,5,55
2026-01-18,S6,P19,4,51
2026-01-19,S6,P19,1,50
2026-01-20,S6,P19,5,45
2026-01-21,S6,P19,7,38
2026-01-22,S6,P19,5,33
2026-01-23,S6,P19,5,28
2026-01-24,S6,P19,6,22
2026-01-25,S6,P19,8,68
2026-01-26,S6,P19,7,61
2026-01-27,S6,P19,8,53
2026-01-28,S6,P19,8,45
2026-01-29,S6,P19,3,42
2026-01-30,S6,P19,6,36
2026-01-31,S6,P19,5,31
2026-02-01,S6,P19,11,20
2026-02-02,S6,P19,7,63
2026-02-03,S6,P19,7,56
2026-02-04,S6,P19,5,51
2026-02-05,S6,P19,2,49
2026-02-06,S6,P19,9,40
2026-02-07,S6,P19,5,35
2026-02-08,S6,P19,4,31
2026-02-09,S6,P19,8,23
2026-02-10,S6,P19,3,20
2026-02-11,S6,P19,4,16
2026-02-12,S6,P19,6,73
2026-02-13,S6,P19,1,72
2026-02-14,S6,P19,4,68
2026-02-15,S6,P19,4,64
2026-02-16,S6,P19,6,58
2026-02-17,S6,P19,4,54
2026-02-18,S6,P19,1,53
2026-02-19,S6,P19,8,45
2026-02-20,S6,P19,6,39
2026-02-21,S6,P19,9,30
2026-02-22,S6,P19,4,26
2026-02-23,S6,P19,2,24
2026-02-24,S6,P19,10,98
2026-02-25,S6,P19,6,92
2026-02-26,S6,P19,4,88
2026-02-27,S6,P19,5,83
2026-02-28,S6,P19,5,78
2026-03-01,S6,P19,6,72
2026-03-02,S6,P19,5,67
2026-03-03,S6,P19,7,60
2026-03-04,S6,P19,4,56
2026-03-05,S6,P19,2,54
2026-03-06,S6,P19,5,49
2026-03-07,S6,P19,6,43
2026-03-08,S6,P19,6,37
2026-03-09,S6,P19,3,34
2026-03-10,S6,P19,7,27
2026-03-11,S6,P19,4,23
2026-03-12,S6,P19,8,15
2026-03-13,S6,P19,6,55
2026-03-14,S6,P19,5,50
2025-09-01,S6,P20,4,67
2025-09-02,S6,P20,1,66
2025-09-03,S6,P20,3,63
2025-09-04,S6,P20,2,61
2025-09-05,S6,P20,4,57
2025-09-06,S6,P20,1,56
2025-09-07,S6,P20,3,53
2025-09-08,S6,P20,2,51
2025-09-09,S6,P20,2,49
2025-09-10,S6,P20,4,45
2025-09-11,S6,P20,3,42
2025-09-12,S6,P20,5,37
2025-09-13,S6,P20,3,34
2025-09-14,S6,P20,8,26
2025-09-15,S6,P20,5,21
2025-09-16,S6,P20,3,18
2025-09-17,S6,P20,4,14
2025-09-18,S6,P20,3,11
2025-09-19,S6,P20,4,46
2025-09-20,S6,P20,5,41
2025-09-21,S6,P20,4,37
2025-09-22,S6,P20,5,32
2025-09-23,S6,P20,1,31
2025-09-24,S6,P20,8,23
2025-09-25,S6,P20,5,18
2025-09-26,S6,P20,1,17
2025-09-27,S6,P20,4,13
2025-09-28,S6,P20,2,11
2025-09-29,S6,P20,3,61
2025-09-30,S6,P20,5,56
2025-10-01,S6,P20,4,52
2025-10-02,S6,P20,4,48
2025-10-03,S6,P20,1,47
2025-10-04,S6,P20,4,43
2025-10-05,S6,P20,3,40
2025-10-06,S6,P20,3,37
2025-10-07,S6,P20,5,32
2025-10-08,S6,P20,4,28
2025-10-09,S6,P20,5,23
2025-10-10,S6,P20,2,21
2025-10-11,S6,P20,4,17
2025-10-12,S6,P20,8,39
2025-10-13,S6,P20,4,35
2025-10-14,S6,P20,5,30
2025-10-15,S6,P20,4,26
2025-10-16,S6,P20,2,24
2025-10-17,S6,P20,5,19
2025-10-18,S6,P20,4,15
2025-10-19,S6,P20,8,42
2025-10-20,S6,P20,5,37
2025-10-21,S6,P20,5,32
2025-10-22,S6,P20,9,23
2025-10-23,S6,P20,4,19
2025-10-24,S6,P20,0,19
2025-10-25,S6,P20,4,15
2025-10-26,S6,P20,5,10
2025-10-27,S6,P20,1,58
2025-10-28,S6,P20,6,52
2025-10-29,S6,P20,5,47
2025-10-30,S6,P20,4,43
2025-10-31,S6,P20,4,39
2025-11-01,S6,P20,3,36
2025-11-02,S6,P20,3,33
2025-11-03,S6,P20,3,30
2025-11-04,S6,P20,5,25
2025-11-05,S6,P20,1,24
2025-11-06,S6,P20,3,21
2025-11-07,S6,P20,3,18
2025-11-08,S6,P20,3,15
2025-11-09,S6,P20,1,14
2025-11-10,S6,P20,6,51
2025-11-11,S6,P20,0,51
2025-11-12,S6,P20,5,46
2025-11-13,S6,P20,1,45
2025-11-14,S6,P20,2,43
2025-11-15,S6,P20,3,40
2025-11-16,S6,P20,6,34
2025-11-17,S6,P20,4,30
2025-11-18,S6,P20,9,21
2025-11-19,S6,P20,8,13
2025-11-20,S6,P20,8,58
2025-11-21,S6,P20,7,51
2025-11-22,S6,P20,2,49
2025-11-23,S6,P20,2,47
2025-11-24,S6,P20,4,43
2025-11-25,S6,P20,4,39
2025-11-26,S6,P20,1,38
2025-11-27,S6,P20,3,35
2025-11-28,S6,P20,8,27
2025-11-29,S6,P20,2,25
2025-11-30,S6,P20,7,18
2025-12-01,S6,P20,3,15
2025-12-02,S6,P20,4,11
2025-12-03,S6,P20,9,52
2025-12-04,S6,P20,2,50
2025-12-05,S6,P20,3,47
2025-12-06,S6,P20,7,40
2025-12-07,S6,P20,2,38
2025-12-08,S6,P20,2,36
2025-12-09,S6,P20,3,33
2025-12-10,S6,P20,4,29
2025-12-11,S6,P20,4,25
2025-12-12,S6,P20,2,23
2025-12-13,S6,P20,3,20
2025-12-14,S6,P20,1,19
2025-12-15,S6,P20,3,16
2025-12-16,S6,P20,2,14
2025-12-17,S6,P20,2,12
2025-12-18,S6,P20,3,54
2025-12-19,S6,P20,5,49
2025-12-20,S6,P20,2,47
2025-12-21,S6,P20,5,42
2025-12-22,S6,P20,2,40
2025-12-23,S6,P20,4,36
2025-12-24,S6,P20,5,31
2025-12-25,S6,P20,2,29
2025-12-26,S6,P20,3,26
2025-12-27,S6,P20,2,24
2025-12-28,S6,P20,2,22
2025-12-29,S6,P20,4,18
2025-12-30,S6,P20,4,14
2025-12-31,S6,P20,2,12
2026-01-01,S6,P20,4,59
2026-01-02,S6,P20,4,55
2026-01-03,S6,P20,2,53
2026-01-04,S6,P20,1,52
2026-01-05,S6,P20,2,50
2026-01-06,S6,P20,3,47
2026-01-07,S6,P20,3,44
2026-01-08,S6,P20,3,41
2026-01-09,S6,P20,6,35
2026-01-10,S6,P20,3,32
2026-01-11,S6,P20,5,27
2026-01-12,S6,P20,1,26
2026-01-13,S6,P20,2,24
2026-01-14,S6,P20,6,18
2026-01-15,S6,P20,1,17
2026-01-16,S6,P20,6,11
2026-01-17,S6,P20,6,56
2026-01-18,S6,P20,8,48
2026-01-19,S6,P20,4,44
2026-01-20,S6,P20,2,42
2026-01-21,S6,P20,2,40
2026-01-22,S6,P20,1,39
2026-01-23,S6,P20,4,35
2026-01-24,S6,P20,6,29
2026-01-25,S6,P20,6,23
2026-01-26,S6,P20,3,20
2026-01-27,S6,P20,0,20
2026-01-28,S6,P20,2,18
2026-01-29,S6,P20,6,12
2026-01-30,S6,P20,7,41
2026-01-31,S6,P20,4,37
2026-02-01,S6,P20,6,31
2026-02-02,S6,P20,5,26
2026-02-03,S6,P20,5,21
2026-02-04,S6,P20,5,16
2026-02-05,S6,P20,3,13
2026-02-06,S6,P20,6,46
2026-02-07,S6,P20,2,44
2026-02-08,S6,P20,2,42
2026-02-09,S6,P20,2,40
2026-02-10,S6,P20,6,34
2026-02-11,S6,P20,3,31
2026-02-12,S6,P20,1,30
2026-02-13,S6,P20,5,25
2026-02-14,S6,P20,9,16
2026-02-15,S6,P20,8,36
2026-02-16,S6,P20,2,34
2026-02-17,S6,P20,0,34
2026-02-18,S6,P20,6,28
2026-02-19,S6,P20,2,26
2026-02-20,S6,P20,5,21
2026-02-21,S6,P20,4,17
2026-02-22,S6,P20,3,14
2026-02-23,S6,P20,5,47
2026-02-24,S6,P20,6,41
2026-02-25,S6,P20,1,40
2026-02-26,S6,P20,2,38
2026-02-27,S6,P20,3,35
2026-02-28,S6,P20,7,28
2026-03-01,S6,P20,2,26
2026-03-02,S6,P20,5,21
2026-03-03,S6,P20,3,18
2026-03-04,S6,P20,2,16
2026-03-05,S6,P20,6,10
2026-03-06,S6,P20,5,44
2026-03-07,S6,P20,5,39
2026-03-08,S6,P20,2,37
2026-03-09,S6,P20,1,36
2026-03-10,S6,P20,4,32
2026-03-11,S6,P20,5,27
2026-03-12,S6,P20,3,24
2026-03-13,S6,P20,2,22
2026-03-14,S6,P20,1,21
2025-09-01,S7,P1,2,75
2025-09-02,S7,P1,5,70
2025-09-03,S7,P1,1,69
2025-09-04,S7,P1,5,64
2025-09-05,S7,P1,2,62
2025-09-06,S7,P1,4,58
2025-09-07,S7,P1,5,53
2025-09-08,S7,P1,4,49
2025-09-09,S7,P1,2,47
2025-09-10,S7,P1,3,44
2025-09-11,S7,P1,5,39
2025-09-12,S7,P1,3,36
2025-09-13,S7,P1,4,32
2025-09-14,S7,P1,7,25
2025-09-15,S7,P1,8,17
2025-09-16,S7,P1,5,61
2025-09-17,S7,P1,5,56
2025-09-18,S7,P1,5,51
2025-09-19,S7,P1,5,46
2025-09-20,S7,P1,7,39
2025-09-21,S7,P1,7,32
2025-09-22,S7,P1,4,28
2025-09-23,S7,P1,3,25
2025-09-24,S7,P1,4,21
2025-09-25,S7,P1,7,57
2025-09-26,S7,P1,7,50
2025-09-27,S7,P1,7,43
2025-09-28,S7,P1,4,39
2025-09-29,S7,P1,10,29
2025-09-30,S7,P1,4,25
2025-10-01,S7,P1,6,19
2025-10-02,S7,P1,10,99
2025-10-03,S7,P1,4,95
2025-10-04,S7,P1,8,87
2025-10-05,S7,P1,0,87
2025-10-06,S7,P1,6,81
2025-10-07,S7,P1,2,79
2025-10-08,S7,P1,6,73
2025-10-09,S7,P1,6,67
2025-10-10,S7,P1,4,63
2025-10-11,S7,P1,8,55
2025-10-12,S7,P1,6,49
2025-10-13,S7,P1,4,45
2025-10-14,S7,P1,3,42
2025-10-15,S7,P1,3,39
2025-10-16,S7,P1,4,35
2025-10-17,S7,P1,6,29
2025-10-18,S7,P1,10,19
2025-10-19,S7,P1,7,86
2025-10-20,S7,P1,5,81
2025-10-21,S7,P1,4,77
2025-10-22,S7,P1,3,74
2025-10-23,S7,P1,5,69
2025-10-24,S7,P1,6,63
2025-10-25,S7,P1,4,59
2025-10-26,S7,P1,3,56
2025-10-27,S7,P1,10,46
2025-10-28,S7,P1,3,43
2025-10-29,S7,P1,5,38
2025-10-30,S7,P1,4,34
2025-10-31,S7,P1,10,24
2025-11-01,S7,P1,7,17
2025-11-02,S7,P1,1,16
2025-11-03,S7,P1,2,65
2025-11-04,S7,P1,3,62
2025-11-05,S7,P1,4,58
2025-11-06,S7,P1,10,48
2025-11-07,S7,P1,2,46
2025-11-08,S7,P1,4,42
2025-11-09,S7,P1,9,33
2025-11-10,S7,P1,1,32
2025-11-11,S7,P1,5,27
2025-11-12,S7,P1,5,22
2025-11-13,S7,P1,8,98
2025-11-14,S7,P1,3,95
2025-11-15,S7,P1,6,89
2025-11-16,S7,P1,5,84
2025-11-17,S7,P1,2,82
2025-11-18,S7,P1,4,78
2025-11-19,S7,P1,4,74
2025-11-20,S7,P1,9,65
2025-11-21,S7,P1,1,64
2025-11-22,S7,P1,5,59
2025-11-23,S7,P1,3,56
2025-11-24,S7,P1,9,47
2025-11-25,S7,P1,3,44
2025-11-26,S7,P1,5,39
2025-11-27,S7,P1,8,31
2025-11-28,S7,P1,8,23
2025-11-29,S7,P1,6,17
2025-11-30,S7,P1,7,67
2025-12-01,S7,P1,10,57
2025-12-02,S7,P1,3,54
2025-12-03,S7,P1,4,50
2025-12-04,S7,P1,6,44
2025-12-05,S7,P1,6,38
2025-12-06,S7,P1,7,31
2025-12-07,S7,P1,8,23
2025-12-08,S7,P1,5,18
2025-12-09,S7,P1,4,56
2025-12-10,S7,P1,8,48
2025-12-11,S7,P1,3,45
2025-12-12,S7,P1,4,41
2025-12-13,S7,P1,7,34
2025-12-14,S7,P1,1,33
2025-12-15,S7,P1,2,31
2025-12-16,S7,P1,8,23
2025-12-17,S7,P1,3,20
2025-12-18,S7,P1,7,67
2025-12-19,S7,P1,5,62
2025-12-20,S7,P1,5,57
2025-12-21,S7,P1,8,49
2025-12-22,S7,P1,5,44
2025-12-23,S7,P1,4,40
2025-12-24,S7,P1,5,35
2025-12-25,S7,P1,10,25
2025-12-26,S7,P1,3,22
2025-12-27,S7,P1,7,15
2025-12-28,S7,P1,8,70
2025-12-29,S7,P1,7,63
2025-12-30,S7,P1,4,59
2025-12-31,S7,P1,2,57
2026-01-01,S7,P1,2,55
2026-01-02,S7,P1,4,51
2026-01-03,S7,P1,1,50
2026-01-04,S7,P1,7,43
2026-01-05,S7,P1,4,39
2026-01-06,S7,P1,5,34
2026-01-07,S7,P1,3,31
2026-01-08,S7,P1,6,25
2026-01-09,S7,P1,4,21
2026-01-10,S7,P1,10,71
2026-01-11,S7,P1,6,65
2026-01-12,S7,P1,1,64
2026-01-13,S7,P1,7,57
2026-01-14,S7,P1,8,49
2026-01-15,S7,P1,6,43
2026-01-16,S7,P1,8,35
2026-01-17,S7,P1,7,28
2026-01-18,S7,P1,6,22
2026-01-19,S7,P1,4,18
2026-01-20,S7,P1,4,98
2026-01-21,S7,P1,5,93
2026-01-22,S7,P1,1,92
2026-01-23,S7,P1,12,80
2026-01-24,S7,P1,7,73
2026-01-25,S7,P1,5,68
2026-01-26,S7,P1,7,61
2026-01-27,S7,P1,6,55
2026-01-28,S7,P1,5,50
2026-01-29,S7,P1,5,45
2026-01-30,S7,P1,4,41
2026-01-31,S7,P1,9,32
2026-02-01,S7,P1,5,27
2026-02-02,S7,P1,13,74
2026-02-03,S7,P1,5,69
2026-02-04,S7,P1,7,62
2026-02-05,S7,P1,7,55
2026-02-06,S7,P1,4,51
2026-02-07,S7,P1,11,40
2026-02-08,S7,P1,3,37
2026-02-09,S7,P1,6,31
2026-02-10,S7,P1,0,31
2026-02-11,S7,P1,5,26
2026-02-12,S7,P1,3,23
2026-02-13,S7,P1,0,23
2026-02-14,S7,P1,7,16
2026-02-15,S7,P1,2,74
2026-02-16,S7,P1,4,70
2026-02-17,S7,P1,6,64
2026-02-18,S7,P1,3,61
2026-02-19,S7,P1,6,55
2026-02-20,S7,P1,8,47
2026-02-21,S7,P1,6,41
2026-02-22,S7,P1,5,36
2026-02-23,S7,P1,6,30
2026-02-24,S7,P1,3,27
2026-02-25,S7,P1,5,22
2026-02-26,S7,P1,8,65
2026-02-27,S7,P1,7,58
2026-02-28,S7,P1,5,53
2026-03-01,S7,P1,1,52
2026-03-02,S7,P1,6,46
2026-03-03,S7,P1,5,41
2026-03-04,S7,P1,5,36
2026-03-05,S7,P1,4,32
2026-03-06,S7,P1,9,23
2026-03-07,S7,P1,9,74
2026-03-08,S7,P1,4,70
2026-03-09,S7,P1,6,64
2026-03-10,S7,P1,5,59
2026-03-11,S7,P1,4,55
2026-03-12,S7,P1,6,49
2026-03-13,S7,P1,6,43
2026-03-14,S7,P1,9,34
2025-09-01,S7,P2,1,13
2025-09-02,S7,P2,1,12
2025-09-03,S7,P2,0,12
2025-09-04,S7,P2,1,11
2025-09-05,S7,P2,0,11
2025-09-06,S7,P2,5,6
2025-09-07,S7,P2,1,5
2025-09-08,S7,P2,2,3
2025-09-09,S7,P2,1,14
2025-09-10,S7,P2,1,13
2025-09-11,S7,P2,2,11
2025-09-12,S7,P2,1,10
2025-09-13,S7,P2,3,7
2025-09-14,S7,P2,1,6
2025-09-15,S7,P2,1,5
2025-09-16,S7,P2,0,5
2025-09-17,S7,P2,2,3
2025-09-18,S7,P2,0,3
2025-09-19,S7,P2,2,11
2025-09-20,S7,P2,2,9
2025-09-21,S7,P2,0,9
2025-09-22,S7,P2,1,8
2025-09-23,S7,P2,1,7
2025-09-24,S7,P2,0,7
2025-09-25,S7,P2,0,7
2025-09-26,S7,P2,1,6
2025-09-27,S7,P2,0,6
2025-09-28,S7,P2,0,6
2025-09-29,S7,P2,1,5
2025-09-30,S7,P2,0,5
2025-10-01,S7,P2,0,5
2025-10-02,S7,P2,2,3
2025-10-03,S7,P2,0,3
2025-10-04,S7,P2,2,16
2025-10-05,S7,P2,1,15
2025-10-06,S7,P2,3,12
2025-10-07,S7,P2,1,11
2025-10-08,S7,P2,2,9
2025-10-09,S7,P2,1,8
2025-10-10,S7,P2,1,7
2025-10-11,S7,P2,3,4
2025-10-12,S7,P2,1,3
2025-10-13,S7,P2,0,3
2025-10-14,S7,P2,0,3
2025-10-15,S7,P2,1,13
2025-10-16,S7,P2,1,12
2025-10-17,S7,P2,2,10
2025-10-18,S7,P2,0,10
2025-10-19,S7,P2,0,10
2025-10-20,S7,P2,2,8
2025-10-21,S7,P2,0,8
2025-10-22,S7,P2,1,7
2025-10-23,S7,P2,0,7
2025-10-24,S7,P2,0,7
2025-10-25,S7,P2,2,5
2025-10-26,S7,P2,0,5
2025-10-27,S7,P2,0,5
2025-10-28,S7,P2,1,4
2025-10-29,S7,P2,2,12
2025-10-30,S7,P2,3,9
2025-10-31,S7,P2,1,8
2025-11-01,S7,P2,1,7
2025-11-02,S7,P2,0,7
2025-11-03,S7,P2,1,6
2025-11-04,S7,P2,0,6
2025-11-05,S7,P2,1,5
2025-11-06,S7,P2,0,5
2025-11-07,S7,P2,0,5
2025-11-08,S7,P2,2,3
2025-11-09,S7,P2,3,14
2025-11-10,S7,P2,0,14
2025-11-11,S7,P2,1,13
2025-11-12,S7,P2,1,12
2025-11-13,S7,P2,0,12
2025-11-14,S7,P2,0,12
2025-11-15,S7,P2,0,12
2025-11-16,S7,P2,0,12
2025-11-17,S7,P2,0,12
2025-11-18,S7,P2,1,11
2025-11-19,S7,P2,1,10
2025-11-20,S7,P2,1,9
2025-11-21,S7,P2,1,8
2025-11-22,S7,P2,1,7
2025-11-23,S7,P2,1,6
2025-11-24,S7,P2,1,5
2025-11-25,S7,P2,0,5
2025-11-26,S7,P2,1,4
2025-11-27,S7,P2,1,3
2025-11-28,S7,P2,1,14
2025-11-29,S7,P2,2,12
2025-11-30,S7,P2,1,11
2025-12-01,S7,P2,2,9
2025-12-02,S7,P2,1,8
2025-12-03,S7,P2,1,7
2025-12-04,S7,P2,1,6
2025-12-05,S7,P2,1,5
2025-12-06,S7,P2,0,5
2025-12-07,S7,P2,0,5
2025-12-08,S7,P2,1,4
2025-12-09,S7,P2,0,4
2025-12-10,S7,P2,0,4
2025-12-11,S7,P2,0,4
2025-12-12,S7,P2,1,3
2025-12-13,S7,P2,1,14
2025-12-14,S7,P2,2,12
2025-12-15,S7,P2,0,12
2025-12-16,S7,P2,3,9
2025-12-17,S7,P2,1,8
2025-12-18,S7,P2,0,8
2025-12-19,S7,P2,0,8
2025-12-20,S7,P2,1,7
2025-12-21,S7,P2,0,7
2025-12-22,S7,P2,0,7
2025-12-23,S7,P2,1,6
2025-12-24,S7,P2,1,5
2025-12-25,S7,P2,1,4
2025-12-26,S7,P2,2,12
2025-12-27,S7,P2,0,12
2025-12-28,S7,P2,2,10
2025-12-29,S7,P2,0,10
2025-12-30,S7,P2,3,7
2025-12-31,S7,P2,0,7
2026-01-01,S7,P2,0,7
2026-01-02,S7,P2,0,7
2026-01-03,S7,P2,1,6
2026-01-04,S7,P2,1,5
2026-01-05,S7,P2,0,5
2026-01-06,S7,P2,0,5
2026-01-07,S7,P2,4,14
2026-01-08,S7,P2,1,13
2026-01-09,S7,P2,1,12
2026-01-10,S7,P2,0,12
2026-01-11,S7,P2,1,11
2026-01-12,S7,P2,1,10
2026-01-13,S7,P2,1,9
2026-01-14,S7,P2,0,9
2026-01-15,S7,P2,1,8
2026-01-16,S7,P2,0,8
2026-01-17,S7,P2,1,7
2026-01-18,S7,P2,1,6
2026-01-19,S7,P2,2,4
2026-01-20,S7,P2,2,12
2026-01-21,S7,P2,0,12
2026-01-22,S7,P2,2,10
2026-01-23,S7,P2,0,10
2026-01-24,S7,P2,1,9
2026-01-25,S7,P2,2,7
2026-01-26,S7,P2,2,5
2026-01-27,S7,P2,0,5
2026-01-28,S7,P2,0,5
2026-01-29,S7,P2,0,5
2026-01-30,S7,P2,3,12
2026-01-31,S7,P2,3,9
2026-02-01,S7,P2,0,9
2026-02-02,S7,P2,0,9
2026-02-03,S7,P2,0,9
2026-02-04,S7,P2,0,9
2026-02-05,S7,P2,0,9
2026-02-06,S7,P2,0,9
2026-02-07,S7,P2,2,7
2026-02-08,S7,P2,4,3
2026-02-09,S7,P2,1,13
2026-02-10,S7,P2,3,10
2026-02-11,S7,P2,1,9
2026-02-12,S7,P2,3,6
2026-02-13,S7,P2,2,4
2026-02-14,S7,P2,0,4
2026-02-15,S7,P2,0,4
2026-02-16,S7,P2,1,3
2026-02-17,S7,P2,2,12
2026-02-18,S7,P2,1,11
2026-02-19,S7,P2,3,8
2026-02-20,S7,P2,2,6
2026-02-21,S7,P2,0,6
2026-02-22,S7,P2,2,4
2026-02-23,S7,P2,0,4
2026-02-24,S7,P2,1,3
2026-02-25,S7,P2,1,12
2026-02-26,S7,P2,0,12
2026-02-27,S7,P2,1,11
2026-02-28,S7,P2,3,8
2026-03-01,S7,P2,0,8
2026-03-02,S7,P2,1,7
2026-03-03,S7,P2,2,5
2026-03-04,S7,P2,3,14
2026-03-05,S7,P2,3,11
2026-03-06,S7,P2,2,9
2026-03-07,S7,P2,0,9
2026-03-08,S7,P2,2,7
2026-03-09,S7,P2,0,7
2026-03-10,S7,P2,1,6
2026-03-11,S7,P2,1,5
2026-03-12,S7,P2,0,5
2026-03-13,S7,P2,2,3
2026-03-14,S7,P2,1,13
2025-09-01,S7,P3,3,57
2025-09-02,S7,P3,3,54
2025-09-03,S7,P3,4,50
2025-09-04,S7,P3,4,46
2025-09-05,S7,P3,3,43
2025-09-06,S7,P3,3,40
2025-09-07,S7,P3,0,40
2025-09-08,S7,P3,2,38
2025-09-09,S7,P3,5,33
2025-09-10,S7,P3,1,32
2025-09-11,S7,P3,4,28
2025-09-12,S7,P3,3,25
2025-09-13,S7,P3,4,21
2025-09-14,S7,P3,3,18
2025-09-15,S7,P3,2,16
2025-09-16,S7,P3,2,14
2025-09-17,S7,P3,5,9
2025-09-18,S7,P3,2,47
2025-09-19,S7,P3,6,41
2025-09-20,S7,P3,1,40
2025-09-21,S7,P3,1,39
2025-09-22,S7,P3,3,36
2025-09-23,S7,P3,1,35
2025-09-24,S7,P3,3,32
2025-09-25,S7,P3,6,26
2025-09-26,S7,P3,5,21
2025-09-27,S7,P3,1,20
2025-09-28,S7,P3,4,16
2025-09-29,S7,P3,3,13
2025-09-30,S7,P3,6,39
2025-10-01,S7,P3,7,32
2025-10-02,S7,P3,7,25
2025-10-03,S7,P3,4,21
2025-10-04,S7,P3,2,19
2025-10-05,S7,P3,3,16
2025-10-06,S7,P3,2,14
2025-10-07,S7,P3,2,12
2025-10-08,S7,P3,0,12
2025-10-09,S7,P3,3,9
2025-10-10,S7,P3,3,46
2025-10-11,S7,P3,4,42
2025-10-12,S7,P3,5,37
2025-10-13,S7,P3,1,36
2025-10-14,S7,P3,2,34
2025-10-15,S7,P3,4,30
2025-10-16,S7,P3,3,27
2025-10-17,S7,P3,4,23
2025-10-18,S7,P3,7,16
2025-10-19,S7,P3,3,13
2025-10-20,S7,P3,6,54
2025-10-21,S7,P3,5,49
2025-10-22,S7,P3,2,47
2025-10-23,S7,P3,6,41
2025-10-24,S7,P3,8,33
2025-10-25,S7,P3,3,30
2025-10-26,S7,P3,0,30
2025-10-27,S7,P3,1,29
2025-10-28,S7,P3,1,28
2025-10-29,S7,P3,5,23
2025-10-30,S7,P3,4,19
2025-10-31,S7,P3,2,17
2025-11-01,S7,P3,6,11
2025-11-02,S7,P3,1,10
2025-11-03,S7,P3,4,36
2025-11-04,S7,P3,3,33
2025-11-05,S7,P3,7,26
2025-11-06,S7,P3,5,21
2025-11-07,S7,P3,3,18
2025-11-08,S7,P3,2,16
2025-11-09,S7,P3,2,14
2025-11-10,S7,P3,4,10
2025-11-11,S7,P3,4,39
2025-11-12,S7,P3,4,35
2025-11-13,S7,P3,2,33
2025-11-14,S7,P3,2,31
2025-11-15,S7,P3,4,27
2025-11-16,S7,P3,3,24
2025-11-17,S7,P3,2,22
2025-11-18,S7,P3,0,22
2025-11-19,S7,P3,2,20
2025-11-20,S7,P3,2,18
2025-11-21,S7,P3,3,15
2025-11-22,S7,P3,5,10
2025-11-23,S7,P3,4,53
2025-11-24,S7,P3,0,53
2025-11-25,S7,P3,4,49
2025-11-26,S7,P3,5,44
2025-11-27,S7,P3,3,41
2025-11-28,S7,P3,3,38
2025-11-29,S7,P3,2,36
2025-11-30,S7,P3,4,32
2025-12-01,S7,P3,3,29
2025-12-02,S7,P3,3,26
2025-12-03,S7,P3,4,22
2025-12-04,S7,P3,2,20
2025-12-05,S7,P3,5,15
2025-12-06,S7,P3,3,12
2025-12-07,S7,P3,4,40
2025-12-08,S7,P3,4,36
2025-12-09,S7,P3,2,34
2025-12-10,S7,P3,4,30
2025-12-11,S7,P3,2,28
2025-12-12,S7,P3,1,27
2025-12-13,S7,P3,5,22
2025-12-14,S7,P3,1,21
2025-12-15,S7,P3,3,18
2025-12-16,S7,P3,2,16
2025-12-17,S7,P3,5,11
2025-12-18,S7,P3,0,11
2025-12-19,S7,P3,5,48
2025-12-20,S7,P3,6,42
2025-12-21,S7,P3,6,36
2025-12-22,S7,P3,2,34
2025-12-23,S7,P3,3,31
2025-12-24,S7,P3,3,28
2025-12-25,S7,P3,2,26
2025-12-26,S7,P3,2,24
2025-12-27,S7,P3,4,20
2025-12-28,S7,P3,0,20
2025-12-29,S7,P3,1,19
2025-12-30,S7,P3,4,15
2025-12-31,S7,P3,6,9
2026-01-01,S7,P3,6,37
2026-01-02,S7,P3,3,34
2026-01-03,S7,P3,3,31
2026-01-04,S7,P3,2,29
2026-01-05,S7,P3,7,22
2026-01-06,S7,P3,3,19
2026-01-07,S7,P3,3,16
2026-01-08,S7,P3,3,13
2026-01-09,S7,P3,3,10
2026-01-10,S7,P3,5,40
2026-01-11,S7,P3,4,36
2026-01-12,S7,P3,3,33
2026-01-13,S7,P3,9,24
2026-01-14,S7,P3,3,21
2026-01-15,S7,P3,2,19
2026-01-16,S7,P3,3,16
2026-01-17,S7,P3,3,13
2026-01-18,S7,P3,5,42
2026-01-19,S7,P3,2,40
2026-01-20,S7,P3,3,37
2026-01-21,S7,P3,2,35
2026-01-22,S7,P3,2,33
2026-01-23,S7,P3,3,30
2026-01-24,S7,P3,3,27
2026-01-25,S7,P3,6,21
2026-01-26,S7,P3,4,17
2026-01-27,S7,P3,4,13
2026-01-28,S7,P3,0,13
2026-01-29,S7,P3,4,9
2026-01-30,S7,P3,8,44
2026-01-31,S7,P3,2,42
2026-02-01,S7,P3,2,40
2026-02-02,S7,P3,5,35
2026-02-03,S7,P3,1,34
2026-02-04,S7,P3,2,32
2026-02-05,S7,P3,2,30
2026-02-06,S7,P3,4,26
2026-02-07,S7,P3,5,21
2026-02-08,S7,P3,2,19
2026-02-09,S7,P3,2,17
2026-02-10,S7,P3,0,17
2026-02-11,S7,P3,2,15
2026-02-12,S7,P3,5,10
2026-02-13,S7,P3,1,9
2026-02-14,S7,P3,3,44
2026-02-15,S7,P3,2,42
2026-02-16,S7,P3,4,38
2026-02-17,S7,P3,3,35
2026-02-18,S7,P3,4,31
2026-02-19,S7,P3,2,29
2026-02-20,S7,P3,9,20
2026-02-21,S7,P3,6,14
2026-02-22,S7,P3,5,9
2026-02-23,S7,P3,3,47
2026-02-24,S7,P3,3,44
2026-02-25,S7,P3,3,41
2026-02-26,S7,P3,1,40
2026-02-27,S7,P3,4,36
2026-02-28,S7,P3,2,34
2026-03-01,S7,P3,4,30
2026-03-02,S7,P3,3,27
2026-03-03,S7,P3,3,24
2026-03-04,S7,P3,7,17
2026-03-05,S7,P3,1,16
2026-03-06,S7,P3,3,13
2026-03-07,S7,P3,4,9
2026-03-08,S7,P3,3,58
2026-03-09,S7,P3,1,57
2026-03-10,S7,P3,1,56
2026-03-11,S7,P3,3,53
2026-03-12,S7,P3,5,48
2026-03-13,S7,P3,4,44
2026-03-14,S7,P3,6,38
2025-09-01,S7,P4,2,38
2025-09-02,S7,P4,2,36
2025-09-03,S7,P4,2,34
2025-09-04,S7,P4,2,32
2025-09-05,S7,P4,4,28
2025-09-06,S7,P4,2,26
2025-09-07,S7,P4,5,21
2025-09-08,S7,P4,0,21
2025-09-09,S7,P4,2,19
2025-09-10,S7,P4,2,17
2025-09-11,S7,P4,4,13
2025-09-12,S7,P4,1,12
2025-09-13,S7,P4,2,10
2025-09-14,S7,P4,4,6
2025-09-15,S7,P4,2,32
2025-09-16,S7,P4,2,30
2025-09-17,S7,P4,1,29
2025-09-18,S7,P4,2,27
2025-09-19,S7,P4,2,25
2025-09-20,S7,P4,2,23
2025-09-21,S7,P4,3,20
2025-09-22,S7,P4,2,18
2025-09-23,S7,P4,1,17
2025-09-24,S7,P4,3,14
2025-09-25,S7,P4,2,12
2025-09-26,S7,P4,0,12
2025-09-27,S7,P4,4,8
2025-09-28,S7,P4,3,5
2025-09-29,S7,P4,1,30
2025-09-30,S7,P4,3,27
2025-10-01,S7,P4,5,22
2025-10-02,S7,P4,2,20
2025-10-03,S7,P4,1,19
2025-10-04,S7,P4,3,16
2025-10-05,S7,P4,1,15
2025-10-06,S7,P4,3,12
2025-10-07,S7,P4,2,10
2025-10-08,S7,P4,1,9
2025-10-09,S7,P4,2,7
2025-10-10,S7,P4,2,5
2025-10-11,S7,P4,2,32
2025-10-12,S7,P4,6,26
2025-10-13,S7,P4,4,22
2025-10-14,S7,P4,2,20
2025-10-15,S7,P4,2,18
2025-10-16,S7,P4,1,17
2025-10-17,S7,P4,2,15
2025-10-18,S7,P4,2,13
2025-10-19,S7,P4,2,11
2025-10-20,S7,P4,1,10
2025-10-21,S7,P4,2,8
2025-10-22,S7,P4,1,7
2025-10-23,S7,P4,3,19
2025-10-24,S7,P4,1,18
2025-10-25,S7,P4,3,15
2025-10-26,S7,P4,2,13
2025-10-27,S7,P4,0,13
2025-10-28,S7,P4,2,11
2025-10-29,S7,P4,2,9
2025-10-30,S7,P4,3,6
2025-10-31,S7,P4,1,5
2025-11-01,S7,P4,3,29
2025-11-02,S7,P4,2,27
2025-11-03,S7,P4,0,27
2025-11-04,S7,P4,1,26
2025-11-05,S7,P4,1,25
2025-11-06,S7,P4,2,23
2025-11-07,S7,P4,2,21
2025-11-08,S7,P4,0,21
2025-11-09,S7,P4,2,19
2025-11-10,S7,P4,1,18
2025-11-11,S7,P4,1,17
2025-11-12,S7,P4,1,16
2025-11-13,S7,P4,1,15
2025-11-14,S7,P4,2,13
2025-11-15,S7,P4,4,9
2025-11-16,S7,P4,2,7
2025-11-17,S7,P4,1,6
2025-11-18,S7,P4,1,5
2025-11-19,S7,P4,1,21
2025-11-20,S7,P4,0,21
2025-11-21,S7,P4,2,19
2025-11-22,S7,P4,2,17
2025-11-23,S7,P4,1,16
2025-11-24,S7,P4,6,10
2025-11-25,S7,P4,0,10
2025-11-26,S7,P4,4,6
2025-11-27,S7,P4,0,6
2025-11-28,S7,P4,2,31
2025-11-29,S7,P4,1,30
2025-11-30,S7,P4,4,26
2025-12-01,S7,P4,3,23
2025-12-02,S7,P4,2,21
2025-12-03,S7,P4,3,18
2025-12-04,S7,P4,2,16
2025-12-05,S7,P4,2,14
2025-12-06,S7,P4,2,12
2025-12-07,S7,P4,1,11
2025-12-08,S7,P4,0,11
2025-12-09,S7,P4,2,9
2025-12-10,S7,P4,1,8
2025-12-11,S7,P4,5,31
2025-12-12,S7,P4,1,30
2025-12-13,S7,P4,2,28
2025-12-14,S7,P4,3,25
2025-12-15,S7,P4,2,23
2025-12-16,S7,P4,1,22
2025-12-17,S7,P4,1,21
2025-12-18,S7,P4,0,21
2025-12-19,S7,P4,0,21
2025-12-20,S7,P4,1,20
2025-12-21,S7,P4,2,18
2025-12-22,S7,P4,1,17
2025-12-23,S7,P4,1,16
2025-12-24,S7,P4,1,15
2025-12-25,S7,P4,3,12
2025-12-26,S7,P4,2,10
2025-12-27,S7,P4,4,6
2025-12-28,S7,P4,3,33
2025-12-29,S7,P4,5,28
2025-12-30,S7,P4,0,28
2025-12-31,S7,P4,2,26
2026-01-01,S7,P4,2,24
2026-01-02,S7,P4,0,24
2026-01-03,S7,P4,0,24
2026-01-04,S7,P4,0,24
2026-01-05,S7,P4,1,23
2026-01-06,S7,P4,1,22
2026-01-07,S7,P4,2,20
2026-01-08,S7,P4,2,18
2026-01-09,S7,P4,1,17
2026-01-10,S7,P4,2,15
2026-01-11,S7,P4,1,14
2026-01-12,S7,P4,1,13
2026-01-13,S7,P4,0,13
2026-01-14,S7,P4,3,10
2026-01-15,S7,P4,0,10
2026-01-16,S7,P4,2,8
2026-01-17,S7,P4,3,5
2026-01-18,S7,P4,2,27
2026-01-19,S7,P4,2,25
2026-01-20,S7,P4,0,25
2026-01-21,S7,P4,3,22
2026-01-22,S7,P4,2,20
2026-01-23,S7,P4,1,19
2026-01-24,S7,P4,4,15
2026-01-25,S7,P4,0,15
2026-01-26,S7,P4,3,12
2026-01-27,S7,P4,0,12
2026-01-28,S7,P4,2,10
2026-01-29,S7,P4,1,9
2026-01-30,S7,P4,3,6
2026-01-31,S7,P4,1,5
2026-02-01,S7,P4,1,31
2026-02-02,S7,P4,1,30
2026-02-03,S7,P4,1,29
2026-02-04,S7,P4,1,28
2026-02-05,S7,P4,0,28
2026-02-06,S7,P4,1,27
2026-02-07,S7,P4,2,25
2026-02-08,S7,P4,4,21
2026-02-09,S7,P4,1,20
2026-02-10,S7,P4,0,20
2026-02-11,S7,P4,0,20
2026-02-12,S7,P4,3,17
2026-02-13,S7,P4,2,15
2026-02-14,S7,P4,2,13
2026-02-15,S7,P4,5,8
2026-02-16,S7,P4,2,6
2026-02-17,S7,P4,0,6
2026-02-18,S7,P4,4,29
2026-02-19,S7,P4,5,24
2026-02-20,S7,P4,4,20
2026-02-21,S7,P4,3,17
2026-02-22,S7,P4,4,13
2026-02-23,S7,P4,1,12
2026-02-24,S7,P4,2,10
2026-02-25,S7,P4,1,9
2026-02-26,S7,P4,2,7
2026-02-27,S7,P4,4,23
2026-02-28,S7,P4,3,20
2026-03-01,S7,P4,2,18
2026-03-02,S7,P4,2,16
2026-03-03,S7,P4,1,15
2026-03-04,S7,P4,1,14
2026-03-05,S7,P4,0,14
2026-03-06,S7,P4,1,13
2026-03-07,S7,P4,6,7
2026-03-08,S7,P4,3,23
2026-03-09,S7,P4,1,22
2026-03-10,S7,P4,1,21
2026-03-11,S7,P4,1,20
2026-03-12,S7,P4,0,20
2026-03-13,S7,P4,6,14
2026-03-14,S7,P4,2,12
2025-09-01,S7,P5,1,38
2025-09-02,S7,P5,1,37
2025-09-03,S7,P5,2,35
2025-09-04,S7,P5,2,33
2025-09-05,S7,P5,1,32
2025-09-06,S7,P5,2,30
2025-09-07,S7,P5,1,29
2025-09-08,S7,P5,2,27
2025-09-09,S7,P5,3,24
2025-09-10,S7,P5,1,23
2025-09-11,S7,P5,1,22
2025-09-12,S7,P5,2,20
2025-09-13,S7,P5,4,16
2025-09-14,S7,P5,2,14
2025-09-15,S7,P5,2,12
2025-09-16,S7,P5,0,12
2025-09-17,S7,P5,2,10
2025-09-18,S7,P5,5,5
2025-09-19,S7,P5,2,30
2025-09-20,S7,P5,1,29
2025-09-21,S7,P5,1,28
2025-09-22,S7,P5,2,26
2025-09-23,S7,P5,2,24
2025-09-24,S7,P5,0,24
2025-09-25,S7,P5,5,19
2025-09-26,S7,P5,3,16
2025-09-27,S7,P5,1,15
2025-09-28,S7,P5,1,14
2025-09-29,S7,P5,1,13
2025-09-30,S7,P5,3,10
2025-10-01,S7,P5,0,10
2025-10-02,S7,P5,3,7
2025-10-03,S7,P5,0,7
2025-10-04,S7,P5,6,17
2025-10-05,S7,P5,1,16
2025-10-06,S7,P5,1,15
2025-10-07,S7,P5,1,14
2025-10-08,S7,P5,4,10
2025-10-09,S7,P5,3,7
2025-10-10,S7,P5,1,6
2025-10-11,S7,P5,2,24
2025-10-12,S7,P5,1,23
2025-10-13,S7,P5,1,22
2025-10-14,S7,P5,1,21
2025-10-15,S7,P5,0,21
2025-10-16,S7,P5,0,21
2025-10-17,S7,P5,0,21
2025-10-18,S7,P5,2,19
2025-10-19,S7,P5,0,19
2025-10-20,S7,P5,1,18
2025-10-21,S7,P5,1,17
2025-10-22,S7,P5,1,16
2025-10-23,S7,P5,3,13
2025-10-24,S7,P5,3,10
2025-10-25,S7,P5,2,8
2025-10-26,S7,P5,0,8
2025-10-27,S7,P5,1,7
2025-10-28,S7,P5,0,7
2025-10-29,S7,P5,2,5
2025-10-30,S7,P5,3,32
2025-10-31,S7,P5,0,32
2025-11-01,S7,P5,2,30
2025-11-02,S7,P5,1,29
2025-11-03,S7,P5,2,27
2025-11-04,S7,P5,1,26
2025-11-05,S7,P5,3,23
2025-11-06,S7,P5,4,19
2025-11-07,S7,P5,0,19
2025-11-08,S7,P5,3,16
2025-11-09,S7,P5,1,15
2025-11-10,S7,P5,2,13
2025-11-11,S7,P5,1,12
2025-11-12,S7,P5,1,11
2025-11-13,S7,P5,3,8
2025-11-14,S7,P5,5,28
2025-11-15,S7,P5,3,25
2025-11-16,S7,P5,1,24
2025-11-17,S7,P5,1,23
2025-11-18,S7,P5,1,22
2025-11-19,S7,P5,2,20
2025-11-20,S7,P5,2,18
2025-11-21,S7,P5,4,14
2025-11-22,S7,P5,2,12
2025-11-23,S7,P5,2,10
2025-11-24,S7,P5,2,8
2025-11-25,S7,P5,2,6
2025-11-26,S7,P5,1,5
2025-11-27,S7,P5,3,18
2025-11-28,S7,P5,3,15
2025-11-29,S7,P5,3,12
2025-11-30,S7,P5,3,9
2025-12-01,S7,P5,3,6
2025-12-02,S7,P5,2,31
2025-12-03,S7,P5,0,31
2025-12-04,S7,P5,0,31
2025-12-05,S7,P5,3,28
2025-12-06,S7,P5,2,26
2025-12-07,S7,P5,2,24
2025-12-08,S7,P5,0,24
2025-12-09,S7,P5,1,23
2025-12-10,S7,P5,0,23
2025-12-11,S7,P5,2,21
2025-12-12,S7,P5,2,19
2025-12-13,S7,P5,0,19
2025-12-14,S7,P5,0,19
2025-12-15,S7,P5,3,16
2025-12-16,S7,P5,0,16
2025-12-17,S7,P5,1,15
2025-12-18,S7,P5,0,15
2025-12-19,S7,P5,4,11
2025-12-20,S7,P5,4,7
2025-12-21,S7,P5,1,6
2025-12-22,S7,P5,1,5
2025-12-23,S7,P5,2,25
2025-12-24,S7,P5,2,23
2025-12-25,S7,P5,0,23
2025-12-26,S7,P5,1,22
2025-12-27,S7,P5,0,22
2025-12-28,S7,P5,0,22
2025-12-29,S7,P5,4,18
2025-12-30,S7,P5,1,17
2025-12-31,S7,P5,2,15
2026-01-01,S7,P5,0,15
2026-01-02,S7,P5,1,14
2026-01-03,S7,P5,5,9
2026-01-04,S7,P5,1,8
2026-01-05,S7,P5,3,5
2026-01-06,S7,P5,3,16
2026-01-07,S7,P5,2,14
2026-01-08,S7,P5,2,12
2026-01-09,S7,P5,2,10
2026-01-10,S7,P5,0,10
2026-01-11,S7,P5,1,9
2026-01-12,S7,P5,3,6
2026-01-13,S7,P5,1,5
2026-01-14,S7,P5,2,29
2026-01-15,S7,P5,2,27
2026-01-16,S7,P5,2,25
2026-01-17,S7,P5,4,21
2026-01-18,S7,P5,0,21
2026-01-19,S7,P5,1,20
2026-01-20,S7,P5,3,17
2026-01-21,S7,P5,0,17
2026-01-22,S7,P5,0,17
2026-01-23,S7,P5,1,16
2026-01-24,S7,P5,2,14
2026-01-25,S7,P5,2,12
2026-01-26,S7,P5,1,11
2026-01-27,S7,P5,2,9
2026-01-28,S7,P5,2,7
2026-01-29,S7,P5,2,5
2026-01-30,S7,P5,3,30
2026-01-31,S7,P5,3,27
2026-02-01,S7,P5,0,27
2026-02-02,S7,P5,4,23
2026-02-03,S7,P5,3,20
2026-02-04,S7,P5,2,18
2026-02-05,S7,P5,0,18
2026-02-06,S7,P5,2,16
2026-02-07,S7,P5,1,15
2026-02-08,S7,P5,1,14
2026-02-09,S7,P5,2,12
2026-02-10,S7,P5,2,10
2026-02-11,S7,P5,4,6
2026-02-12,S7,P5,1,5
2026-02-13,S7,P5,4,25
2026-02-14,S7,P5,1,24
2026-02-15,S7,P5,1,23
2026-02-16,S7,P5,1,22
2026-02-17,S7,P5,2,20
2026-02-18,S7,P5,4,16
2026-02-19,S7,P5,3,13
2026-02-20,S7,P5,2,11
2026-02-21,S7,P5,1,10
2026-02-22,S7,P5,3,7
2026-02-23,S7,P5,2,5
2026-02-24,S7,P5,5,29
2026-02-25,S7,P5,5,24
2026-02-26,S7,P5,0,24
2026-02-27,S7,P5,2,22
2026-02-28,S7,P5,2,20
2026-03-01,S7,P5,1,19
2026-03-02,S7,P5,1,18
2026-03-03,S7,P5,0,18
2026-03-04,S7,P5,1,17
2026-03-05,S7,P5,2,15
2026-03-06,S7,P5,5,10
2026-03-07,S7,P5,4,6
2026-03-08,S7,P5,2,25
2026-03-09,S7,P5,1,24
2026-03-10,S7,P5,1,23
2026-03-11,S7,P5,0,23
2026-03-12,S7,P5,1,22
2026-03-13,S7,P5,2,20
2026-03-14,S7,P5,1,19
2025-09-01,S7,P6,3,88
2025-09-02,S7,P6,4,84
2025-09-03,S7,P6,5,79
2025-09-04,S7,P6,3,76
2025-09-05,S7,P6,7,69
2025-09-06,S7,P6,4,65
2025-09-07,S7,P6,4,61
2025-09-08,S7,P6,4,57
2025-09-09,S7,P6,3,54
2025-09-10,S7,P6,4,50
2025-09-11,S7,P6,9,41
2025-09-12,S7,P6,3,38
2025-09-13,S7,P6,11,27
2025-09-14,S7,P6,4,23
2025-09-15,S7,P6,5,18
2025-09-16,S7,P6,7,67
2025-09-17,S7,P6,11,56
2025-09-18,S7,P6,9,47
2025-09-19,S7,P6,9,38
2025-09-20,S7,P6,6,32
2025-09-21,S7,P6,11,21
2025-09-22,S7,P6,4,17
2025-09-23,S7,P6,8,103
2025-09-24,S7,P6,2,101
2025-09-25,S7,P6,5,96
2025-09-26,S7,P6,7,89
2025-09-27,S7,P6,9,80
2025-09-28,S7,P6,7,73
2025-09-29,S7,P6,6,67
2025-09-30,S7,P6,2,65
2025-10-01,S7,P6,9,56
2025-10-02,S7,P6,2,54
2025-10-03,S7,P6,11,43
2025-10-04,S7,P6,6,37
2025-10-05,S7,P6,3,34
2025-10-06,S7,P6,6,28
2025-10-07,S7,P6,2,26
2025-10-08,S7,P6,12,67
2025-10-09,S7,P6,11,56
2025-10-10,S7,P6,7,49
2025-10-11,S7,P6,6,43
2025-10-12,S7,P6,10,33
2025-10-13,S7,P6,5,28
2025-10-14,S7,P6,5,23
2025-10-15,S7,P6,5,18
2025-10-16,S7,P6,6,64
2025-10-17,S7,P6,4,60
2025-10-18,S7,P6,10,50
2025-10-19,S7,P6,3,47
2025-10-20,S7,P6,5,42
2025-10-21,S7,P6,7,35
2025-10-22,S7,P6,3,32
2025-10-23,S7,P6,13,19
2025-10-24,S7,P6,5,71
2025-10-25,S7,P6,7,64
2025-10-26,S7,P6,4,60
2025-10-27,S7,P6,4,56
2025-10-28,S7,P6,6,50
2025-10-29,S7,P6,8,42
2025-10-30,S7,P6,2,40
2025-10-31,S7,P6,13,27
2025-11-01,S7,P6,3,24
2025-11-02,S7,P6,4,20
2025-11-03,S7,P6,6,70
2025-11-04,S7,P6,7,63
2025-11-05,S7,P6,9,54
2025-11-06,S7,P6,6,48
2025-11-07,S7,P6,8,40
2025-11-08,S7,P6,3,37
2025-11-09,S7,P6,4,33
2025-11-10,S7,P6,7,26
2025-11-11,S7,P6,8,18
2025-11-12,S7,P6,7,90
2025-11-13,S7,P6,10,80
2025-11-14,S7,P6,3,77
2025-11-15,S7,P6,3,74
2025-11-16,S7,P6,5,69
2025-11-17,S7,P6,4,65
2025-11-18,S7,P6,4,61
2025-11-19,S7,P6,12,49
2025-11-20,S7,P6,7,42
2025-11-21,S7,P6,7,35
2025-11-22,S7,P6,10,25
2025-11-23,S7,P6,7,18
2025-11-24,S7,P6,8,102
2025-11-25,S7,P6,6,96
2025-11-26,S7,P6,1,95
2025-11-27,S7,P6,2,93
2025-11-28,S7,P6,6,87
2025-11-29,S7,P6,5,82
2025-11-30,S7,P6,9,73
2025-12-01,S7,P6,7,66
2025-12-02,S7,P6,5,61
2025-12-03,S7,P6,6,55
2025-12-04,S7,P6,6,49
2025-12-05,S7,P6,5,44
2025-12-06,S7,P6,6,38
2025-12-07,S7,P6,4,34
2025-12-08,S7,P6,5,29
2025-12-09,S7,P6,8,21
2025-12-10,S7,P6,7,116
2025-12-11,S7,P6,5,111
2025-12-12,S7,P6,9,102
2025-12-13,S7,P6,7,95
2025-12-14,S7,P6,11,84
2025-12-15,S7,P6,7,77
2025-12-16,S7,P6,4,73
2025-12-17,S7,P6,3,70
2025-12-18,S7,P6,3,67
2025-12-19,S7,P6,10,57
2025-12-20,S7,P6,8,49
2025-12-21,S7,P6,9,40
2025-12-22,S7,P6,4,36
2025-12-23,S7,P6,3,33
2025-12-24,S7,P6,6,27
2025-12-25,S7,P6,7,20
2025-12-26,S7,P6,4,119
2025-12-27,S7,P6,5,114
2025-12-28,S7,P6,12,102
2025-12-29,S7,P6,5,97
2025-12-30,S7,P6,4,93
2025-12-31,S7,P6,5,88
2026-01-01,S7,P6,4,84
2026-01-02,S7,P6,7,77
2026-01-03,S7,P6,10,67
2026-01-04,S7,P6,7,60
2026-01-05,S7,P6,3,57
2026-01-06,S7,P6,8,49
2026-01-07,S7,P6,8,41
2026-01-08,S7,P6,3,38
2026-01-09,S7,P6,11,27
2026-01-10,S7,P6,5,22
2026-01-11,S7,P6,5,17
2026-01-12,S7,P6,5,71
2026-01-13,S7,P6,5,66
2026-01-14,S7,P6,1,65
2026-01-15,S7,P6,6,59
2026-01-16,S7,P6,8,51
2026-01-17,S7,P6,12,39
2026-01-18,S7,P6,11,28
2026-01-19,S7,P6,6,22
2026-01-20,S7,P6,4,18
2026-01-21,S7,P6,5,66
2026-01-22,S7,P6,6,60
2026-01-23,S7,P6,6,54
2026-01-24,S7,P6,4,50
2026-01-25,S7,P6,3,47
2026-01-26,S7,P6,6,41
2026-01-27,S7,P6,5,36
2026-01-28,S7,P6,7,29
2026-01-29,S7,P6,11,18
2026-01-30,S7,P6,7,99
2026-01-31,S7,P6,8,91
2026-02-01,S7,P6,8,83
2026-02-02,S7,P6,1,82
2026-02-03,S7,P6,3,79
2026-02-04,S7,P6,8,71
2026-02-05,S7,P6,5,66
2026-02-06,S7,P6,7,59
2026-02-07,S7,P6,10,49
2026-02-08,S7,P6,3,46
2026-02-09,S7,P6,6,40
2026-02-10,S7,P6,5,35
2026-02-11,S7,P6,8,27
2026-02-12,S7,P6,11,93
2026-02-13,S7,P6,11,82
2026-02-14,S7,P6,6,76
2026-02-15,S7,P6,8,68
2026-02-16,S7,P6,4,64
2026-02-17,S7,P6,5,59
2026-02-18,S7,P6,10,49
2026-02-19,S7,P6,4,45
2026-02-20,S7,P6,8,37
2026-02-21,S7,P6,10,27
2026-02-22,S7,P6,5,22
2026-02-23,S7,P6,3,19
2026-02-24,S7,P6,6,75
2026-02-25,S7,P6,3,72
2026-02-26,S7,P6,6,66
2026-02-27,S7,P6,13,53
2026-02-28,S7,P6,5,48
2026-03-01,S7,P6,4,44
2026-03-02,S7,P6,8,36
2026-03-03,S7,P6,6,30
2026-03-04,S7,P6,11,19
2026-03-05,S7,P6,4,80
2026-03-06,S7,P6,5,75
2026-03-07,S7,P6,10,65
2026-03-08,S7,P6,9,56
2026-03-09,S7,P6,7,49
2026-03-10,S7,P6,10,39
2026-03-11,S7,P6,5,34
2026-03-12,S7,P6,8,26
2026-03-13,S7,P6,4,22
2026-03-14,S7,P6,6,120
2025-09-01,S7,P7,7,103
2025-09-02,S7,P7,7,96
2025-09-03,S7,P7,7,89
2025-09-04,S7,P7,7,82
2025-09-05,S7,P7,12,70
2025-09-06,S7,P7,16,54
2025-09-07,S7,P7,2,52
2025-09-08,S7,P7,4,48
2025-09-09,S7,P7,9,39
2025-09-10,S7,P7,3,36
2025-09-11,S7,P7,6,30
2025-09-12,S7,P7,7,23
2025-09-13,S7,P7,8,75
2025-09-14,S7,P7,4,71
2025-09-15,S7,P7,9,62
2025-09-16,S7,P7,10,52
2025-09-17,S7,P7,7,45
2025-09-18,S7,P7,6,39
2025-09-19,S7,P7,8,31
2025-09-20,S7,P7,8,23
2025-09-21,S7,P7,7,136
2025-09-22,S7,P7,6,130
2025-09-23,S7,P7,7,123
2025-09-24,S7,P7,7,116
2025-09-25,S7,P7,8,108
2025-09-26,S7,P7,7,101
2025-09-27,S7,P7,7,94
2025-09-28,S7,P7,12,82
2025-09-29,S7,P7,6,76
2025-09-30,S7,P7,6,70
2025-10-01,S7,P7,7,63
2025-10-02,S7,P7,9,54
2025-10-03,S7,P7,13,41
2025-10-04,S7,P7,11,30
2025-10-05,S7,P7,5,25
2025-10-06,S7,P7,10,121
2025-10-07,S7,P7,8,113
2025-10-08,S7,P7,7,106
2025-10-09,S7,P7,8,98
2025-10-10,S7,P7,7,91
2025-10-11,S7,P7,8,83
2025-10-12,S7,P7,7,76
2025-10-13,S7,P7,4,72
2025-10-14,S7,P7,7,65
2025-10-15,S7,P7,7,58
2025-10-16,S7,P7,7,51
2025-10-17,S7,P7,12,39
2025-10-18,S7,P7,14,25
2025-10-19,S7,P7,5,20
2025-10-20,S7,P7,6,115
2025-10-21,S7,P7,6,109
2025-10-22,S7,P7,5,104
2025-10-23,S7,P7,6,98
2025-10-24,S7,P7,13,85
2025-10-25,S7,P7,9,76
2025-10-26,S7,P7,7,69
2025-10-27,S7,P7,11,58
2025-10-28,S7,P7,12,46
2025-10-29,S7,P7,4,42
2025-10-30,S7,P7,7,35
2025-10-31,S7,P7,12,23
2025-11-01,S7,P7,7,121
2025-11-02,S7,P7,8,113
2025-11-03,S7,P7,5,108
2025-11-04,S7,P7,6,102
2025-11-05,S7,P7,4,98
2025-11-06,S7,P7,4,94
2025-11-07,S7,P7,10,84
2025-11-08,S7,P7,8,76
2025-11-09,S7,P7,8,68
2025-11-10,S7,P7,5,63
2025-11-11,S7,P7,6,57
2025-11-12,S7,P7,5,52
2025-11-13,S7,P7,12,40
2025-11-14,S7,P7,6,34
2025-11-15,S7,P7,7,27
2025-11-16,S7,P7,8,74
2025-11-17,S7,P7,8,66
2025-11-18,S7,P7,6,60
2025-11-19,S7,P7,5,55
2025-11-20,S7,P7,10,45
2025-11-21,S7,P7,10,35
2025-11-22,S7,P7,6,29
2025-11-23,S7,P7,4,25
2025-11-24,S7,P7,7,104
2025-11-25,S7,P7,4,100
2025-11-26,S7,P7,15,85
2025-11-27,S7,P7,9,76
2025-11-28,S7,P7,6,70
2025-11-29,S7,P7,3,67
2025-11-30,S7,P7,6,61
2025-12-01,S7,P7,4,57
2025-12-02,S7,P7,5,52
2025-12-03,S7,P7,7,45
2025-12-04,S7,P7,11,34
2025-12-05,S7,P7,7,27
2025-12-06,S7,P7,9,72
2025-12-07,S7,P7,2,70
2025-12-08,S7,P7,9,61
2025-12-09,S7,P7,7,54
2025-12-10,S7,P7,7,47
2025-12-11,S7,P7,7,40
2025-12-12,S7,P7,9,31
2025-12-13,S7,P7,5,26
2025-12-14,S7,P7,4,22
2025-12-15,S7,P7,8,105
2025-12-16,S7,P7,8,97
2025-12-17,S7,P7,9,88
2025-12-18,S7,P7,5,83
2025-12-19,S7,P7,8,75
2025-12-20,S7,P7,11,64
2025-12-21,S7,P7,1,63
2025-12-22,S7,P7,4,59
2025-12-23,S7,P7,5,54
2025-12-24,S7,P7,4,50
2025-12-25,S7,P7,5,45
2025-12-26,S7,P7,7,38
2025-12-27,S7,P7,7,31
2025-12-28,S7,P7,10,21
2025-12-29,S7,P7,6,109
2025-12-30,S7,P7,8,101
2025-12-31,S7,P7,6,95
2026-01-01,S7,P7,6,89
2026-01-02,S7,P7,7,82
2026-01-03,S7,P7,7,75
2026-01-04,S7,P7,5,70
2026-01-05,S7,P7,5,65
2026-01-06,S7,P7,5,60
2026-01-07,S7,P7,10,50
2026-01-08,S7,P7,8,42
2026-01-09,S7,P7,11,31
2026-01-10,S7,P7,17,106
2026-01-11,S7,P7,8,98
2026-01-12,S7,P7,7,91
2026-01-13,S7,P7,10,81
2026-01-14,S7,P7,8,73
2026-01-15,S7,P7,5,68
2026-01-16,S7,P7,7,61
2026-01-17,S7,P7,9,52
2026-01-18,S7,P7,11,41
2026-01-19,S7,P7,8,33
2026-01-20,S7,P7,4,29
2026-01-21,S7,P7,10,138
2026-01-22,S7,P7,7,131
2026-01-23,S7,P7,7,124
2026-01-24,S7,P7,12,112
2026-01-25,S7,P7,4,108
2026-01-26,S7,P7,13,95
2026-01-27,S7,P7,7,88
2026-01-28,S7,P7,6,82
2026-01-29,S7,P7,6,76
2026-01-30,S7,P7,5,71
2026-01-31,S7,P7,9,62
2026-02-01,S7,P7,10,52
2026-02-02,S7,P7,5,47
2026-02-03,S7,P7,5,42
2026-02-04,S7,P7,6,36
2026-02-05,S7,P7,16,20
2026-02-06,S7,P7,8,82
2026-02-07,S7,P7,7,75
2026-02-08,S7,P7,9,66
2026-02-09,S7,P7,7,59
2026-02-10,S7,P7,9,50
2026-02-11,S7,P7,7,43
2026-02-12,S7,P7,5,38
2026-02-13,S7,P7,11,27
2026-02-14,S7,P7,9,122
2026-02-15,S7,P7,12,110
2026-02-16,S7,P7,3,107
2026-02-17,S7,P7,10,97
2026-02-18,S7,P7,5,92
2026-02-19,S7,P7,3,89
2026-02-20,S7,P7,6,83
2026-02-21,S7,P7,8,75
2026-02-22,S7,P7,5,70
2026-02-23,S7,P7,8,62
2026-02-24,S7,P7,5,57
2026-02-25,S7,P7,5,52
2026-02-26,S7,P7,10,42
2026-02-27,S7,P7,12,30
2026-02-28,S7,P7,6,24
2026-03-01,S7,P7,7,84
2026-03-02,S7,P7,7,77
2026-03-03,S7,P7,9,68
2026-03-04,S7,P7,7,61
2026-03-05,S7,P7,8,53
2026-03-06,S7,P7,7,46
2026-03-07,S7,P7,7,39
2026-03-08,S7,P7,6,33
2026-03-09,S7,P7,11,22
2026-03-10,S7,P7,6,70
2026-03-11,S7,P7,7,63
2026-03-12,S7,P7,10,53
2026-03-13,S7,P7,5,48
2026-03-14,S7,P7,5,43
2025-09-01,S7,P8,1,28
2025-09-02,S7,P8,1,27
2025-09-03,S7,P8,4,23
2025-09-04,S7,P8,2,21
2025-09-05,S7,P8,1,20
2025-09-06,S7,P8,1,19
2025-09-07,S7,P8,2,17
2025-09-08,S7,P8,1,16
2025-09-09,S7,P8,1,15
2025-09-10,S7,P8,4,11
2025-09-11,S7,P8,2,9
2025-09-12,S7,P8,0,9
2025-09-13,S7,P8,4,40
2025-09-14,S7,P8,2,38
2025-09-15,S7,P8,0,38
2025-09-16,S7,P8,2,36
2025-09-17,S7,P8,0,36
2025-09-18,S7,P8,2,34
2025-09-19,S7,P8,4,30
2025-09-20,S7,P8,4,26
2025-09-21,S7,P8,6,20
2025-09-22,S7,P8,1,19
2025-09-23,S7,P8,2,17
2025-09-24,S7,P8,3,14
2025-09-25,S7,P8,5,9
2025-09-26,S7,P8,1,8
2025-09-27,S7,P8,3,46
2025-09-28,S7,P8,3,43
2025-09-29,S7,P8,2,41
2025-09-30,S7,P8,2,39
2025-10-01,S7,P8,3,36
2025-10-02,S7,P8,4,32
2025-10-03,S7,P8,2,30
2025-10-04,S7,P8,1,29
2025-10-05,S7,P8,1,28
2025-10-06,S7,P8,1,27
2025-10-07,S7,P8,2,25
2025-10-08,S7,P8,2,23
2025-10-09,S7,P8,2,21
2025-10-10,S7,P8,3,18
2025-10-11,S7,P8,3,15
2025-10-12,S7,P8,1,14
2025-10-13,S7,P8,4,10
2025-10-14,S7,P8,2,8
2025-10-15,S7,P8,1,7
2025-10-16,S7,P8,2,31
2025-10-17,S7,P8,3,28
2025-10-18,S7,P8,2,26
2025-10-19,S7,P8,2,24
2025-10-20,S7,P8,3,21
2025-10-21,S7,P8,2,19
2025-10-22,S7,P8,4,15
2025-10-23,S7,P8,5,10
2025-10-24,S7,P8,2,8
2025-10-25,S7,P8,2,45
2025-10-26,S7,P8,2,43
2025-10-27,S7,P8,3,40
2025-10-28,S7,P8,6,34
2025-10-29,S7,P8,1,33
2025-10-30,S7,P8,2,31
2025-10-31,S7,P8,3,28
2025-11-01,S7,P8,2,26
2025-11-02,S7,P8,3,23
2025-11-03,S7,P8,0,23
2025-11-04,S7,P8,4,19
2025-11-05,S7,P8,1,18
2025-11-06,S7,P8,1,17
2025-11-07,S7,P8,1,16
2025-11-08,S7,P8,2,14
2025-11-09,S7,P8,1,13
2025-11-10,S7,P8,2,11
2025-11-11,S7,P8,2,9
2025-11-12,S7,P8,2,7
2025-11-13,S7,P8,3,23
2025-11-14,S7,P8,0,23
2025-11-15,S7,P8,4,19
2025-11-16,S7,P8,4,15
2025-11-17,S7,P8,1,14
2025-11-18,S7,P8,3,11
2025-11-19,S7,P8,2,9
2025-11-20,S7,P8,2,7
2025-11-21,S7,P8,6,21
2025-11-22,S7,P8,3,18
2025-11-23,S7,P8,1,17
2025-11-24,S7,P8,0,17
2025-11-25,S7,P8,1,16
2025-11-26,S7,P8,2,14
2025-11-27,S7,P8,2,12
2025-11-28,S7,P8,0,12
2025-11-29,S7,P8,3,9
2025-11-30,S7,P8,4,42
2025-12-01,S7,P8,1,41
2025-12-02,S7,P8,3,38
2025-12-03,S7,P8,1,37
2025-12-04,S7,P8,5,32
2025-12-05,S7,P8,4,28
2025-12-06,S7,P8,4,24
2025-12-07,S7,P8,3,21
2025-12-08,S7,P8,4,17
2025-12-09,S7,P8,1,16
2025-12-10,S7,P8,0,16
2025-12-11,S7,P8,3,13
2025-12-12,S7,P8,3,10
2025-12-13,S7,P8,4,42
2025-12-14,S7,P8,2,40
2025-12-15,S7,P8,5,35
2025-12-16,S7,P8,4,31
2025-12-17,S7,P8,5,26
2025-12-18,S7,P8,4,22
2025-12-19,S7,P8,0,22
2025-12-20,S7,P8,4,18
2025-12-21,S7,P8,4,14
2025-12-22,S7,P8,1,13
2025-12-23,S7,P8,1,12
2025-12-24,S7,P8,2,10
2025-12-25,S7,P8,4,47
2025-12-26,S7,P8,2,45
2025-12-27,S7,P8,1,44
2025-12-28,S7,P8,0,44
2025-12-29,S7,P8,4,40
2025-12-30,S7,P8,2,38
2025-12-31,S7,P8,3,35
2026-01-01,S7,P8,2,33
2026-01-02,S7,P8,6,27
2026-01-03,S7,P8,1,26
2026-01-04,S7,P8,7,19
2026-01-05,S7,P8,3,16
2026-01-06,S7,P8,2,14
2026-01-07,S7,P8,4,10
2026-01-08,S7,P8,3,7
2026-01-09,S7,P8,0,7
2026-01-10,S7,P8,2,31
2026-01-11,S7,P8,1,30
2026-01-12,S7,P8,2,28
2026-01-13,S7,P8,1,27
2026-01-14,S7,P8,6,21
2026-01-15,S7,P8,3,18
2026-01-16,S7,P8,1,17
2026-01-17,S7,P8,1,16
2026-01-18,S7,P8,4,12
2026-01-19,S7,P8,4,8
2026-01-20,S7,P8,4,40
2026-01-21,S7,P8,2,38
2026-01-22,S7,P8,4,34
2026-01-23,S7,P8,1,33
2026-01-24,S7,P8,2,31
2026-01-25,S7,P8,0,31
2026-01-26,S7,P8,4,27
2026-01-27,S7,P8,4,23
2026-01-28,S7,P8,3,20
2026-01-29,S7,P8,4,16
2026-01-30,S7,P8,2,14
2026-01-31,S7,P8,2,12
2026-02-01,S7,P8,3,9
2026-02-02,S7,P8,3,34
2026-02-03,S7,P8,3,31
2026-02-04,S7,P8,5,26
2026-02-05,S7,P8,0,26
2026-02-06,S7,P8,3,23
2026-02-07,S7,P8,4,19
2026-02-08,S7,P8,2,17
2026-02-09,S7,P8,1,16
2026-02-10,S7,P8,3,13
2026-02-11,S7,P8,5,8
2026-02-12,S7,P8,3,31
2026-02-13,S7,P8,2,29
2026-02-14,S7,P8,5,24
2026-02-15,S7,P8,2,22
2026-02-16,S7,P8,3,19
2026-02-17,S7,P8,2,17
2026-02-18,S7,P8,1,16
2026-02-19,S7,P8,5,11
2026-02-20,S7,P8,2,9
2026-02-21,S7,P8,5,25
2026-02-22,S7,P8,1,24
2026-02-23,S7,P8,1,23
2026-02-24,S7,P8,1,22
2026-02-25,S7,P8,3,19
2026-02-26,S7,P8,4,15
2026-02-27,S7,P8,0,15
2026-02-28,S7,P8,2,13
2026-03-01,S7,P8,3,10
2026-03-02,S7,P8,2,8
2026-03-03,S7,P8,3,38
2026-03-04,S7,P8,2,36
2026-03-05,S7,P8,2,34
2026-03-06,S7,P8,2,32
2026-03-07,S7,P8,3,29
2026-03-08,S7,P8,0,29
2026-03-09,S7,P8,3,26
2026-03-10,S7,P8,2,24
2026-03-11,S7,P8,0,24
2026-03-12,S7,P8,6,18
2026-03-13,S7,P8,4,14
2026-03-14,S7,P8,2,12
2025-09-01,S7,P9,0,19
2025-09-02,S7,P9,5,14
2025-09-03,S7,P9,0,14
2025-09-04,S7,P9,2,12
2025-09-05,S7,P9,2,10
2025-09-06,S7,P9,0,10
2025-09-07,S7,P9,2,8
2025-09-08,S7,P9,1,7
2025-09-09,S7,P9,3,4
2025-09-10,S7,P9,3,18
2025-09-11,S7,P9,1,17
2025-09-12,S7,P9,1,16
2025-09-13,S7,P9,4,12
2025-09-14,S7,P9,0,12
2025-09-15,S7,P9,1,11
2025-09-16,S7,P9,1,10
2025-09-17,S7,P9,0,10
2025-09-18,S7,P9,0,10
2025-09-19,S7,P9,1,9
2025-09-20,S7,P9,1,8
2025-09-21,S7,P9,3,5
2025-09-22,S7,P9,3,13
2025-09-23,S7,P9,1,12
2025-09-24,S7,P9,2,10
2025-09-25,S7,P9,1,9
2025-09-26,S7,P9,1,8
2025-09-27,S7,P9,0,8
2025-09-28,S7,P9,0,8
2025-09-29,S7,P9,2,6
2025-09-30,S7,P9,1,5
2025-10-01,S7,P9,1,4
2025-10-02,S7,P9,0,4
2025-10-03,S7,P9,2,23
2025-10-04,S7,P9,2,21
2025-10-05,S7,P9,0,21
2025-10-06,S7,P9,0,21
2025-10-07,S7,P9,3,18
2025-10-08,S7,P9,5,13
2025-10-09,S7,P9,1,12
2025-10-10,S7,P9,2,10
2025-10-11,S7,P9,3,7
2025-10-12,S7,P9,3,4
2025-10-13,S7,P9,1,3
2025-10-14,S7,P9,0,3
2025-10-15,S7,P9,1,24
2025-10-16,S7,P9,2,22
2025-10-17,S7,P9,2,20
2025-10-18,S7,P9,1,19
2025-10-19,S7,P9,3,16
2025-10-20,S7,P9,1,15
2025-10-21,S7,P9,0,15
2025-10-22,S7,P9,2,13
2025-10-23,S7,P9,3,10
2025-10-24,S7,P9,3,7
2025-10-25,S7,P9,0,7
2025-10-26,S7,P9,1,6
2025-10-27,S7,P9,3,3
2025-10-28,S7,P9,0,3
2025-10-29,S7,P9,3,18
2025-10-30,S7,P9,1,17
2025-10-31,S7,P9,3,14
2025-11-01,S7,P9,1,13
2025-11-02,S7,P9,1,12
2025-11-03,S7,P9,0,12
2025-11-04,S7,P9,1,11
2025-11-05,S7,P9,1,10
2025-11-06,S7,P9,1,9
2025-11-07,S7,P9,3,6
2025-11-08,S7,P9,3,3
2025-11-09,S7,P9,2,16
2025-11-10,S7,P9,2,14
2025-11-11,S7,P9,1,13
2025-11-12,S7,P9,3,10
2025-11-13,S7,P9,2,8
2025-11-14,S7,P9,5,3
2025-11-15,S7,P9,1,13
2025-11-16,S7,P9,2,11
2025-11-17,S7,P9,1,10
2025-11-18,S7,P9,0,10
2025-11-19,S7,P9,0,10
2025-11-20,S7,P9,0,10
2025-11-21,S7,P9,0,10
2025-11-22,S7,P9,0,10
2025-11-23,S7,P9,0,10
2025-11-24,S7,P9,0,10
2025-11-25,S7,P9,3,7
2025-11-26,S7,P9,1,6
2025-11-27,S7,P9,3,3
2025-11-28,S7,P9,2,11
2025-11-29,S7,P9,1,10
2025-11-30,S7,P9,4,6
2025-12-01,S7,P9,0,6
2025-12-02,S7,P9,0,6
2025-12-03,S7,P9,1,5
2025-12-04,S7,P9,3,14
2025-12-05,S7,P9,0,14
2025-12-06,S7,P9,1,13
2025-12-07,S7,P9,0,13
2025-12-08,S7,P9,1,12
2025-12-09,S7,P9,0,12
2025-12-10,S7,P9,0,12
2025-12-11,S7,P9,2,10
2025-12-12,S7,P9,1,9
2025-12-13,S7,P9,2,7
2025-12-14,S7,P9,1,6
2025-12-15,S7,P9,0,6
2025-12-16,S7,P9,3,3
2025-12-17,S7,P9,0,3
2025-12-18,S7,P9,1,13
2025-12-19,S7,P9,5,8
2025-12-20,S7,P9,1,7
2025-12-21,S7,P9,0,7
2025-12-22,S7,P9,0,7
2025-12-23,S7,P9,1,6
2025-12-24,S7,P9,0,6
2025-12-25,S7,P9,0,6
2025-12-26,S7,P9,0,6
2025-12-27,S7,P9,2,4
2025-12-28,S7,P9,4,18
2025-12-29,S7,P9,0,18
2025-12-30,S7,P9,1,17
2025-12-31,S7,P9,0,17
2026-01-01,S7,P9,1,16
2026-01-02,S7,P9,3,13
2026-01-03,S7,P9,1,12
2026-01-04,S7,P9,1,11
2026-01-05,S7,P9,0,11
2026-01-06,S7,P9,0,11
2026-01-07,S7,P9,2,9
2026-01-08,S7,P9,1,8
2026-01-09,S7,P9,2,6
2026-01-10,S7,P9,2,4
2026-01-11,S7,P9,2,14
2026-01-12,S7,P9,2,12
2026-01-13,S7,P9,0,12
2026-01-14,S7,P9,1,11
2026-01-15,S7,P9,1,10
2026-01-16,S7,P9,3,7
2026-01-17,S7,P9,1,6
2026-01-18,S7,P9,2,4
2026-01-19,S7,P9,2,18
2026-01-20,S7,P9,0,18
2026-01-21,S7,P9,1,17
2026-01-22,S7,P9,2,15
2026-01-23,S7,P9,4,11
2026-01-24,S7,P9,3,8
2026-01-25,S7,P9,1,7
2026-01-26,S7,P9,1,6
2026-01-27,S7,P9,3,3
2026-01-28,S7,P9,1,19
2026-01-29,S7,P9,1,18
2026-01-30,S7,P9,1,17
2026-01-31,S7,P9,2,15
2026-02-01,S7,P9,1,14
2026-02-02,S7,P9,2,12
2026-02-03,S7,P9,1,11
2026-02-04,S7,P9,0,11
2026-02-05,S7,P9,0,11
2026-02-06,S7,P9,1,10
2026-02-07,S7,P9,1,9
2026-02-08,S7,P9,1,8
2026-02-09,S7,P9,2,6
2026-02-10,S7,P9,0,6
2026-02-11,S7,P9,1,5
2026-02-12,S7,P9,1,4
2026-02-13,S7,P9,2,21
2026-02-14,S7,P9,5,16
2026-02-15,S7,P9,0,16
2026-02-16,S7,P9,0,16
2026-02-17,S7,P9,1,15
2026-02-18,S7,P9,3,12
2026-02-19,S7,P9,2,10
2026-02-20,S7,P9,4,6
2026-02-21,S7,P9,1,5
2026-02-22,S7,P9,1,4
2026-02-23,S7,P9,2,13
2026-02-24,S7,P9,1,12
2026-02-25,S7,P9,1,11
2026-02-26,S7,P9,2,9
2026-02-27,S7,P9,1,8
2026-02-28,S7,P9,2,6
2026-03-01,S7,P9,1,5
2026-03-02,S7,P9,2,3
2026-03-03,S7,P9,0,3
2026-03-04,S7,P9,1,22
2026-03-05,S7,P9,0,22
2026-03-06,S7,P9,1,21
2026-03-07,S7,P9,1,20
2026-03-08,S7,P9,2,18
2026-03-09,S7,P9,2,16
2026-03-10,S7,P9,1,15
2026-03-11,S7,P9,1,14
2026-03-12,S7,P9,1,13
2026-03-13,S7,P9,3,10
2026-03-14,S7,P9,0,10
2025-09-01,S7,P10,6,149
2025-09-02,S7,P10,13,136
2025-09-03,S7,P10,6,130
2025-09-04,S7,P10,7,123
2025-09-05,S7,P10,15,108
2025-09-06,S7,P10,11,97
2025-09-07,S7,P10,4,93
2025-09-08,S7,P10,11,82
2025-09-09,S7,P10,8,74
2025-09-10,S7,P10,10,64
2025-09-11,S7,P10,8,56
2025-09-12,S7,P10,18,38
2025-09-13,S7,P10,16,206
2025-09-14,S7,P10,13,193
2025-09-15,S7,P10,8,185
2025-09-16,S7,P10,7,178
2025-09-17,S7,P10,15,163
2025-09-18,S7,P10,8,155
2025-09-19,S7,P10,10,145
2025-09-20,S7,P10,12,133
2025-09-21,S7,P10,12,121
2025-09-22,S7,P10,5,116
2025-09-23,S7,P10,18,98
2025-09-24,S7,P10,10,88
2025-09-25,S7,P10,13,75
2025-09-26,S7,P10,13,62
2025-09-27,S7,P10,15,47
2025-09-28,S7,P10,18,202
2025-09-29,S7,P10,7,195
2025-09-30,S7,P10,11,184
2025-10-01,S7,P10,11,173
2025-10-02,S7,P10,12,161
2025-10-03,S7,P10,5,156
2025-10-04,S7,P10,7,149
2025-10-05,S7,P10,9,140
2025-10-06,S7,P10,11,129
2025-10-07,S7,P10,6,123
2025-10-08,S7,P10,14,109
2025-10-09,S7,P10,6,103
2025-10-10,S7,P10,4,99
2025-10-11,S7,P10,18,81
2025-10-12,S7,P10,11,70
2025-10-13,S7,P10,8,62
2025-10-14,S7,P10,11,51
2025-10-15,S7,P10,8,43
2025-10-16,S7,P10,11,32
2025-10-17,S7,P10,12,192
2025-10-18,S7,P10,13,179
2025-10-19,S7,P10,12,167
2025-10-20,S7,P10,8,159
2025-10-21,S7,P10,12,147
2025-10-22,S7,P10,9,138
2025-10-23,S7,P10,10,128
2025-10-24,S7,P10,10,118
2025-10-25,S7,P10,15,103
2025-10-26,S7,P10,12,91
2025-10-27,S7,P10,12,79
2025-10-28,S7,P10,11,68
2025-10-29,S7,P10,17,51
2025-10-30,S7,P10,13,38
2025-10-31,S7,P10,12,142
2025-11-01,S7,P10,11,131
2025-11-02,S7,P10,4,127
2025-11-03,S7,P10,6,121
2025-11-04,S7,P10,13,108
2025-11-05,S7,P10,21,87
2025-11-06,S7,P10,7,80
2025-11-07,S7,P10,11,69
2025-11-08,S7,P10,8,61
2025-11-09,S7,P10,8,53
2025-11-10,S7,P10,8,45
2025-11-11,S7,P10,11,34
2025-11-12,S7,P10,11,143
2025-11-13,S7,P10,8,135
2025-11-14,S7,P10,5,130
2025-11-15,S7,P10,12,118
2025-11-16,S7,P10,9,109
2025-11-17,S7,P10,12,97
2025-11-18,S7,P10,8,89
2025-11-19,S7,P10,12,77
2025-11-20,S7,P10,9,68
2025-11-21,S7,P10,12,56
2025-11-22,S7,P10,8,48
2025-11-23,S7,P10,15,33
2025-11-24,S7,P10,8,115
2025-11-25,S7,P10,16,99
2025-11-26,S7,P10,9,90
2025-11-27,S7,P10,6,84
2025-11-28,S7,P10,12,72
2025-11-29,S7,P10,6,66
2025-11-30,S7,P10,12,54
2025-12-01,S7,P10,8,46
2025-12-02,S7,P10,12,34
2025-12-03,S7,P10,12,162
2025-12-04,S7,P10,9,153
2025-12-05,S7,P10,6,147
2025-12-06,S7,P10,14,133
2025-12-07,S7,P10,7,126
2025-12-08,S7,P10,11,115
2025-12-09,S7,P10,12,103
2025-12-10,S7,P10,12,91
2025-12-11,S7,P10,12,79
2025-12-12,S7,P10,8,71
2025-12-13,S7,P10,10,61
2025-12-14,S7,P10,12,49
2025-12-15,S7,P10,8,41
2025-12-16,S7,P10,5,36
2025-12-17,S7,P10,10,131
2025-12-18,S7,P10,15,116
2025-12-19,S7,P10,15,101
2025-12-20,S7,P10,17,84
2025-12-21,S7,P10,9,75
2025-12-22,S7,P10,9,66
2025-12-23,S7,P10,10,56
2025-12-24,S7,P10,11,45
2025-12-25,S7,P10,11,34
2025-12-26,S7,P10,11,112
2025-12-27,S7,P10,14,98
2025-12-28,S7,P10,14,84
2025-12-29,S7,P10,7,77
2025-12-30,S7,P10,13,64
2025-12-31,S7,P10,4,60
2026-01-01,S7,P10,12,48
2026-01-02,S7,P10,20,116
2026-01-03,S7,P10,15,101
2026-01-04,S7,P10,13,88
2026-01-05,S7,P10,8,80
2026-01-06,S7,P10,12,68
2026-01-07,S7,P10,10,58
2026-01-08,S7,P10,11,47
2026-01-09,S7,P10,7,40
2026-01-10,S7,P10,15,145
2026-01-11,S7,P10,4,141
2026-01-12,S7,P10,11,130
2026-01-13,S7,P10,9,121
2026-01-14,S7,P10,9,112
2026-01-15,S7,P10,20,92
2026-01-16,S7,P10,6,86
2026-01-17,S7,P10,14,72
2026-01-18,S7,P10,12,60
2026-01-19,S7,P10,11,49
2026-01-20,S7,P10,9,40
2026-01-21,S7,P10,4,36
2026-01-22,S7,P10,10,205
2026-01-23,S7,P10,16,189
2026-01-24,S7,P10,12,177
2026-01-25,S7,P10,11,166
2026-01-26,S7,P10,11,155
2026-01-27,S7,P10,10,145
2026-01-28,S7,P10,20,125
2026-01-29,S7,P10,12,113
2026-01-30,S7,P10,14,99
2026-01-31,S7,P10,18,81
2026-02-01,S7,P10,9,72
2026-02-02,S7,P10,7,65
2026-02-03,S7,P10,11,54
2026-02-04,S7,P10,5,49
2026-02-05,S7,P10,11,38
2026-02-06,S7,P10,6,32
2026-02-07,S7,P10,21,97
2026-02-08,S7,P10,13,84
2026-02-09,S7,P10,13,71
2026-02-10,S7,P10,6,65
2026-02-11,S7,P10,10,55
2026-02-12,S7,P10,17,38
2026-02-13,S7,P10,8,130
2026-02-14,S7,P10,10,120
2026-02-15,S7,P10,15,105
2026-02-16,S7,P10,10,95
2026-02-17,S7,P10,7,88
2026-02-18,S7,P10,10,78
2026-02-19,S7,P10,21,57
2026-02-20,S7,P10,15,42
2026-02-21,S7,P10,14,138
2026-02-22,S7,P10,15,123
2026-02-23,S7,P10,9,114
2026-02-24,S7,P10,9,105
2026-02-25,S7,P10,12,93
2026-02-26,S7,P10,12,81
2026-02-27,S7,P10,15,66
2026-02-28,S7,P10,12,54
2026-03-01,S7,P10,11,43
2026-03-02,S7,P10,9,34
2026-03-03,S7,P10,16,105
2026-03-04,S7,P10,14,91
2026-03-05,S7,P10,10,81
2026-03-06,S7,P10,13,68
2026-03-07,S7,P10,9,59
2026-03-08,S7,P10,13,46
2026-03-09,S7,P10,9,37
2026-03-10,S7,P10,10,190
2026-03-11,S7,P10,14,176
2026-03-12,S7,P10,16,160
2026-03-13,S7,P10,14,146
2026-03-14,S7,P10,13,133
2025-09-01,S7,P11,6,81
2025-09-02,S7,P11,2,79
2025-09-03,S7,P11,3,76
2025-09-04,S7,P11,1,75
2025-09-05,S7,P11,0,75
2025-09-06,S7,P11,1,74
2025-09-07,S7,P11,3,71
2025-09-08,S7,P11,4,67
2025-09-09,S7,P11,6,61
2025-09-10,S7,P11,1,60
2025-09-11,S7,P11,2,58
2025-09-12,S7,P11,3,55
2025-09-13,S7,P11,4,51
2025-09-14,S7,P11,4,47
2025-09-15,S7,P11,2,45
2025-09-16,S7,P11,5,40
2025-09-17,S7,P11,6,34
2025-09-18,S7,P11,6,28
2025-09-19,S7,P11,4,24
2025-09-20,S7,P11,7,17
2025-09-21,S7,P11,6,11
2025-09-22,S7,P11,4,49
2025-09-23,S7,P11,4,45
2025-09-24,S7,P11,3,42
2025-09-25,S7,P11,6,36
2025-09-26,S7,P11,2,34
2025-09-27,S7,P11,5,29
2025-09-28,S7,P11,4,25
2025-09-29,S7,P11,3,22
2025-09-30,S7,P11,3,19
2025-10-01,S7,P11,6,13
2025-10-02,S7,P11,3,64
2025-10-03,S7,P11,8,56
2025-10-04,S7,P11,2,54
2025-10-05,S7,P11,4,50
2025-10-06,S7,P11,6,44
2025-10-07,S7,P11,3,41
2025-10-08,S7,P11,0,41
2025-10-09,S7,P11,4,37
2025-10-10,S7,P11,2,35
2025-10-11,S7,P11,4,31
2025-10-12,S7,P11,2,29
2025-10-13,S7,P11,6,23
2025-10-14,S7,P11,1,22
2025-10-15,S7,P11,4,18
2025-10-16,S7,P11,4,14
2025-10-17,S7,P11,5,77
2025-10-18,S7,P11,3,74
2025-10-19,S7,P11,6,68
2025-10-20,S7,P11,5,63
2025-10-21,S7,P11,5,58
2025-10-22,S7,P11,4,54
2025-10-23,S7,P11,5,49
2025-10-24,S7,P11,6,43
2025-10-25,S7,P11,7,36
2025-10-26,S7,P11,2,34
2025-10-27,S7,P11,2,32
2025-10-28,S7,P11,0,32
2025-10-29,S7,P11,5,27
2025-10-30,S7,P11,5,22
2025-10-31,S7,P11,13,62
2025-11-01,S7,P11,4,58
2025-11-02,S7,P11,5,53
2025-11-03,S7,P11,4,49
2025-11-04,S7,P11,5,44
2025-11-05,S7,P11,5,39
2025-11-06,S7,P11,4,35
2025-11-07,S7,P11,6,29
2025-11-08,S7,P11,6,23
2025-11-09,S7,P11,7,16
2025-11-10,S7,P11,1,15
2025-11-11,S7,P11,6,42
2025-11-12,S7,P11,2,40
2025-11-13,S7,P11,2,38
2025-11-14,S7,P11,7,31
2025-11-15,S7,P11,4,27
2025-11-16,S7,P11,4,23
2025-11-17,S7,P11,3,20
2025-11-18,S7,P11,7,13
2025-11-19,S7,P11,8,63
2025-11-20,S7,P11,5,58
2025-11-21,S7,P11,2,56
2025-11-22,S7,P11,3,53
2025-11-23,S7,P11,1,52
2025-11-24,S7,P11,5,47
2025-11-25,S7,P11,2,45
2025-11-26,S7,P11,5,40
2025-11-27,S7,P11,8,32
2025-11-28,S7,P11,3,29
2025-11-29,S7,P11,3,26
2025-11-30,S7,P11,5,21
2025-12-01,S7,P11,5,16
2025-12-02,S7,P11,3,13
2025-12-03,S7,P11,11,37
2025-12-04,S7,P11,5,32
2025-12-05,S7,P11,5,27
2025-12-06,S7,P11,7,20
2025-12-07,S7,P11,4,16
2025-12-08,S7,P11,7,41
2025-12-09,S7,P11,3,38
2025-12-10,S7,P11,2,36
2025-12-11,S7,P11,8,28
2025-12-12,S7,P11,4,24
2025-12-13,S7,P11,6,18
2025-12-14,S7,P11,5,13
2025-12-15,S7,P11,3,59
2025-12-16,S7,P11,7,52
2025-12-17,S7,P11,3,49
2025-12-18,S7,P11,4,45
2025-12-19,S7,P11,6,39
2025-12-20,S7,P11,6,33
2025-12-21,S7,P11,4,29
2025-12-22,S7,P11,2,27
2025-12-23,S7,P11,3,24
2025-12-24,S7,P11,4,20
2025-12-25,S7,P11,0,20
2025-12-26,S7,P11,9,11
2025-12-27,S7,P11,5,39
2025-12-28,S7,P11,0,39
2025-12-29,S7,P11,5,34
2025-12-30,S7,P11,3,31
2025-12-31,S7,P11,4,27
2026-01-01,S7,P11,4,23
2026-01-02,S7,P11,2,21
2026-01-03,S7,P11,5,16
2026-01-04,S7,P11,1,15
2026-01-05,S7,P11,7,65
2026-01-06,S7,P11,4,61
2026-01-07,S7,P11,2,59
2026-01-08,S7,P11,5,54
2026-01-09,S7,P11,4,50
2026-01-10,S7,P11,5,45
2026-01-11,S7,P11,1,44
2026-01-12,S7,P11,2,42
2026-01-13,S7,P11,2,40
2026-01-14,S7,P11,4,36
2026-01-15,S7,P11,4,32
2026-01-16,S7,P11,10,22
2026-01-17,S7,P11,1,21
2026-01-18,S7,P11,5,16
2026-01-19,S7,P11,5,11
2026-01-20,S7,P11,3,58
2026-01-21,S7,P11,6,52
2026-01-22,S7,P11,1,51
2026-01-23,S7,P11,3,48
2026-01-24,S7,P11,9,39
2026-01-25,S7,P11,7,32
2026-01-26,S7,P11,1,31
2026-01-27,S7,P11,2,29
2026-01-28,S7,P11,5,24
2026-01-29,S7,P11,3,21
2026-01-30,S7,P11,3,18
2026-01-31,S7,P11,2,16
2026-02-01,S7,P11,5,11
2026-02-02,S7,P11,6,58
2026-02-03,S7,P11,3,55
2026-02-04,S7,P11,5,50
2026-02-05,S7,P11,5,45
2026-02-06,S7,P11,7,38
2026-02-07,S7,P11,9,29
2026-02-08,S7,P11,1,28
2026-02-09,S7,P11,3,25
2026-02-10,S7,P11,4,21
2026-02-11,S7,P11,5,16
2026-02-12,S7,P11,6,56
2026-02-13,S7,P11,4,52
2026-02-14,S7,P11,7,45
2026-02-15,S7,P11,3,42
2026-02-16,S7,P11,3,39
2026-02-17,S7,P11,5,34
2026-02-18,S7,P11,2,32
2026-02-19,S7,P11,2,30
2026-02-20,S7,P11,6,24
2026-02-21,S7,P11,5,19
2026-02-22,S7,P11,3,16
2026-02-23,S7,P11,4,12
2026-02-24,S7,P11,5,72
2026-02-25,S7,P11,9,63
2026-02-26,S7,P11,1,62
2026-02-27,S7,P11,3,59
2026-02-28,S7,P11,7,52
2026-03-01,S7,P11,4,48
2026-03-02,S7,P11,6,42
2026-03-03,S7,P11,4,38
2026-03-04,S7,P11,6,32
2026-03-05,S7,P11,4,28
2026-03-06,S7,P11,3,25
2026-03-07,S7,P11,6,19
2026-03-08,S7,P11,6,13
2026-03-09,S7,P11,3,61
2026-03-10,S7,P11,3,58
2026-03-11,S7,P11,3,55
2026-03-12,S7,P11,6,49
2026-03-13,S7,P11,2,47
2026-03-14,S7,P11,8,39
2025-09-01,S7,P12,0,8
2025-09-02,S7,P12,0,8
2025-09-03,S7,P12,1,7
2025-09-04,S7,P12,1,6
2025-09-05,S7,P12,0,6
2025-09-06,S7,P12,2,4
2025-09-07,S7,P12,1,3
2025-09-08,S7,P12,0,3
2025-09-09,S7,P12,1,12
2025-09-10,S7,P12,0,12
2025-09-11,S7,P12,0,12
2025-09-12,S7,P12,0,12
2025-09-13,S7,P12,0,12
2025-09-14,S7,P12,0,12
2025-09-15,S7,P12,0,12
2025-09-16,S7,P12,0,12
2025-09-17,S7,P12,0,12
2025-09-18,S7,P12,0,12
2025-09-19,S7,P12,1,11
2025-09-20,S7,P12,0,11
2025-09-21,S7,P12,0,11
2025-09-22,S7,P12,3,8
2025-09-23,S7,P12,0,8
2025-09-24,S7,P12,0,8
2025-09-25,S7,P12,1,7
2025-09-26,S7,P12,0,7
2025-09-27,S7,P12,1,6
2025-09-28,S7,P12,0,6
2025-09-29,S7,P12,0,6
2025-09-30,S7,P12,2,4
2025-10-01,S7,P12,1,3
2025-10-02,S7,P12,0,3
2025-10-03,S7,P12,0,3
2025-10-04,S7,P12,1,12
2025-10-05,S7,P12,0,12
2025-10-06,S7,P12,0,12
2025-10-07,S7,P12,0,12
2025-10-08,S7,P12,0,12
2025-10-09,S7,P12,0,12
2025-10-10,S7,P12,2,10
2025-10-11,S7,P12,0,10
2025-10-12,S7,P12,0,10
2025-10-13,S7,P12,0,10
2025-10-14,S7,P12,1,9
2025-10-15,S7,P12,1,8
2025-10-16,S7,P12,0,8
2025-10-17,S7,P12,0,8
2025-10-18,S7,P12,0,8
2025-10-19,S7,P12,0,8
2025-10-20,S7,P12,1,7
2025-10-21,S7,P12,0,7
2025-10-22,S7,P12,0,7
2025-10-23,S7,P12,3,4
2025-10-24,S7,P12,0,4
2025-10-25,S7,P12,0,4
2025-10-26,S7,P12,2,12
2025-10-27,S7,P12,1,11
2025-10-28,S7,P12,0,11
2025-10-29,S7,P12,0,11
2025-10-30,S7,P12,0,11
2025-10-31,S7,P12,1,10
2025-11-01,S7,P12,0,10
2025-11-02,S7,P12,0,10
2025-11-03,S7,P12,0,10
2025-11-04,S7,P12,1,9
2025-11-05,S7,P12,0,9
2025-11-06,S7,P12,0,9
2025-11-07,S7,P12,1,8
2025-11-08,S7,P12,0,8
2025-11-09,S7,P12,1,7
2025-11-10,S7,P12,0,7
2025-11-11,S7,P12,0,7
2025-11-12,S7,P12,1,6
2025-11-13,S7,P12,0,6
2025-11-14,S7,P12,0,6
2025-11-15,S7,P12,0,6
2025-11-16,S7,P12,0,6
2025-11-17,S7,P12,0,6
2025-11-18,S7,P12,1,5
2025-11-19,S7,P12,0,5
2025-11-20,S7,P12,1,4
2025-11-21,S7,P12,2,12
2025-11-22,S7,P12,0,12
2025-11-23,S7,P12,0,12
2025-11-24,S7,P12,0,12
2025-11-25,S7,P12,0,12
2025-11-26,S7,P12,1,11
2025-11-27,S7,P12,0,11
2025-11-28,S7,P12,0,11
2025-11-29,S7,P12,1,10
2025-11-30,S7,P12,1,9
2025-12-01,S7,P12,0,9
2025-12-02,S7,P12,1,8
2025-12-03,S7,P12,2,6
2025-12-04,S7,P12,1,5
2025-12-05,S7,P12,1,4
2025-12-06,S7,P12,0,4
2025-12-07,S7,P12,1,3
2025-12-08,S7,P12,0,3
2025-12-09,S7,P12,0,3
2025-12-10,S7,P12,2,11
2025-12-11,S7,P12,2,9
2025-12-12,S7,P12,0,9
2025-12-13,S7,P12,0,9
2025-12-14,S7,P12,0,9
2025-12-15,S7,P12,0,9
2025-12-16,S7,P12,2,7
2025-12-17,S7,P12,0,7
2025-12-18,S7,P12,0,7
2025-12-19,S7,P12,0,7
2025-12-20,S7,P12,1,6
2025-12-21,S7,P12,0,6
2025-12-22,S7,P12,0,6
2025-12-23,S7,P12,1,5
2025-12-24,S7,P12,1,4
2025-12-25,S7,P12,0,4
2025-12-26,S7,P12,0,4
2025-12-27,S7,P12,0,4
2025-12-28,S7,P12,0,4
2025-12-29,S7,P12,0,4
2025-12-30,S7,P12,0,4
2025-12-31,S7,P12,1,3
2026-01-01,S7,P12,0,3
2026-01-02,S7,P12,1,12
2026-01-03,S7,P12,0,12
2026-01-04,S7,P12,0,12
2026-01-05,S7,P12,0,12
2026-01-06,S7,P12,2,10
2026-01-07,S7,P12,2,8
2026-01-08,S7,P12,0,8
2026-01-09,S7,P12,1,7
2026-01-10,S7,P12,0,7
2026-01-11,S7,P12,0,7
2026-01-12,S7,P12,0,7
2026-01-13,S7,P12,0,7
2026-01-14,S7,P12,0,7
2026-01-15,S7,P12,2,5
2026-01-16,S7,P12,0,5
2026-01-17,S7,P12,0,5
2026-01-18,S7,P12,0,5
2026-01-19,S7,P12,0,5
2026-01-20,S7,P12,0,5
2026-01-21,S7,P12,1,4
2026-01-22,S7,P12,0,4
2026-01-23,S7,P12,0,4
2026-01-24,S7,P12,0,4
2026-01-25,S7,P12,0,4
2026-01-26,S7,P12,0,4
2026-01-27,S7,P12,0,4
2026-01-28,S7,P12,1,3
2026-01-29,S7,P12,0,3
2026-01-30,S7,P12,1,12
2026-01-31,S7,P12,0,12
2026-02-01,S7,P12,0,12
2026-02-02,S7,P12,0,12
2026-02-03,S7,P12,1,11
2026-02-04,S7,P12,1,10
2026-02-05,S7,P12,0,10
2026-02-06,S7,P12,1,9
2026-02-07,S7,P12,1,8
2026-02-08,S7,P12,0,8
2026-02-09,S7,P12,0,8
2026-02-10,S7,P12,1,7
2026-02-11,S7,P12,1,6
2026-02-12,S7,P12,2,4
2026-02-13,S7,P12,0,4
2026-02-14,S7,P12,0,4
2026-02-15,S7,P12,0,4
2026-02-16,S7,P12,1,3
2026-02-17,S7,P12,0,3
2026-02-18,S7,P12,0,3
2026-02-19,S7,P12,0,3
2026-02-20,S7,P12,1,12
2026-02-21,S7,P12,0,12
2026-02-22,S7,P12,0,12
2026-02-23,S7,P12,0,12
2026-02-24,S7,P12,0,12
2026-02-25,S7,P12,0,12
2026-02-26,S7,P12,1,11
2026-02-27,S7,P12,1,10
2026-02-28,S7,P12,0,10
2026-03-01,S7,P12,0,10
2026-03-02,S7,P12,0,10
2026-03-03,S7,P12,0,10
2026-03-04,S7,P12,0,10
2026-03-05,S7,P12,0,10
2026-03-06,S7,P12,0,10
2026-03-07,S7,P12,0,10
2026-03-08,S7,P12,0,10
2026-03-09,S7,P12,1,9
2026-03-10,S7,P12,1,8
2026-03-11,S7,P12,1,7
2026-03-12,S7,P12,1,6
2026-03-13,S7,P12,1,5
2026-03-14,S7,P12,0,5
2025-09-01,S7,P13,7,188
2025-09-02,S7,P13,7,181
2025-09-03,S7,P13,10,171
2025-09-04,S7,P13,8,163
2025-09-05,S7,P13,10,153
2025-09-06,S7,P13,7,146
2025-09-07,S7,P13,7,139
2025-09-08,S7,P13,12,127
2025-09-09,S7,P13,12,115
2025-09-10,S7,P13,6,109
2025-09-11,S7,P13,10,99
2025-09-12,S7,P13,9,90
2025-09-13,S7,P13,9,81
2025-09-14,S7,P13,6,75
2025-09-15,S7,P13,10,65
2025-09-16,S7,P13,2,63
2025-09-17,S7,P13,6,57
2025-09-18,S7,P13,10,47
2025-09-19,S7,P13,15,32
2025-09-20,S7,P13,8,180
2025-09-21,S7,P13,10,170
2025-09-22,S7,P13,8,162
2025-09-23,S7,P13,9,153
2025-09-24,S7,P13,16,137
2025-09-25,S7,P13,7,130
2025-09-26,S7,P13,14,116
2025-09-27,S7,P13,5,111
2025-09-28,S7,P13,8,103
2025-09-29,S7,P13,8,95
2025-09-30,S7,P13,13,82
2025-10-01,S7,P13,5,77
2025-10-02,S7,P13,11,66
2025-10-03,S7,P13,9,57
2025-10-04,S7,P13,17,40
2025-10-05,S7,P13,10,30
2025-10-06,S7,P13,6,158
2025-10-07,S7,P13,11,147
2025-10-08,S7,P13,8,139
2025-10-09,S7,P13,10,129
2025-10-10,S7,P13,23,106
2025-10-11,S7,P13,8,98
2025-10-12,S7,P13,14,84
2025-10-13,S7,P13,9,75
2025-10-14,S7,P13,13,62
2025-10-15,S7,P13,6,56
2025-10-16,S7,P13,11,45
2025-10-17,S7,P13,15,30
2025-10-18,S7,P13,15,171
2025-10-19,S7,P13,15,156
2025-10-20,S7,P13,5,151
2025-10-21,S7,P13,9,142
2025-10-22,S7,P13,10,132
2025-10-23,S7,P13,7,125
2025-10-24,S7,P13,13,112
2025-10-25,S7,P13,11,101
2025-10-26,S7,P13,10,91
2025-10-27,S7,P13,8,83
2025-10-28,S7,P13,9,74
2025-10-29,S7,P13,8,66
2025-10-30,S7,P13,9,57
2025-10-31,S7,P13,12,45
2025-11-01,S7,P13,10,35
2025-11-02,S7,P13,5,30
2025-11-03,S7,P13,12,177
2025-11-04,S7,P13,15,162
2025-11-05,S7,P13,9,153
2025-11-06,S7,P13,15,138
2025-11-07,S7,P13,14,124
2025-11-08,S7,P13,6,118
2025-11-09,S7,P13,6,112
2025-11-10,S7,P13,10,102
2025-11-11,S7,P13,12,90
2025-11-12,S7,P13,13,77
2025-11-13,S7,P13,14,63
2025-11-14,S7,P13,12,51
2025-11-15,S7,P13,6,45
2025-11-16,S7,P13,14,31
2025-11-17,S7,P13,10,194
2025-11-18,S7,P13,6,188
2025-11-19,S7,P13,5,183
2025-11-20,S7,P13,12,171
2025-11-21,S7,P13,17,154
2025-11-22,S7,P13,11,143
2025-11-23,S7,P13,14,129
2025-11-24,S7,P13,11,118
2025-11-25,S7,P13,5,113
2025-11-26,S7,P13,11,102
2025-11-27,S7,P13,18,84
2025-11-28,S7,P13,8,76
2025-11-29,S7,P13,18,58
2025-11-30,S7,P13,13,45
2025-12-01,S7,P13,9,36
2025-12-02,S7,P13,9,153
2025-12-03,S7,P13,14,139
2025-12-04,S7,P13,9,130
2025-12-05,S7,P13,14,116
2025-12-06,S7,P13,12,104
2025-12-07,S7,P13,7,97
2025-12-08,S7,P13,7,90
2025-12-09,S7,P13,11,79
2025-12-10,S7,P13,8,71
2025-12-11,S7,P13,15,56
2025-12-12,S7,P13,7,49
2025-12-13,S7,P13,9,40
2025-12-14,S7,P13,14,195
2025-12-15,S7,P13,11,184
2025-12-16,S7,P13,10,174
2025-12-17,S7,P13,18,156
2025-12-18,S7,P13,8,148
2025-12-19,S7,P13,8,140
2025-12-20,S7,P13,18,122
2025-12-21,S7,P13,7,115
2025-12-22,S7,P13,14,101
2025-12-23,S7,P13,14,87
2025-12-24,S7,P13,8,79
2025-12-25,S7,P13,12,67
2025-12-26,S7,P13,17,50
2025-12-27,S7,P13,8,42
2025-12-28,S7,P13,10,32
2025-12-29,S7,P13,6,125
2025-12-30,S7,P13,6,119
2025-12-31,S7,P13,16,103
2026-01-01,S7,P13,5,98
2026-01-02,S7,P13,9,89
2026-01-03,S7,P13,21,68
2026-01-04,S7,P13,5,63
2026-01-05,S7,P13,6,57
2026-01-06,S7,P13,4,53
2026-01-07,S7,P13,11,42
2026-01-08,S7,P13,13,29
2026-01-09,S7,P13,5,167
2026-01-10,S7,P13,10,157
2026-01-11,S7,P13,9,148
2026-01-12,S7,P13,5,143
2026-01-13,S7,P13,10,133
2026-01-14,S7,P13,6,127
2026-01-15,S7,P13,12,115
2026-01-16,S7,P13,17,98
2026-01-17,S7,P13,13,85
2026-01-18,S7,P13,7,78
2026-01-19,S7,P13,9,69
2026-01-20,S7,P13,8,61
2026-01-21,S7,P13,7,54
2026-01-22,S7,P13,12,42
2026-01-23,S7,P13,8,34
2026-01-24,S7,P13,7,122
2026-01-25,S7,P13,7,115
2026-01-26,S7,P13,8,107
2026-01-27,S7,P13,11,96
2026-01-28,S7,P13,12,84
2026-01-29,S7,P13,12,72
2026-01-30,S7,P13,19,53
2026-01-31,S7,P13,6,47
2026-02-01,S7,P13,7,40
2026-02-02,S7,P13,9,31
2026-02-03,S7,P13,18,165
2026-02-04,S7,P13,8,157
2026-02-05,S7,P13,10,147
2026-02-06,S7,P13,9,138
2026-02-07,S7,P13,12,126
2026-02-08,S7,P13,7,119
2026-02-09,S7,P13,8,111
2026-02-10,S7,P13,15,96
2026-02-11,S7,P13,7,89
2026-02-12,S7,P13,11,78
2026-02-13,S7,P13,10,68
2026-02-14,S7,P13,13,55
2026-02-15,S7,P13,12,43
2026-02-16,S7,P13,10,33
2026-02-17,S7,P13,11,160
2026-02-18,S7,P13,16,144
2026-02-19,S7,P13,12,132
2026-02-20,S7,P13,6,126
2026-02-21,S7,P13,11,115
2026-02-22,S7,P13,16,99
2026-02-23,S7,P13,16,83
2026-02-24,S7,P13,9,74
2026-02-25,S7,P13,12,62
2026-02-26,S7,P13,5,57
2026-02-27,S7,P13,9,48
2026-02-28,S7,P13,11,37
2026-03-01,S7,P13,10,193
2026-03-02,S7,P13,5,188
2026-03-03,S7,P13,12,176
2026-03-04,S7,P13,9,167
2026-03-05,S7,P13,8,159
2026-03-06,S7,P13,9,150
2026-03-07,S7,P13,15,135
2026-03-08,S7,P13,15,120
2026-03-09,S7,P13,10,110
2026-03-10,S7,P13,8,102
2026-03-11,S7,P13,9,93
2026-03-12,S7,P13,10,83
2026-03-13,S7,P13,20,63
2026-03-14,S7,P13,14,49
2025-09-01,S7,P14,2,58
2025-09-02,S7,P14,4,54
2025-09-03,S7,P14,1,53
2025-09-04,S7,P14,3,50
2025-09-05,S7,P14,6,44
2025-09-06,S7,P14,2,42
2025-09-07,S7,P14,3,39
2025-09-08,S7,P14,2,37
2025-09-09,S7,P14,3,34
2025-09-10,S7,P14,0,34
2025-09-11,S7,P14,4,30
2025-09-12,S7,P14,4,26
2025-09-13,S7,P14,3,23
2025-09-14,S7,P14,2,21
2025-09-15,S7,P14,2,19
2025-09-16,S7,P14,2,17
2025-09-17,S7,P14,6,11
2025-09-18,S7,P14,5,54
2025-09-19,S7,P14,2,52
2025-09-20,S7,P14,2,50
2025-09-21,S7,P14,4,46
2025-09-22,S7,P14,2,44
2025-09-23,S7,P14,3,41
2025-09-24,S7,P14,3,38
2025-09-25,S7,P14,4,34
2025-09-26,S7,P14,2,32
2025-09-27,S7,P14,5,27
2025-09-28,S7,P14,4,23
2025-09-29,S7,P14,2,21
2025-09-30,S7,P14,2,19
2025-10-01,S7,P14,4,15
2025-10-02,S7,P14,2,13
2025-10-03,S7,P14,6,48
2025-10-04,S7,P14,2,46
2025-10-05,S7,P14,2,44
2025-10-06,S7,P14,4,40
2025-10-07,S7,P14,2,38
2025-10-08,S7,P14,5,33
2025-10-09,S7,P14,3,30
2025-10-10,S7,P14,2,28
2025-10-11,S7,P14,4,24
2025-10-12,S7,P14,1,23
2025-10-13,S7,P14,4,19
2025-10-14,S7,P14,2,17
2025-10-15,S7,P14,2,15
2025-10-16,S7,P14,2,13
2025-10-17,S7,P14,5,60
2025-10-18,S7,P14,2,58
2025-10-19,S7,P14,6,52
2025-10-20,S7,P14,1,51
2025-10-21,S7,P14,5,46
2025-10-22,S7,P14,1,45
2025-10-23,S7,P14,3,42
2025-10-24,S7,P14,1,41
2025-10-25,S7,P14,3,38
2025-10-26,S7,P14,0,38
2025-10-27,S7,P14,1,37
2025-10-28,S7,P14,3,34
2025-10-29,S7,P14,7,27
2025-10-30,S7,P14,4,23
2025-10-31,S7,P14,1,22
2025-11-01,S7,P14,5,17
2025-11-02,S7,P14,1,16
2025-11-03,S7,P14,4,12
2025-11-04,S7,P14,4,36
2025-11-05,S7,P14,2,34
2025-11-06,S7,P14,6,28
2025-11-07,S7,P14,2,26
2025-11-08,S7,P14,2,24
2025-11-09,S7,P14,2,22
2025-11-10,S7,P14,3,19
2025-11-11,S7,P14,6,13
2025-11-12,S7,P14,3,10
2025-11-13,S7,P14,5,41
2025-11-14,S7,P14,2,39
2025-11-15,S7,P14,6,33
2025-11-16,S7,P14,3,30
2025-11-17,S7,P14,2,28
2025-11-18,S7,P14,3,25
2025-11-19,S7,P14,5,20
2025-11-20,S7,P14,1,19
2025-11-21,S7,P14,4,15
2025-11-22,S7,P14,5,10
2025-11-23,S7,P14,6,49
2025-11-24,S7,P14,4,45
2025-11-25,S7,P14,4,41
2025-11-26,S7,P14,1,40
2025-11-27,S7,P14,1,39
2025-11-28,S7,P14,7,32
2025-11-29,S7,P14,1,31
2025-11-30,S7,P14,4,27
2025-12-01,S7,P14,5,22
2025-12-02,S7,P14,1,21
2025-12-03,S7,P14,4,17
2025-12-04,S7,P14,6,11
2025-12-05,S7,P14,4,42
2025-12-06,S7,P14,3,39
2025-12-07,S7,P14,6,33
2025-12-08,S7,P14,3,30
2025-12-09,S7,P14,4,26
2025-12-10,S7,P14,3,23
2025-12-11,S7,P14,3,20
2025-12-12,S7,P14,4,16
2025-12-13,S7,P14,4,12
2025-12-14,S7,P14,2,10
2025-12-15,S7,P14,1,9
2025-12-16,S7,P14,3,54
2025-12-17,S7,P14,3,51
2025-12-18,S7,P14,4,47
2025-12-19,S7,P14,5,42
2025-12-20,S7,P14,3,39
2025-12-21,S7,P14,7,32
2025-12-22,S7,P14,0,32
2025-12-23,S7,P14,4,28
2025-12-24,S7,P14,1,27
2025-12-25,S7,P14,1,26
2025-12-26,S7,P14,5,21
2025-12-27,S7,P14,4,17
2025-12-28,S7,P14,2,15
2025-12-29,S7,P14,9,49
2025-12-30,S7,P14,2,47
2025-12-31,S7,P14,2,45
2026-01-01,S7,P14,5,40
2026-01-02,S7,P14,1,39
2026-01-03,S7,P14,2,37
2026-01-04,S7,P14,4,33
2026-01-05,S7,P14,0,33
2026-01-06,S7,P14,8,25
2026-01-07,S7,P14,2,23
2026-01-08,S7,P14,7,16
2026-01-09,S7,P14,1,15
2026-01-10,S7,P14,5,10
2026-01-11,S7,P14,5,51
2026-01-12,S7,P14,7,44
2026-01-13,S7,P14,2,42
2026-01-14,S7,P14,2,40
2026-01-15,S7,P14,7,33
2026-01-16,S7,P14,2,31
2026-01-17,S7,P14,4,27
2026-01-18,S7,P14,3,24
2026-01-19,S7,P14,2,22
2026-01-20,S7,P14,3,19
2026-01-21,S7,P14,0,19
2026-01-22,S7,P14,3,16
2026-01-23,S7,P14,6,10
2026-01-24,S7,P14,5,53
2026-01-25,S7,P14,2,51
2026-01-26,S7,P14,4,47
2026-01-27,S7,P14,4,43
2026-01-28,S7,P14,2,41
2026-01-29,S7,P14,3,38
2026-01-30,S7,P14,2,36
2026-01-31,S7,P14,1,35
2026-02-01,S7,P14,4,31
2026-02-02,S7,P14,4,27
2026-02-03,S7,P14,3,24
2026-02-04,S7,P14,4,20
2026-02-05,S7,P14,3,17
2026-02-06,S7,P14,2,15
2026-02-07,S7,P14,4,11
2026-02-08,S7,P14,4,40
2026-02-09,S7,P14,0,40
2026-02-10,S7,P14,1,39
2026-02-11,S7,P14,4,35
2026-02-12,S7,P14,0,35
2026-02-13,S7,P14,6,29
2026-02-14,S7,P14,1,28
2026-02-15,S7,P14,0,28
2026-02-16,S7,P14,2,26
2026-02-17,S7,P14,3,23
2026-02-18,S7,P14,3,20
2026-02-19,S7,P14,2,18
2026-02-20,S7,P14,7,11
2026-02-21,S7,P14,5,55
2026-02-22,S7,P14,3,52
2026-02-23,S7,P14,4,48
2026-02-24,S7,P14,1,47
2026-02-25,S7,P14,3,44
2026-02-26,S7,P14,6,38
2026-02-27,S7,P14,4,34
2026-02-28,S7,P14,4,30
2026-03-01,S7,P14,5,25
2026-03-02,S7,P14,0,25
2026-03-03,S7,P14,6,19
2026-03-04,S7,P14,1,18
2026-03-05,S7,P14,7,11
2026-03-06,S7,P14,10,41
2026-03-07,S7,P14,3,38
2026-03-08,S7,P14,0,38
2026-03-09,S7,P14,4,34
2026-03-10,S7,P14,2,32
2026-03-11,S7,P14,1,31
2026-03-12,S7,P14,1,30
2026-03-13,S7,P14,1,29
2026-03-14,S7,P14,4,25
2025-09-01,S7,P15,4,100
2025-09-02,S7,P15,2,98
2025-09-03,S7,P15,2,96
2025-09-04,S7,P15,8,88
2025-09-05,S7,P15,16,72
2025-09-06,S7,P15,7,65
2025-09-07,S7,P15,4,61
2025-09-08,S7,P15,4,57
2025-09-09,S7,P15,8,49
2025-09-10,S7,P15,12,37
2025-09-11,S7,P15,2,35
2025-09-12,S7,P15,11,24
2025-09-13,S7,P15,7,17
2025-09-14,S7,P15,9,79
2025-09-15,S7,P15,6,73
2025-09-16,S7,P15,8,65
2025-09-17,S7,P15,1,64
2025-09-18,S7,P15,13,51
2025-09-19,S7,P15,10,41
2025-09-20,S7,P15,9,32
2025-09-21,S7,P15,2,30
2025-09-22,S7,P15,8,22
2025-09-23,S7,P15,4,18
2025-09-24,S7,P15,6,87
2025-09-25,S7,P15,5,82
2025-09-26,S7,P15,7,75
2025-09-27,S7,P15,6,69
2025-09-28,S7,P15,6,63
2025-09-29,S7,P15,6,57
2025-09-30,S7,P15,3,54
2025-10-01,S7,P15,2,52
2025-10-02,S7,P15,3,49
2025-10-03,S7,P15,7,42
2025-10-04,S7,P15,4,38
2025-10-05,S7,P15,7,31
2025-10-06,S7,P15,5,26
2025-10-07,S7,P15,6,20
2025-10-08,S7,P15,6,107
2025-10-09,S7,P15,8,99
2025-10-10,S7,P15,6,93
2025-10-11,S7,P15,5,88
2025-10-12,S7,P15,6,82
2025-10-13,S7,P15,1,81
2025-10-14,S7,P15,9,72
2025-10-15,S7,P15,10,62
2025-10-16,S7,P15,7,55
2025-10-17,S7,P15,8,47
2025-10-18,S7,P15,10,37
2025-10-19,S7,P15,1,36
2025-10-20,S7,P15,4,32
2025-10-21,S7,P15,10,22
2025-10-22,S7,P15,8,91
2025-10-23,S7,P15,9,82
2025-10-24,S7,P15,6,76
2025-10-25,S7,P15,5,71
2025-10-26,S7,P15,11,60
2025-10-27,S7,P15,9,51
2025-10-28,S7,P15,1,50
2025-10-29,S7,P15,7,43
2025-10-30,S7,P15,4,39
2025-10-31,S7,P15,11,28
2025-11-01,S7,P15,9,19
2025-11-02,S7,P15,6,102
2025-11-03,S7,P15,6,96
2025-11-04,S7,P15,3,93
2025-11-05,S7,P15,3,90
2025-11-06,S7,P15,4,86
2025-11-07,S7,P15,4,82
2025-11-08,S7,P15,5,77
2025-11-09,S7,P15,5,72
2025-11-10,S7,P15,6,66
2025-11-11,S7,P15,2,64
2025-11-12,S7,P15,6,58
2025-11-13,S7,P15,5,53
2025-11-14,S7,P15,9,44
2025-11-15,S7,P15,6,38
2025-11-16,S7,P15,6,32
2025-11-17,S7,P15,5,27
2025-11-18,S7,P15,7,20
2025-11-19,S7,P15,6,79
2025-11-20,S7,P15,3,76
2025-11-21,S7,P15,6,70
2025-11-22,S7,P15,5,65
2025-11-23,S7,P15,10,55
2025-11-24,S7,P15,10,45
2025-11-25,S7,P15,6,39
2025-11-26,S7,P15,7,32
2025-11-27,S7,P15,2,30
2025-11-28,S7,P15,11,19
2025-11-29,S7,P15,4,94
2025-11-30,S7,P15,4,90
2025-12-01,S7,P15,5,85
2025-12-02,S7,P15,3,82
2025-12-03,S7,P15,4,78
2025-12-04,S7,P15,4,74
2025-12-05,S7,P15,3,71
2025-12-06,S7,P15,8,63
2025-12-07,S7,P15,5,58
2025-12-08,S7,P15,3,55
2025-12-09,S7,P15,4,51
2025-12-10,S7,P15,4,47
2025-12-11,S7,P15,7,40
2025-12-12,S7,P15,5,35
2025-12-13,S7,P15,6,29
2025-12-14,S7,P15,8,21
2025-12-15,S7,P15,6,76
2025-12-16,S7,P15,7,69
2025-12-17,S7,P15,7,62
2025-12-18,S7,P15,3,59
2025-12-19,S7,P15,3,56
2025-12-20,S7,P15,6,50
2025-12-21,S7,P15,6,44
2025-12-22,S7,P15,4,40
2025-12-23,S7,P15,4,36
2025-12-24,S7,P15,2,34
2025-12-25,S7,P15,4,30
2025-12-26,S7,P15,7,23
2025-12-27,S7,P15,6,17
2025-12-28,S7,P15,5,67
2025-12-29,S7,P15,7,60
2025-12-30,S7,P15,9,51
2025-12-31,S7,P15,4,47
2026-01-01,S7,P15,4,43
2026-01-02,S7,P15,4,39
2026-01-03,S7,P15,7,32
2026-01-04,S7,P15,7,25
2026-01-05,S7,P15,7,18
2026-01-06,S7,P15,6,81
2026-01-07,S7,P15,5,76
2026-01-08,S7,P15,7,69
2026-01-09,S7,P15,4,65
2026-01-10,S7,P15,6,59
2026-01-11,S7,P15,3,56
2026-01-12,S7,P15,2,54
2026-01-13,S7,P15,6,48
2026-01-14,S7,P15,8,40
2026-01-15,S7,P15,7,33
2026-01-16,S7,P15,2,31
2026-01-17,S7,P15,6,25
2026-01-18,S7,P15,7,18
2026-01-19,S7,P15,4,90
2026-01-20,S7,P15,9,81
2026-01-21,S7,P15,5,76
2026-01-22,S7,P15,5,71
2026-01-23,S7,P15,10,61
2026-01-24,S7,P15,7,54
2026-01-25,S7,P15,2,52
2026-01-26,S7,P15,3,49
2026-01-27,S7,P15,6,43
2026-01-28,S7,P15,3,40
2026-01-29,S7,P15,6,34
2026-01-30,S7,P15,3,31
2026-01-31,S7,P15,11,20
2026-02-01,S7,P15,10,66
2026-02-02,S7,P15,4,62
2026-02-03,S7,P15,10,52
2026-02-04,S7,P15,8,44
2026-02-05,S7,P15,4,40
2026-02-06,S7,P15,5,35
2026-02-07,S7,P15,5,30
2026-02-08,S7,P15,4,26
2026-02-09,S7,P15,8,18
2026-02-10,S7,P15,4,87
2026-02-11,S7,P15,4,83
2026-02-12,S7,P15,6,77
2026-02-13,S7,P15,7,70
2026-02-14,S7,P15,7,63
2026-02-15,S7,P15,9,54
2026-02-16,S7,P15,1,53
2026-02-17,S7,P15,9,44
2026-02-18,S7,P15,3,41
2026-02-19,S7,P15,6,35
2026-02-20,S7,P15,6,29
2026-02-21,S7,P15,6,23
2026-02-22,S7,P15,8,105
2026-02-23,S7,P15,4,101
2026-02-24,S7,P15,4,97
2026-02-25,S7,P15,7,90
2026-02-26,S7,P15,4,86
2026-02-27,S7,P15,10,76
2026-02-28,S7,P15,6,70
2026-03-01,S7,P15,8,62
2026-03-02,S7,P15,5,57
2026-03-03,S7,P15,6,51
2026-03-04,S7,P15,4,47
2026-03-05,S7,P15,7,40
2026-03-06,S7,P15,4,36
2026-03-07,S7,P15,8,28
2026-03-08,S7,P15,4,24
2026-03-09,S7,P15,3,21
2026-03-10,S7,P15,3,18
2026-03-11,S7,P15,3,93
2026-03-12,S7,P15,5,88
2026-03-13,S7,P15,7,81
2026-03-14,S7,P15,13,68
2025-09-01,S7,P16,6,95
2025-09-02,S7,P16,2,93
2025-09-03,S7,P16,3,90
2025-09-04,S7,P16,3,87
2025-09-05,S7,P16,9,78
2025-09-06,S7,P16,10,68
2025-09-07,S7,P16,2,66
2025-09-08,S7,P16,2,64
2025-09-09,S7,P16,2,62
2025-09-10,S7,P16,4,58
2025-09-11,S7,P16,1,57
2025-09-12,S7,P16,7,50
2025-09-13,S7,P16,7,43
2025-09-14,S7,P16,3,40
2025-09-15,S7,P16,9,31
2025-09-16,S7,P16,7,24
2025-09-17,S7,P16,7,17
2025-09-18,S7,P16,2,15
2025-09-19,S7,P16,10,66
2025-09-20,S7,P16,5,61
2025-09-21,S7,P16,4,57
2025-09-22,S7,P16,2,55
2025-09-23,S7,P16,2,53
2025-09-24,S7,P16,6,47
2025-09-25,S7,P16,2,45
2025-09-26,S7,P16,3,42
2025-09-27,S7,P16,9,33
2025-09-28,S7,P16,1,32
2025-09-29,S7,P16,6,26
2025-09-30,S7,P16,3,23
2025-10-01,S7,P16,8,15
2025-10-02,S7,P16,5,82
2025-10-03,S7,P16,5,77
2025-10-04,S7,P16,5,72
2025-10-05,S7,P16,6,66
2025-10-06,S7,P16,6,60
2025-10-07,S7,P16,3,57
2025-10-08,S7,P16,5,52
2025-10-09,S7,P16,7,45
2025-10-10,S7,P16,5,40
2025-10-11,S7,P16,6,34
2025-10-12,S7,P16,4,30
2025-10-13,S7,P16,2,28
2025-10-14,S7,P16,5,23
2025-10-15,S7,P16,7,16
2025-10-16,S7,P16,3,80
2025-10-17,S7,P16,6,74
2025-10-18,S7,P16,6,68
2025-10-19,S7,P16,3,65
2025-10-20,S7,P16,3,62
2025-10-21,S7,P16,4,58
2025-10-22,S7,P16,4,54
2025-10-23,S7,P16,4,50
2025-10-24,S7,P16,1,49
2025-10-25,S7,P16,5,44
2025-10-26,S7,P16,5,39
2025-10-27,S7,P16,5,34
2025-10-28,S7,P16,5,29
2025-10-29,S7,P16,2,27
2025-10-30,S7,P16,4,23
2025-10-31,S7,P16,11,55
2025-11-01,S7,P16,5,50
2025-11-02,S7,P16,4,46
2025-11-03,S7,P16,3,43
2025-11-04,S7,P16,5,38
2025-11-05,S7,P16,6,32
2025-11-06,S7,P16,2,30
2025-11-07,S7,P16,5,25
2025-11-08,S7,P16,5,20
2025-11-09,S7,P16,5,15
2025-11-10,S7,P16,2,55
2025-11-11,S7,P16,5,50
2025-11-12,S7,P16,6,44
2025-11-13,S7,P16,2,42
2025-11-14,S7,P16,3,39
2025-11-15,S7,P16,6,33
2025-11-16,S7,P16,5,28
2025-11-17,S7,P16,4,24
2025-11-18,S7,P16,7,17
2025-11-19,S7,P16,7,58
2025-11-20,S7,P16,6,52
2025-11-21,S7,P16,6,46
2025-11-22,S7,P16,6,40
2025-11-23,S7,P16,3,37
2025-11-24,S7,P16,4,33
2025-11-25,S7,P16,2,31
2025-11-26,S7,P16,5,26
2025-11-27,S7,P16,5,21
2025-11-28,S7,P16,8,87
2025-11-29,S7,P16,2,85
2025-11-30,S7,P16,5,80
2025-12-01,S7,P16,3,77
2025-12-02,S7,P16,3,74
2025-12-03,S7,P16,4,70
2025-12-04,S7,P16,3,67
2025-12-05,S7,P16,3,64
2025-12-06,S7,P16,6,58
2025-12-07,S7,P16,4,54
2025-12-08,S7,P16,0,54
2025-12-09,S7,P16,4,50
2025-12-10,S7,P16,4,46
2025-12-11,S7,P16,7,39
2025-12-12,S7,P16,3,36
2025-12-13,S7,P16,4,32
2025-12-14,S7,P16,5,27
2025-12-15,S7,P16,4,23
2025-12-16,S7,P16,5,18
2025-12-17,S7,P16,11,61
2025-12-18,S7,P16,5,56
2025-12-19,S7,P16,7,49
2025-12-20,S7,P16,11,38
2025-12-21,S7,P16,8,30
2025-12-22,S7,P16,4,26
2025-12-23,S7,P16,7,19
2025-12-24,S7,P16,7,66
2025-12-25,S7,P16,6,60
2025-12-26,S7,P16,4,56
2025-12-27,S7,P16,9,47
2025-12-28,S7,P16,10,37
2025-12-29,S7,P16,4,33
2025-12-30,S7,P16,8,25
2025-12-31,S7,P16,2,23
2026-01-01,S7,P16,8,15
2026-01-02,S7,P16,8,75
2026-01-03,S7,P16,5,70
2026-01-04,S7,P16,5,65
2026-01-05,S7,P16,5,60
2026-01-06,S7,P16,4,56
2026-01-07,S7,P16,5,51
2026-01-08,S7,P16,5,46
2026-01-09,S7,P16,4,42
2026-01-10,S7,P16,4,38
2026-01-11,S7,P16,2,36
2026-01-12,S7,P16,1,35
2026-01-13,S7,P16,3,32
2026-01-14,S7,P16,4,28
2026-01-15,S7,P16,4,24
2026-01-16,S7,P16,3,21
2026-01-17,S7,P16,6,15
2026-01-18,S7,P16,5,65
2026-01-19,S7,P16,3,62
2026-01-20,S7,P16,3,59
2026-01-21,S7,P16,3,56
2026-01-22,S7,P16,6,50
2026-01-23,S7,P16,5,45
2026-01-24,S7,P16,4,41
2026-01-25,S7,P16,3,38
2026-01-26,S7,P16,1,37
2026-01-27,S7,P16,2,35
2026-01-28,S7,P16,5,30
2026-01-29,S7,P16,4,26
2026-01-30,S7,P16,7,19
2026-01-31,S7,P16,2,17
2026-02-01,S7,P16,3,14
2026-02-02,S7,P16,5,64
2026-02-03,S7,P16,5,59
2026-02-04,S7,P16,2,57
2026-02-05,S7,P16,3,54
2026-02-06,S7,P16,9,45
2026-02-07,S7,P16,6,39
2026-02-08,S7,P16,6,33
2026-02-09,S7,P16,6,27
2026-02-10,S7,P16,2,25
2026-02-11,S7,P16,9,16
2026-02-12,S7,P16,4,73
2026-02-13,S7,P16,6,67
2026-02-14,S7,P16,8,59
2026-02-15,S7,P16,5,54
2026-02-16,S7,P16,4,50
2026-02-17,S7,P16,7,43
2026-02-18,S7,P16,4,39
2026-02-19,S7,P16,10,29
2026-02-20,S7,P16,4,25
2026-02-21,S7,P16,5,20
2026-02-22,S7,P16,11,48
2026-02-23,S7,P16,6,42
2026-02-24,S7,P16,4,38
2026-02-25,S7,P16,8,30
2026-02-26,S7,P16,10,20
2026-02-27,S7,P16,7,59
2026-02-28,S7,P16,7,52
2026-03-01,S7,P16,9,43
2026-03-02,S7,P16,2,41
2026-03-03,S7,P16,3,38
2026-03-04,S7,P16,6,32
2026-03-05,S7,P16,9,23
2026-03-06,S7,P16,8,15
2026-03-07,S7,P16,4,75
2026-03-08,S7,P16,7,68
2026-03-09,S7,P16,7,61
2026-03-10,S7,P16,9,52
2026-03-11,S7,P16,2,50
2026-03-12,S7,P16,7,43
2026-03-13,S7,P16,8,35
2026-03-14,S7,P16,6,29
2025-09-01,S7,P17,2,32
2025-09-02,S7,P17,0,32
2025-09-03,S7,P17,1,31
2025-09-04,S7,P17,3,28
2025-09-05,S7,P17,0,28
2025-09-06,S7,P17,3,25
2025-09-07,S7,P17,0,25
2025-09-08,S7,P17,0,25
2025-09-09,S7,P17,2,23
2025-09-10,S7,P17,0,23
2025-09-11,S7,P17,1,22
2025-09-12,S7,P17,2,20
2025-09-13,S7,P17,2,18
2025-09-14,S7,P17,3,15
2025-09-15,S7,P17,1,14
2025-09-16,S7,P17,1,13
2025-09-17,S7,P17,1,12
2025-09-18,S7,P17,2,10
2025-09-19,S7,P17,2,8
2025-09-20,S7,P17,1,7
2025-09-21,S7,P17,2,5
2025-09-22,S7,P17,0,5
2025-09-23,S7,P17,0,5
2025-09-24,S7,P17,0,5
2025-09-25,S7,P17,2,16
2025-09-26,S7,P17,1,15
2025-09-27,S7,P17,0,15
2025-09-28,S7,P17,2,13
2025-09-29,S7,P17,2,11
2025-09-30,S7,P17,4,7
2025-10-01,S7,P17,3,4
2025-10-02,S7,P17,1,16
2025-10-03,S7,P17,1,15
2025-10-04,S7,P17,0,15
2025-10-05,S7,P17,2,13
2025-10-06,S7,P17,0,13
2025-10-07,S7,P17,1,12
2025-10-08,S7,P17,2,10
2025-10-09,S7,P17,1,9
2025-10-10,S7,P17,2,7
2025-10-11,S7,P17,2,5
2025-10-12,S7,P17,2,26
2025-10-13,S7,P17,0,26
2025-10-14,S7,P17,1,25
2025-10-15,S7,P17,2,23
2025-10-16,S7,P17,1,22
2025-10-17,S7,P17,2,20
2025-10-18,S7,P17,2,18
2025-10-19,S7,P17,1,17
2025-10-20,S7,P17,4,13
2025-10-21,S7,P17,0,13
2025-10-22,S7,P17,0,13
2025-10-23,S7,P17,0,13
2025-10-24,S7,P17,1,12
2025-10-25,S7,P17,0,12
2025-10-26,S7,P17,1,11
2025-10-27,S7,P17,1,10
2025-10-28,S7,P17,2,8
2025-10-29,S7,P17,3,5
2025-10-30,S7,P17,0,5
2025-10-31,S7,P17,0,5
2025-11-01,S7,P17,4,15
2025-11-02,S7,P17,0,15
2025-11-03,S7,P17,0,15
2025-11-04,S7,P17,2,13
2025-11-05,S7,P17,1,12
2025-11-06,S7,P17,1,11
2025-11-07,S7,P17,2,9
2025-11-08,S7,P17,0,9
2025-11-09,S7,P17,0,9
2025-11-10,S7,P17,2,7
2025-11-11,S7,P17,1,6
2025-11-12,S7,P17,3,25
2025-11-13,S7,P17,0,25
2025-11-14,S7,P17,1,24
2025-11-15,S7,P17,3,21
2025-11-16,S7,P17,2,19
2025-11-17,S7,P17,1,18
2025-11-18,S7,P17,1,17
2025-11-19,S7,P17,0,17
2025-11-20,S7,P17,2,15
2025-11-21,S7,P17,4,11
2025-11-22,S7,P17,3,8
2025-11-23,S7,P17,0,8
2025-11-24,S7,P17,2,6
2025-11-25,S7,P17,1,5
2025-11-26,S7,P17,2,21
2025-11-27,S7,P17,1,20
2025-11-28,S7,P17,2,18
2025-11-29,S7,P17,2,16
2025-11-30,S7,P17,2,14
2025-12-01,S7,P17,4,10
2025-12-02,S7,P17,1,9
2025-12-03,S7,P17,1,8
2025-12-04,S7,P17,0,8
2025-12-05,S7,P17,3,5
2025-12-06,S7,P17,0,5
2025-12-07,S7,P17,1,4
2025-12-08,S7,P17,0,4
2025-12-09,S7,P17,0,4
2025-12-10,S7,P17,2,25
2025-12-11,S7,P17,2,23
2025-12-12,S7,P17,0,23
2025-12-13,S7,P17,1,22
2025-12-14,S7,P17,1,21
2025-12-15,S7,P17,2,19
2025-12-16,S7,P17,1,18
2025-12-17,S7,P17,3,15
2025-12-18,S7,P17,0,15
2025-12-19,S7,P17,0,15
2025-12-20,S7,P17,1,14
2025-12-21,S7,P17,2,12
2025-12-22,S7,P17,0,12
2025-12-23,S7,P17,0,12
2025-12-24,S7,P17,2,10
2025-12-25,S7,P17,1,9
2025-12-26,S7,P17,0,9
2025-12-27,S7,P17,0,9
2025-12-28,S7,P17,3,6
2025-12-29,S7,P17,1,5
2025-12-30,S7,P17,3,21
2025-12-31,S7,P17,1,20
2026-01-01,S7,P17,1,19
2026-01-02,S7,P17,1,18
2026-01-03,S7,P17,1,17
2026-01-04,S7,P17,2,15
2026-01-05,S7,P17,0,15
2026-01-06,S7,P17,3,12
2026-01-07,S7,P17,0,12
2026-01-08,S7,P17,0,12
2026-01-09,S7,P17,1,11
2026-01-10,S7,P17,1,10
2026-01-11,S7,P17,2,8
2026-01-12,S7,P17,1,7
2026-01-13,S7,P17,0,7
2026-01-14,S7,P17,0,7
2026-01-15,S7,P17,0,7
2026-01-16,S7,P17,1,6
2026-01-17,S7,P17,1,5
2026-01-18,S7,P17,1,4
2026-01-19,S7,P17,4,24
2026-01-20,S7,P17,2,22
2026-01-21,S7,P17,0,22
2026-01-22,S7,P17,1,21
2026-01-23,S7,P17,1,20
2026-01-24,S7,P17,1,19
2026-01-25,S7,P17,2,17
2026-01-26,S7,P17,1,16
2026-01-27,S7,P17,1,15
2026-01-28,S7,P17,2,13
2026-01-29,S7,P17,2,11
2026-01-30,S7,P17,1,10
2026-01-31,S7,P17,1,9
2026-02-01,S7,P17,1,8
2026-02-02,S7,P17,0,8
2026-02-03,S7,P17,0,8
2026-02-04,S7,P17,2,6
2026-02-05,S7,P17,1,5
2026-02-06,S7,P17,1,4
2026-02-07,S7,P17,3,18
2026-02-08,S7,P17,2,16
2026-02-09,S7,P17,4,12
2026-02-10,S7,P17,1,11
2026-02-11,S7,P17,2,9
2026-02-12,S7,P17,3,6
2026-02-13,S7,P17,2,4
2026-02-14,S7,P17,1,22
2026-02-15,S7,P17,2,20
2026-02-16,S7,P17,0,20
2026-02-17,S7,P17,0,20
2026-02-18,S7,P17,0,20
2026-02-19,S7,P17,1,19
2026-02-20,S7,P17,1,18
2026-02-21,S7,P17,0,18
2026-02-22,S7,P17,1,17
2026-02-23,S7,P17,0,17
2026-02-24,S7,P17,1,16
2026-02-25,S7,P17,2,14
2026-02-26,S7,P17,1,13
2026-02-27,S7,P17,1,12
2026-02-28,S7,P17,2,10
2026-03-01,S7,P17,0,10
2026-03-02,S7,P17,4,6
2026-03-03,S7,P17,1,5
2026-03-04,S7,P17,1,4
2026-03-05,S7,P17,1,19
2026-03-06,S7,P17,0,19
2026-03-07,S7,P17,5,14
2026-03-08,S7,P17,0,14
2026-03-09,S7,P17,1,13
2026-03-10,S7,P17,1,12
2026-03-11,S7,P17,3,9
2026-03-12,S7,P17,1,8
2026-03-13,S7,P17,1,7
2026-03-14,S7,P17,1,6
2025-09-01,S7,P18,0,8
2025-09-02,S7,P18,0,8
2025-09-03,S7,P18,0,8
2025-09-04,S7,P18,1,7
2025-09-05,S7,P18,5,12
2025-09-06,S7,P18,0,12
2025-09-07,S7,P18,0,12
2025-09-08,S7,P18,0,12
2025-09-09,S7,P18,0,12
2025-09-10,S7,P18,0,12
2025-09-11,S7,P18,0,12
2025-09-12,S7,P18,0,12
2025-09-13,S7,P18,1,11
2025-09-14,S7,P18,0,11
2025-09-15,S7,P18,0,11
2025-09-16,S7,P18,0,11
2025-09-17,S7,P18,0,11
2025-09-18,S7,P18,2,9
2025-09-19,S7,P18,1,8
2025-09-20,S7,P18,0,8
2025-09-21,S7,P18,0,8
2025-09-22,S7,P18,2,6
2025-09-23,S7,P18,1,5
2025-09-24,S7,P18,2,3
2025-09-25,S7,P18,2,11
2025-09-26,S7,P18,0,11
2025-09-27,S7,P18,1,10
2025-09-28,S7,P18,2,8
2025-09-29,S7,P18,0,8
2025-09-30,S7,P18,1,7
2025-10-01,S7,P18,2,5
2025-10-02,S7,P18,0,5
2025-10-03,S7,P18,0,5
2025-10-04,S7,P18,0,5
2025-10-05,S7,P18,1,4
2025-10-06,S7,P18,1,3
2025-10-07,S7,P18,1,12
2025-10-08,S7,P18,1,11
2025-10-09,S7,P18,0,11
2025-10-10,S7,P18,0,11
2025-10-11,S7,P18,0,11
2025-10-12,S7,P18,0,11
2025-10-13,S7,P18,0,11
2025-10-14,S7,P18,0,11
2025-10-15,S7,P18,0,11
2025-10-16,S7,P18,0,11
2025-10-17,S7,P18,0,11
2025-10-18,S7,P18,1,10
2025-10-19,S7,P18,0,10
2025-10-20,S7,P18,2,8
2025-10-21,S7,P18,0,8
2025-10-22,S7,P18,0,8
2025-10-23,S7,P18,1,7
2025-10-24,S7,P18,0,7
2025-10-25,S7,P18,0,7
2025-10-26,S7,P18,0,7
2025-10-27,S7,P18,0,7
2025-10-28,S7,P18,0,7
2025-10-29,S7,P18,0,7
2025-10-30,S7,P18,0,7
2025-10-31,S7,P18,1,6
2025-11-01,S7,P18,0,6
2025-11-02,S7,P18,0,6
2025-11-03,S7,P18,0,6
2025-11-04,S7,P18,0,6
2025-11-05,S7,P18,3,3
2025-11-06,S7,P18,1,12
2025-11-07,S7,P18,2,10
2025-11-08,S7,P18,0,10
2025-11-09,S7,P18,0,10
2025-11-10,S7,P18,1,9
2025-11-11,S7,P18,0,9
2025-11-12,S7,P18,0,9
2025-11-13,S7,P18,0,9
2025-11-14,S7,P18,0,9
2025-11-15,S7,P18,0,9
2025-11-16,S7,P18,0,9
2025-11-17,S7,P18,0,9
2025-11-18,S7,P18,0,9
2025-11-19,S7,P18,0,9
2025-11-20,S7,P18,0,9
2025-11-21,S7,P18,0,9
2025-11-22,S7,P18,2,7
2025-11-23,S7,P18,0,7
2025-11-24,S7,P18,0,7
2025-11-25,S7,P18,0,7
2025-11-26,S7,P18,1,6
2025-11-27,S7,P18,0,6
2025-11-28,S7,P18,0,6
2025-11-29,S7,P18,1,5
2025-11-30,S7,P18,1,4
2025-12-01,S7,P18,0,4
2025-12-02,S7,P18,0,4
2025-12-03,S7,P18,0,4
2025-12-04,S7,P18,0,4
2025-12-05,S7,P18,1,3
2025-12-06,S7,P18,0,3
2025-12-07,S7,P18,0,3
2025-12-08,S7,P18,0,3
2025-12-09,S7,P18,2,11
2025-12-10,S7,P18,0,11
2025-12-11,S7,P18,1,10
2025-12-12,S7,P18,0,10
2025-12-13,S7,P18,0,10
2025-12-14,S7,P18,1,9
2025-12-15,S7,P18,0,9
2025-12-16,S7,P18,0,9
2025-12-17,S7,P18,0,9
2025-12-18,S7,P18,0,9
2025-12-19,S7,P18,0,9
2025-12-20,S7,P18,0,9
2025-12-21,S7,P18,0,9
2025-12-22,S7,P18,0,9
2025-12-23,S7,P18,2,7
2025-12-24,S7,P18,1,6
2025-12-25,S7,P18,0,6
2025-12-26,S7,P18,0,6
2025-12-27,S7,P18,0,6
2025-12-28,S7,P18,0,6
2025-12-29,S7,P18,0,6
2025-12-30,S7,P18,0,6
2025-12-31,S7,P18,0,6
2026-01-01,S7,P18,0,6
2026-01-02,S7,P18,1,5
2026-01-03,S7,P18,2,3
2026-01-04,S7,P18,2,11
2026-01-05,S7,P18,0,11
2026-01-06,S7,P18,0,11
2026-01-07,S7,P18,0,11
2026-01-08,S7,P18,0,11
2026-01-09,S7,P18,0,11
2026-01-10,S7,P18,0,11
2026-01-11,S7,P18,0,11
2026-01-12,S7,P18,0,11
2026-01-13,S7,P18,0,11
2026-01-14,S7,P18,0,11
2026-01-15,S7,P18,0,11
2026-01-16,S7,P18,2,9
2026-01-17,S7,P18,0,9
2026-01-18,S7,P18,0,9
2026-01-19,S7,P18,0,9
2026-01-20,S7,P18,2,7
2026-01-21,S7,P18,0,7
2026-01-22,S7,P18,0,7
2026-01-23,S7,P18,0,7
2026-01-24,S7,P18,0,7
2026-01-25,S7,P18,2,5
2026-01-26,S7,P18,0,5
2026-01-27,S7,P18,2,3
2026-01-28,S7,P18,0,3
2026-01-29,S7,P18,0,3
2026-01-30,S7,P18,1,12
2026-01-31,S7,P18,0,12
2026-02-01,S7,P18,1,11
2026-02-02,S7,P18,1,10
2026-02-03,S7,P18,0,10
2026-02-04,S7,P18,1,9
2026-02-05,S7,P18,0,9
2026-02-06,S7,P18,0,9
2026-02-07,S7,P18,2,7
2026-02-08,S7,P18,0,7
2026-02-09,S7,P18,0,7
2026-02-10,S7,P18,3,4
2026-02-11,S7,P18,0,4
2026-02-12,S7,P18,1,3
2026-02-13,S7,P18,1,12
2026-02-14,S7,P18,0,12
2026-02-15,S7,P18,0,12
2026-02-16,S7,P18,1,11
2026-02-17,S7,P18,1,10
2026-02-18,S7,P18,0,10
2026-02-19,S7,P18,1,9
2026-02-20,S7,P18,0,9
2026-02-21,S7,P18,0,9
2026-02-22,S7,P18,0,9
2026-02-23,S7,P18,0,9
2026-02-24,S7,P18,0,9
2026-02-25,S7,P18,0,9
2026-02-26,S7,P18,0,9
2026-02-27,S7,P18,1,8
2026-02-28,S7,P18,0,8
2026-03-01,S7,P18,0,8
2026-03-02,S7,P18,1,7
2026-03-03,S7,P18,0,7
2026-03-04,S7,P18,1,6
2026-03-05,S7,P18,0,6
2026-03-06,S7,P18,0,6
2026-03-07,S7,P18,0,6
2026-03-08,S7,P18,0,6
2026-03-09,S7,P18,0,6
2026-03-10,S7,P18,1,5
2026-03-11,S7,P18,1,4
2026-03-12,S7,P18,0,4
2026-03-13,S7,P18,0,4
2026-03-14,S7,P18,1,3
2025-09-01,S7,P19,10,101
2025-09-02,S7,P19,3,98
2025-09-03,S7,P19,4,94
2025-09-04,S7,P19,7,87
2025-09-05,S7,P19,8,79
2025-09-06,S7,P19,5,74
2025-09-07,S7,P19,13,61
2025-09-08,S7,P19,6,55
2025-09-09,S7,P19,11,44
2025-09-10,S7,P19,2,42
2025-09-11,S7,P19,4,38
2025-09-12,S7,P19,2,36
2025-09-13,S7,P19,5,31
2025-09-14,S7,P19,6,25
2025-09-15,S7,P19,2,23
2025-09-16,S7,P19,10,79
2025-09-17,S7,P19,7,72
2025-09-18,S7,P19,3,69
2025-09-19,S7,P19,4,65
2025-09-20,S7,P19,6,59
2025-09-21,S7,P19,7,52
2025-09-22,S7,P19,2,50
2025-09-23,S7,P19,5,45
2025-09-24,S7,P19,10,35
2025-09-25,S7,P19,3,32
2025-09-26,S7,P19,7,25
2025-09-27,S7,P19,10,121
2025-09-28,S7,P19,3,118
2025-09-29,S7,P19,6,112
2025-09-30,S7,P19,2,110
2025-10-01,S7,P19,10,100
2025-10-02,S7,P19,6,94
2025-10-03,S7,P19,5,89
2025-10-04,S7,P19,6,83
2025-10-05,S7,P19,2,81
2025-10-06,S7,P19,8,73
2025-10-07,S7,P19,5,68
2025-10-08,S7,P19,8,60
2025-10-09,S7,P19,3,57
2025-10-10,S7,P19,11,46
2025-10-11,S7,P19,9,37
2025-10-12,S7,P19,2,35
2025-10-13,S7,P19,9,26
2025-10-14,S7,P19,1,25
2025-10-15,S7,P19,7,18
2025-10-16,S7,P19,9,70
2025-10-17,S7,P19,5,65
2025-10-18,S7,P19,8,57
2025-10-19,S7,P19,6,51
2025-10-20,S7,P19,6,45
2025-10-21,S7,P19,11,34
2025-10-22,S7,P19,7,27
2025-10-23,S7,P19,5,22
2025-10-24,S7,P19,4,18
2025-10-25,S7,P19,9,108
2025-10-26,S7,P19,7,101
2025-10-27,S7,P19,5,96
2025-10-28,S7,P19,9,87
2025-10-29,S7,P19,5,82
2025-10-30,S7,P19,3,79
2025-10-31,S7,P19,4,75
2025-11-01,S7,P19,6,69
2025-11-02,S7,P19,5,64
2025-11-03,S7,P19,6,58
2025-11-04,S7,P19,14,44
2025-11-05,S7,P19,8,36
2025-11-06,S7,P19,4,32
2025-11-07,S7,P19,9,23
2025-11-08,S7,P19,6,17
2025-11-09,S7,P19,5,111
2025-11-10,S7,P19,5,106
2025-11-11,S7,P19,4,102
2025-11-12,S7,P19,4,98
2025-11-13,S7,P19,11,87
2025-11-14,S7,P19,10,77
2025-11-15,S7,P19,5,72
2025-11-16,S7,P19,3,69
2025-11-17,S7,P19,7,62
2025-11-18,S7,P19,9,53
2025-11-19,S7,P19,6,47
2025-11-20,S7,P19,6,41
2025-11-21,S7,P19,6,35
2025-11-22,S7,P19,7,28
2025-11-23,S7,P19,3,25
2025-11-24,S7,P19,5,20
2025-11-25,S7,P19,6,74
2025-11-26,S7,P19,2,72
2025-11-27,S7,P19,2,70
2025-11-28,S7,P19,5,65
2025-11-29,S7,P19,8,57
2025-11-30,S7,P19,3,54
2025-12-01,S7,P19,1,53
2025-12-02,S7,P19,6,47
2025-12-03,S7,P19,3,44
2025-12-04,S7,P19,7,37
2025-12-05,S7,P19,5,32
2025-12-06,S7,P19,4,28
2025-12-07,S7,P19,6,22
2025-12-08,S7,P19,4,18
2025-12-09,S7,P19,5,73
2025-12-10,S7,P19,9,64
2025-12-11,S7,P19,4,60
2025-12-12,S7,P19,4,56
2025-12-13,S7,P19,8,48
2025-12-14,S7,P19,5,43
2025-12-15,S7,P19,5,38
2025-12-16,S7,P19,6,32
2025-12-17,S7,P19,5,27
2025-12-18,S7,P19,3,24
2025-12-19,S7,P19,4,20
2025-12-20,S7,P19,5,94
2025-12-21,S7,P19,7,87
2025-12-22,S7,P19,2,85
2025-12-23,S7,P19,6,79
2025-12-24,S7,P19,4,75
2025-12-25,S7,P19,7,68
2025-12-26,S7,P19,6,62
2025-12-27,S7,P19,10,52
2025-12-28,S7,P19,7,45
2025-12-29,S7,P19,8,37
2025-12-30,S7,P19,4,33
2025-12-31,S7,P19,4,29
2026-01-01,S7,P19,7,22
2026-01-02,S7,P19,6,81
2026-01-03,S7,P19,6,75
2026-01-04,S7,P19,4,71
2026-01-05,S7,P19,9,62
2026-01-06,S7,P19,6,56
2026-01-07,S7,P19,6,50
2026-01-08,S7,P19,4,46
2026-01-09,S7,P19,5,41
2026-01-10,S7,P19,5,36
2026-01-11,S7,P19,7,29
2026-01-12,S7,P19,2,27
2026-01-13,S7,P19,6,21
2026-01-14,S7,P19,7,104
2026-01-15,S7,P19,7,97
2026-01-16,S7,P19,10,87
2026-01-17,S7,P19,11,76
2026-01-18,S7,P19,9,67
2026-01-19,S7,P19,6,61
2026-01-20,S7,P19,9,52
2026-01-21,S7,P19,13,39
2026-01-22,S7,P19,7,32
2026-01-23,S7,P19,4,28
2026-01-24,S7,P19,8,20
2026-01-25,S7,P19,7,111
2026-01-26,S7,P19,6,105
2026-01-27,S7,P19,5,100
2026-01-28,S7,P19,4,96
2026-01-29,S7,P19,2,94
2026-01-30,S7,P19,8,86
2026-01-31,S7,P19,4,82
2026-02-01,S7,P19,1,81
2026-02-02,S7,P19,0,81
2026-02-03,S7,P19,0,81
2026-02-04,S7,P19,1,80
2026-02-05,S7,P19,0,80
2026-02-06,S7,P19,0,80
2026-02-07,S7,P19,3,77
2026-02-08,S7,P19,0,77
2026-02-09,S7,P19,0,77
2026-02-10,S7,P19,2,75
2026-02-11,S7,P19,0,75
2026-02-12,S7,P19,0,75
2026-02-13,S7,P19,1,74
2026-02-14,S7,P19,1,73
2026-02-15,S7,P19,2,71
2026-02-16,S7,P19,1,70
2026-02-17,S7,P19,2,68
2026-02-18,S7,P19,3,65
2026-02-19,S7,P19,5,60
2026-02-20,S7,P19,2,58
2026-02-21,S7,P19,0,58
2026-02-22,S7,P19,0,58
2026-02-23,S7,P19,0,58
2026-02-24,S7,P19,0,58
2026-02-25,S7,P19,1,57
2026-02-26,S7,P19,1,56
2026-02-27,S7,P19,3,53
2026-02-28,S7,P19,2,51
2026-03-01,S7,P19,0,51
2026-03-02,S7,P19,1,50
2026-03-03,S7,P19,3,47
2026-03-04,S7,P19,0,47
2026-03-05,S7,P19,1,46
2026-03-06,S7,P19,2,44
2026-03-07,S7,P19,2,42
2026-03-08,S7,P19,0,42
2026-03-09,S7,P19,1,41
2026-03-10,S7,P19,2,39
2026-03-11,S7,P19,1,38
2026-03-12,S7,P19,1,37
2026-03-13,S7,P19,1,36
2026-03-14,S7,P19,0,36
2025-09-01,S7,P20,2,94
2025-09-02,S7,P20,1,93
2025-09-03,S7,P20,3,90
2025-09-04,S7,P20,0,90
2025-09-05,S7,P20,5,85
2025-09-06,S7,P20,2,83
2025-09-07,S7,P20,3,80
2025-09-08,S7,P20,8,72
2025-09-09,S7,P20,3,69
2025-09-10,S7,P20,4,65
2025-09-11,S7,P20,8,57
2025-09-12,S7,P20,5,52
2025-09-13,S7,P20,6,46
2025-09-14,S7,P20,5,41
2025-09-15,S7,P20,3,38
2025-09-16,S7,P20,4,34
2025-09-17,S7,P20,4,30
2025-09-18,S7,P20,7,23
2025-09-19,S7,P20,4,19
2025-09-20,S7,P20,8,11
2025-09-21,S7,P20,6,51
2025-09-22,S7,P20,3,48
2025-09-23,S7,P20,2,46
2025-09-24,S7,P20,4,42
2025-09-25,S7,P20,3,39
2025-09-26,S7,P20,8,31
2025-09-27,S7,P20,4,27
2025-09-28,S7,P20,4,23
2025-09-29,S7,P20,3,20
2025-09-30,S7,P20,5,15
2025-10-01,S7,P20,6,44
2025-10-02,S7,P20,7,37
2025-10-03,S7,P20,2,35
2025-10-04,S7,P20,3,32
2025-10-05,S7,P20,6,26
2025-10-06,S7,P20,2,24
2025-10-07,S7,P20,1,23
2025-10-08,S7,P20,4,19
2025-10-09,S7,P20,3,16
2025-10-10,S7,P20,3,13
2025-10-11,S7,P20,3,51
2025-10-12,S7,P20,4,47
2025-10-13,S7,P20,8,39
2025-10-14,S7,P20,3,36
2025-10-15,S7,P20,7,29
2025-10-16,S7,P20,1,28
2025-10-17,S7,P20,6,22
2025-10-18,S7,P20,3,19
2025-10-19,S7,P20,4,15
2025-10-20,S7,P20,3,12
2025-10-21,S7,P20,4,47
2025-10-22,S7,P20,4,43
2025-10-23,S7,P20,5,38
2025-10-24,S7,P20,3,35
2025-10-25,S7,P20,3,32
2025-10-26,S7,P20,4,28
2025-10-27,S7,P20,6,22
2025-10-28,S7,P20,4,18
2025-10-29,S7,P20,6,12
2025-10-30,S7,P20,7,65
2025-10-31,S7,P20,6,59
2025-11-01,S7,P20,2,57
2025-11-02,S7,P20,7,50
2025-11-03,S7,P20,3,47
2025-11-04,S7,P20,8,39
2025-11-05,S7,P20,3,36
2025-11-06,S7,P20,5,31
2025-11-07,S7,P20,7,24
2025-11-08,S7,P20,1,23
2025-11-09,S7,P20,6,17
2025-11-10,S7,P20,4,13
2025-11-11,S7,P20,1,12
2025-11-12,S7,P20,6,67
2025-11-13,S7,P20,9,58
2025-11-14,S7,P20,1,57
2025-11-15,S7,P20,11,46
2025-11-16,S7,P20,5,41
2025-11-17,S7,P20,3,38
2025-11-18,S7,P20,6,32
2025-11-19,S7,P20,2,30
2025-11-20,S7,P20,4,26
2025-11-21,S7,P20,7,19
2025-11-22,S7,P20,6,13
2025-11-23,S7,P20,3,82
2025-11-24,S7,P20,4,78
2025-11-25,S7,P20,3,75
2025-11-26,S7,P20,3,72
2025-11-27,S7,P20,3,69
2025-11-28,S7,P20,3,66
2025-11-29,S7,P20,6,60
2025-11-30,S7,P20,8,52
2025-12-01,S7,P20,6,46
2025-12-02,S7,P20,8,38
2025-12-03,S7,P20,3,35
2025-12-04,S7,P20,5,30
2025-12-05,S7,P20,7,23
2025-12-06,S7,P20,5,18
2025-12-07,S7,P20,7,11
2025-12-08,S7,P20,1,47
2025-12-09,S7,P20,2,45
2025-12-10,S7,P20,3,42
2025-12-11,S7,P20,3,39
2025-12-12,S7,P20,7,32
2025-12-13,S7,P20,2,30
2025-12-14,S7,P20,4,26
2025-12-15,S7,P20,4,22
2025-12-16,S7,P20,5,17
2025-12-17,S7,P20,3,14
2025-12-18,S7,P20,3,11
2025-12-19,S7,P20,0,11
2025-12-20,S7,P20,4,56
2025-12-21,S7,P20,2,54
2025-12-22,S7,P20,4,50
2025-12-23,S7,P20,4,46
2025-12-24,S7,P20,2,44
2025-12-25,S7,P20,4,40
2025-12-26,S7,P20,3,37
2025-12-27,S7,P20,4,33
2025-12-28,S7,P20,7,26
2025-12-29,S7,P20,3,23
2025-12-30,S7,P20,6,17
2025-12-31,S7,P20,9,66
2026-01-01,S7,P20,4,62
2026-01-02,S7,P20,5,57
2026-01-03,S7,P20,6,51
2026-01-04,S7,P20,4,47
2026-01-05,S7,P20,5,42
2026-01-06,S7,P20,6,36
2026-01-07,S7,P20,5,31
2026-01-08,S7,P20,5,26
2026-01-09,S7,P20,6,20
2026-01-10,S7,P20,2,18
2026-01-11,S7,P20,2,16
2026-01-12,S7,P20,3,13
2026-01-13,S7,P20,6,74
2026-01-14,S7,P20,2,72
2026-01-15,S7,P20,2,70
2026-01-16,S7,P20,6,64
2026-01-17,S7,P20,1,63
2026-01-18,S7,P20,4,59
2026-01-19,S7,P20,3,56
2026-01-20,S7,P20,5,51
2026-01-21,S7,P20,8,43
2026-01-22,S7,P20,5,38
2026-01-23,S7,P20,4,34
2026-01-24,S7,P20,3,31
2026-01-25,S7,P20,4,27
2026-01-26,S7,P20,3,24
2026-01-27,S7,P20,8,16
2026-01-28,S7,P20,3,13
2026-01-29,S7,P20,4,61
2026-01-30,S7,P20,4,57
2026-01-31,S7,P20,9,48
2026-02-01,S7,P20,1,47
2026-02-02,S7,P20,0,47
2026-02-03,S7,P20,3,44
2026-02-04,S7,P20,4,40
2026-02-05,S7,P20,7,33
2026-02-06,S7,P20,7,26
2026-02-07,S7,P20,5,21
2026-02-08,S7,P20,6,15
2026-02-09,S7,P20,3,12
2026-02-10,S7,P20,5,47
2026-02-11,S7,P20,4,43
2026-02-12,S7,P20,2,41
2026-02-13,S7,P20,3,38
2026-02-14,S7,P20,2,36
2026-02-15,S7,P20,2,34
2026-02-16,S7,P20,1,33
2026-02-17,S7,P20,0,33
2026-02-18,S7,P20,7,26
2026-02-19,S7,P20,2,24
2026-02-20,S7,P20,6,18
2026-02-21,S7,P20,7,11
2026-02-22,S7,P20,3,77
2026-02-23,S7,P20,3,74
2026-02-24,S7,P20,5,69
2026-02-25,S7,P20,2,67
2026-02-26,S7,P20,4,63
2026-02-27,S7,P20,6,57
2026-02-28,S7,P20,6,51
2026-03-01,S7,P20,4,47
2026-03-02,S7,P20,2,45
2026-03-03,S7,P20,6,39
2026-03-04,S7,P20,4,35
2026-03-05,S7,P20,3,32
2026-03-06,S7,P20,3,29
2026-03-07,S7,P20,5,24
2026-03-08,S7,P20,4,20
2026-03-09,S7,P20,0,20
2026-03-10,S7,P20,6,14
2026-03-11,S7,P20,2,12
2026-03-12,S7,P20,5,40
2026-03-13,S7,P20,6,34
2026-03-14,S7,P20,7,27
2025-09-01,S8,P1,4,116
2025-09-02,S8,P1,5,111
2025-09-03,S8,P1,8,103
2025-09-04,S8,P1,5,98
2025-09-05,S8,P1,5,93
2025-09-06,S8,P1,11,82
2025-09-07,S8,P1,4,78
2025-09-08,S8,P1,3,75
2025-09-09,S8,P1,10,65
2025-09-10,S8,P1,7,58
2025-09-11,S8,P1,7,51
2025-09-12,S8,P1,9,42
2025-09-13,S8,P1,12,30
2025-09-14,S8,P1,1,29
2025-09-15,S8,P1,1,28
2025-09-16,S8,P1,2,26
2025-09-17,S8,P1,5,21
2025-09-18,S8,P1,5,65
2025-09-19,S8,P1,7,58
2025-09-20,S8,P1,6,52
2025-09-21,S8,P1,7,45
2025-09-22,S8,P1,4,41
2025-09-23,S8,P1,5,36
2025-09-24,S8,P1,8,28
2025-09-25,S8,P1,4,24
2025-09-26,S8,P1,8,69
2025-09-27,S8,P1,6,63
2025-09-28,S8,P1,2,61
2025-09-29,S8,P1,1,60
2025-09-30,S8,P1,5,55
2025-10-01,S8,P1,3,52
2025-10-02,S8,P1,3,49
2025-10-03,S8,P1,7,42
2025-10-04,S8,P1,4,38
2025-10-05,S8,P1,5,33
2025-10-06,S8,P1,5,28
2025-10-07,S8,P1,3,25
2025-10-08,S8,P1,4,21
2025-10-09,S8,P1,5,112
2025-10-10,S8,P1,7,105
2025-10-11,S8,P1,5,100
2025-10-12,S8,P1,8,92
2025-10-13,S8,P1,4,88
2025-10-14,S8,P1,7,81
2025-10-15,S8,P1,10,71
2025-10-16,S8,P1,2,69
2025-10-17,S8,P1,9,60
2025-10-18,S8,P1,4,56
2025-10-19,S8,P1,3,53
2025-10-20,S8,P1,5,48
2025-10-21,S8,P1,3,45
2025-10-22,S8,P1,8,37
2025-10-23,S8,P1,12,25
2025-10-24,S8,P1,15,60
2025-10-25,S8,P1,8,52
2025-10-26,S8,P1,6,46
2025-10-27,S8,P1,4,42
2025-10-28,S8,P1,6,36
2025-10-29,S8,P1,5,31
2025-10-30,S8,P1,7,24
2025-10-31,S8,P1,7,17
2025-11-01,S8,P1,5,71
2025-11-02,S8,P1,6,65
2025-11-03,S8,P1,5,60
2025-11-04,S8,P1,7,53
2025-11-05,S8,P1,9,44
2025-11-06,S8,P1,6,38
2025-11-07,S8,P1,10,28
2025-11-08,S8,P1,8,20
2025-11-09,S8,P1,6,87
2025-11-10,S8,P1,11,76
2025-11-11,S8,P1,6,70
2025-11-12,S8,P1,5,65
2025-11-13,S8,P1,2,63
2025-11-14,S8,P1,8,55
2025-11-15,S8,P1,9,46
2025-11-16,S8,P1,5,41
2025-11-17,S8,P1,1,40
2025-11-18,S8,P1,9,31
2025-11-19,S8,P1,4,27
2025-11-20,S8,P1,4,23
2025-11-21,S8,P1,5,18
2025-11-22,S8,P1,4,96
2025-11-23,S8,P1,7,89
2025-11-24,S8,P1,3,86
2025-11-25,S8,P1,6,80
2025-11-26,S8,P1,5,75
2025-11-27,S8,P1,5,70
2025-11-28,S8,P1,7,63
2025-11-29,S8,P1,7,56
2025-11-30,S8,P1,5,51
2025-12-01,S8,P1,3,48
2025-12-02,S8,P1,5,43
2025-12-03,S8,P1,7,36
2025-12-04,S8,P1,7,29
2025-12-05,S8,P1,10,19
2025-12-06,S8,P1,3,81
2025-12-07,S8,P1,7,74
2025-12-08,S8,P1,6,68
2025-12-09,S8,P1,7,61
2025-12-10,S8,P1,6,55
2025-12-11,S8,P1,4,51
2025-12-12,S8,P1,7,44
2025-12-13,S8,P1,4,40
2025-12-14,S8,P1,3,37
2025-12-15,S8,P1,11,26
2025-12-16,S8,P1,2,24
2025-12-17,S8,P1,6,18
2025-12-18,S8,P1,3,90
2025-12-19,S8,P1,6,84
2025-12-20,S8,P1,8,76
2025-12-21,S8,P1,7,69
2025-12-22,S8,P1,3,66
2025-12-23,S8,P1,8,58
2025-12-24,S8,P1,10,48
2025-12-25,S8,P1,6,42
2025-12-26,S8,P1,8,34
2025-12-27,S8,P1,9,25
2025-12-28,S8,P1,6,19
2025-12-29,S8,P1,4,86
2025-12-30,S8,P1,2,84
2025-12-31,S8,P1,5,79
2026-01-01,S8,P1,2,77
2026-01-02,S8,P1,4,73
2026-01-03,S8,P1,7,66
2026-01-04,S8,P1,6,60
2026-01-05,S8,P1,6,54
2026-01-06,S8,P1,7,47
2026-01-07,S8,P1,4,43
2026-01-08,S8,P1,3,40
2026-01-09,S8,P1,9,31
2026-01-10,S8,P1,4,27
2026-01-11,S8,P1,2,25
2026-01-12,S8,P1,5,20
2026-01-13,S8,P1,4,100
2026-01-14,S8,P1,3,97
2026-01-15,S8,P1,10,87
2026-01-16,S8,P1,8,79
2026-01-17,S8,P1,6,73
2026-01-18,S8,P1,3,70
2026-01-19,S8,P1,5,65
2026-01-20,S8,P1,4,61
2026-01-21,S8,P1,6,55
2026-01-22,S8,P1,7,48
2026-01-23,S8,P1,7,41
2026-01-24,S8,P1,3,38
2026-01-25,S8,P1,6,32
2026-01-26,S8,P1,2,30
2026-01-27,S8,P1,9,21
2026-01-28,S8,P1,7,104
2026-01-29,S8,P1,3,101
2026-01-30,S8,P1,6,95
2026-01-31,S8,P1,5,90
2026-02-01,S8,P1,9,81
2026-02-02,S8,P1,2,79
2026-02-03,S8,P1,2,77
2026-02-04,S8,P1,5,72
2026-02-05,S8,P1,7,65
2026-02-06,S8,P1,10,55
2026-02-07,S8,P1,7,48
2026-02-08,S8,P1,6,42
2026-02-09,S8,P1,6,36
2026-02-10,S8,P1,7,29
2026-02-11,S8,P1,11,18
2026-02-12,S8,P1,6,76
2026-02-13,S8,P1,4,72
2026-02-14,S8,P1,3,69
2026-02-15,S8,P1,9,60
2026-02-16,S8,P1,4,56
2026-02-17,S8,P1,2,54
2026-02-18,S8,P1,7,47
2026-02-19,S8,P1,3,44
2026-02-20,S8,P1,6,38
2026-02-21,S8,P1,9,29
2026-02-22,S8,P1,3,26
2026-02-23,S8,P1,7,19
2026-02-24,S8,P1,1,18
2026-02-25,S8,P1,5,112
2026-02-26,S8,P1,7,105
2026-02-27,S8,P1,8,97
2026-02-28,S8,P1,6,91
2026-03-01,S8,P1,3,88
2026-03-02,S8,P1,6,82
2026-03-03,S8,P1,1,81
2026-03-04,S8,P1,8,73
2026-03-05,S8,P1,2,71
2026-03-06,S8,P1,8,63
2026-03-07,S8,P1,4,59
2026-03-08,S8,P1,4,55
2026-03-09,S8,P1,6,49
2026-03-10,S8,P1,6,43
2026-03-11,S8,P1,3,40
2026-03-12,S8,P1,7,33
2026-03-13,S8,P1,6,27
2026-03-14,S8,P1,9,18
2025-09-01,S8,P2,0,14
2025-09-02,S8,P2,0,14
2025-09-03,S8,P2,2,12
2025-09-04,S8,P2,0,12
2025-09-05,S8,P2,0,12
2025-09-06,S8,P2,1,11
2025-09-07,S8,P2,1,10
2025-09-08,S8,P2,2,8
2025-09-09,S8,P2,1,7
2025-09-10,S8,P2,1,6
2025-09-11,S8,P2,3,3
2025-09-12,S8,P2,3,10
2025-09-13,S8,P2,1,9
2025-09-14,S8,P2,2,7
2025-09-15,S8,P2,0,7
2025-09-16,S8,P2,1,6
2025-09-17,S8,P2,1,5
2025-09-18,S8,P2,0,5
2025-09-19,S8,P2,0,5
2025-09-20,S8,P2,4,11
2025-09-21,S8,P2,0,11
2025-09-22,S8,P2,0,11
2025-09-23,S8,P2,0,11
2025-09-24,S8,P2,2,9
2025-09-25,S8,P2,1,8
2025-09-26,S8,P2,1,7
2025-09-27,S8,P2,2,5
2025-09-28,S8,P2,2,3
2025-09-29,S8,P2,1,12
2025-09-30,S8,P2,2,10
2025-10-01,S8,P2,1,9
2025-10-02,S8,P2,0,9
2025-10-03,S8,P2,0,9
2025-10-04,S8,P2,0,9
2025-10-05,S8,P2,2,7
2025-10-06,S8,P2,1,6
2025-10-07,S8,P2,2,4
2025-10-08,S8,P2,1,3
2025-10-09,S8,P2,2,16
2025-10-10,S8,P2,0,16
2025-10-11,S8,P2,2,14
2025-10-12,S8,P2,0,14
2025-10-13,S8,P2,2,12
2025-10-14,S8,P2,1,11
2025-10-15,S8,P2,0,11
2025-10-16,S8,P2,1,10
2025-10-17,S8,P2,2,8
2025-10-18,S8,P2,1,7
2025-10-19,S8,P2,2,5
2025-10-20,S8,P2,1,4
2025-10-21,S8,P2,0,4
2025-10-22,S8,P2,0,4
2025-10-23,S8,P2,2,19
2025-10-24,S8,P2,3,16
2025-10-25,S8,P2,2,14
2025-10-26,S8,P2,1,13
2025-10-27,S8,P2,1,12
2025-10-28,S8,P2,1,11
2025-10-29,S8,P2,0,11
2025-10-30,S8,P2,1,10
2025-10-31,S8,P2,0,10
2025-11-01,S8,P2,2,8
2025-11-02,S8,P2,1,7
2025-11-03,S8,P2,1,6
2025-11-04,S8,P2,1,5
2025-11-05,S8,P2,0,5
2025-11-06,S8,P2,1,4
2025-11-07,S8,P2,0,4
2025-11-08,S8,P2,2,16
2025-11-09,S8,P2,1,15
2025-11-10,S8,P2,2,13
2025-11-11,S8,P2,0,13
2025-11-12,S8,P2,1,12
2025-11-13,S8,P2,2,10
2025-11-14,S8,P2,0,10
2025-11-15,S8,P2,1,9
2025-11-16,S8,P2,2,7
2025-11-17,S8,P2,0,7
2025-11-18,S8,P2,0,7
2025-11-19,S8,P2,2,5
2025-11-20,S8,P2,1,4
2025-11-21,S8,P2,2,18
2025-11-22,S8,P2,4,14
2025-11-23,S8,P2,1,13
2025-11-24,S8,P2,2,11
2025-11-25,S8,P2,1,10
2025-11-26,S8,P2,1,9
2025-11-27,S8,P2,2,7
2025-11-28,S8,P2,1,6
2025-11-29,S8,P2,0,6
2025-11-30,S8,P2,2,4
2025-12-01,S8,P2,0,4
2025-12-02,S8,P2,0,4
2025-12-03,S8,P2,1,3
2025-12-04,S8,P2,0,3
2025-12-05,S8,P2,0,3
2025-12-06,S8,P2,0,3
2025-12-07,S8,P2,3,14
2025-12-08,S8,P2,2,12
2025-12-09,S8,P2,1,11
2025-12-10,S8,P2,2,9
2025-12-11,S8,P2,2,7
2025-12-12,S8,P2,1,6
2025-12-13,S8,P2,0,6
2025-12-14,S8,P2,0,6
2025-12-15,S8,P2,1,5
2025-12-16,S8,P2,1,4
2025-12-17,S8,P2,1,3
2025-12-18,S8,P2,1,17
2025-12-19,S8,P2,0,17
2025-12-20,S8,P2,1,16
2025-12-21,S8,P2,1,15
2025-12-22,S8,P2,1,14
2025-12-23,S8,P2,0,14
2025-12-24,S8,P2,0,14
2025-12-25,S8,P2,0,14
2025-12-26,S8,P2,2,12
2025-12-27,S8,P2,4,8
2025-12-28,S8,P2,0,8
2025-12-29,S8,P2,0,8
2025-12-30,S8,P2,0,8
2025-12-31,S8,P2,0,8
2026-01-01,S8,P2,1,7
2026-01-02,S8,P2,0,7
2026-01-03,S8,P2,2,5
2026-01-04,S8,P2,0,5
2026-01-05,S8,P2,1,4
2026-01-06,S8,P2,1,3
2026-01-07,S8,P2,0,3
2026-01-08,S8,P2,0,3
2026-01-09,S8,P2,0,3
2026-01-10,S8,P2,2,12
2026-01-11,S8,P2,0,12
2026-01-12,S8,P2,0,12
2026-01-13,S8,P2,3,9
2026-01-14,S8,P2,1,8
2026-01-15,S8,P2,0,8
2026-01-16,S8,P2,0,8
2026-01-17,S8,P2,2,6
2026-01-18,S8,P2,0,6
2026-01-19,S8,P2,0,6
2026-01-20,S8,P2,1,5
2026-01-21,S8,P2,2,3
2026-01-22,S8,P2,1,17
2026-01-23,S8,P2,1,16
2026-01-24,S8,P2,1,15
2026-01-25,S8,P2,1,14
2026-01-26,S8,P2,1,13
2026-01-27,S8,P2,0,13
2026-01-28,S8,P2,1,12
2026-01-29,S8,P2,3,9
2026-01-30,S8,P2,1,8
2026-01-31,S8,P2,1,7
2026-02-01,S8,P2,2,5
2026-02-02,S8,P2,1,4
2026-02-03,S8,P2,0,4
2026-02-04,S8,P2,1,3
2026-02-05,S8,P2,0,3
2026-02-06,S8,P2,0,3
2026-02-07,S8,P2,0,3
2026-02-08,S8,P2,1,12
2026-02-09,S8,P2,2,10
2026-02-10,S8,P2,1,9
2026-02-11,S8,P2,1,8
2026-02-12,S8,P2,0,8
2026-02-13,S8,P2,1,7
2026-02-14,S8,P2,0,7
2026-02-15,S8,P2,0,7
2026-02-16,S8,P2,0,7
2026-02-17,S8,P2,2,5
2026-02-18,S8,P2,1,4
2026-02-19,S8,P2,0,4
2026-02-20,S8,P2,3,11
2026-02-21,S8,P2,2,9
2026-02-22,S8,P2,2,7
2026-02-23,S8,P2,1,6
2026-02-24,S8,P2,0,6
2026-02-25,S8,P2,2,4
2026-02-26,S8,P2,1,3
2026-02-27,S8,P2,2,11
2026-02-28,S8,P2,1,10
2026-03-01,S8,P2,1,9
2026-03-02,S8,P2,1,8
2026-03-03,S8,P2,0,8
2026-03-04,S8,P2,1,7
2026-03-05,S8,P2,0,7
2026-03-06,S8,P2,1,6
2026-03-07,S8,P2,2,4
2026-03-08,S8,P2,0,4
2026-03-09,S8,P2,1,3
2026-03-10,S8,P2,0,3
2026-03-11,S8,P2,0,3
2026-03-12,S8,P2,2,14
2026-03-13,S8,P2,0,14
2026-03-14,S8,P2,2,12
2025-09-01,S8,P3,1,47
2025-09-02,S8,P3,3,44
2025-09-03,S8,P3,5,39
2025-09-04,S8,P3,5,34
2025-09-05,S8,P3,4,30
2025-09-06,S8,P3,3,27
2025-09-07,S8,P3,2,25
2025-09-08,S8,P3,3,22
2025-09-09,S8,P3,6,16
2025-09-10,S8,P3,1,15
2025-09-11,S8,P3,2,13
2025-09-12,S8,P3,3,10
2025-09-13,S8,P3,8,47
2025-09-14,S8,P3,3,44
2025-09-15,S8,P3,4,40
2025-09-16,S8,P3,7,33
2025-09-17,S8,P3,0,33
2025-09-18,S8,P3,3,30
2025-09-19,S8,P3,1,29
2025-09-20,S8,P3,6,23
2025-09-21,S8,P3,3,20
2025-09-22,S8,P3,2,18
2025-09-23,S8,P3,10,58
2025-09-24,S8,P3,4,54
2025-09-25,S8,P3,2,52
2025-09-26,S8,P3,2,50
2025-09-27,S8,P3,2,48
2025-09-28,S8,P3,3,45
2025-09-29,S8,P3,3,42
2025-09-30,S8,P3,1,41
2025-10-01,S8,P3,1,40
2025-10-02,S8,P3,6,34
2025-10-03,S8,P3,7,27
2025-10-04,S8,P3,1,26
2025-10-05,S8,P3,6,20
2025-10-06,S8,P3,7,13
2025-10-07,S8,P3,1,12
2025-10-08,S8,P3,3,56
2025-10-09,S8,P3,5,51
2025-10-10,S8,P3,2,49
2025-10-11,S8,P3,3,46
2025-10-12,S8,P3,3,43
2025-10-13,S8,P3,2,41
2025-10-14,S8,P3,2,39
2025-10-15,S8,P3,8,31
2025-10-16,S8,P3,2,29
2025-10-17,S8,P3,4,25
2025-10-18,S8,P3,3,22
2025-10-19,S8,P3,2,20
2025-10-20,S8,P3,2,18
2025-10-21,S8,P3,2,16
2025-10-22,S8,P3,5,11
2025-10-23,S8,P3,4,39
2025-10-24,S8,P3,5,34
2025-10-25,S8,P3,5,29
2025-10-26,S8,P3,4,25
2025-10-27,S8,P3,5,20
2025-10-28,S8,P3,3,17
2025-10-29,S8,P3,4,13
2025-10-30,S8,P3,4,60
2025-10-31,S8,P3,5,55
2025-11-01,S8,P3,3,52
2025-11-02,S8,P3,4,48
2025-11-03,S8,P3,3,45
2025-11-04,S8,P3,10,35
2025-11-05,S8,P3,1,34
2025-11-06,S8,P3,2,32
2025-11-07,S8,P3,6,26
2025-11-08,S8,P3,6,20
2025-11-09,S8,P3,1,19
2025-11-10,S8,P3,2,17
2025-11-11,S8,P3,4,13
2025-11-12,S8,P3,4,69
2025-11-13,S8,P3,6,63
2025-11-14,S8,P3,3,60
2025-11-15,S8,P3,4,56
2025-11-16,S8,P3,4,52
2025-11-17,S8,P3,7,45
2025-11-18,S8,P3,3,42
2025-11-19,S8,P3,6,36
2025-11-20,S8,P3,5,31
2025-11-21,S8,P3,6,25
2025-11-22,S8,P3,5,20
2025-11-23,S8,P3,6,14
2025-11-24,S8,P3,4,10
2025-11-25,S8,P3,4,43
2025-11-26,S8,P3,3,40
2025-11-27,S8,P3,5,35
2025-11-28,S8,P3,8,27
2025-11-29,S8,P3,2,25
2025-11-30,S8,P3,6,19
2025-12-01,S8,P3,1,18
2025-12-02,S8,P3,3,15
2025-12-03,S8,P3,4,11
2025-12-04,S8,P3,4,53
2025-12-05,S8,P3,2,51
2025-12-06,S8,P3,5,46
2025-12-07,S8,P3,2,44
2025-12-08,S8,P3,3,41
2025-12-09,S8,P3,5,36
2025-12-10,S8,P3,3,33
2025-12-11,S8,P3,3,30
2025-12-12,S8,P3,7,23
2025-12-13,S8,P3,5,18
2025-12-14,S8,P3,6,12
2025-12-15,S8,P3,2,10
2025-12-16,S8,P3,2,42
2025-12-17,S8,P3,8,34
2025-12-18,S8,P3,5,29
2025-12-19,S8,P3,3,26
2025-12-20,S8,P3,1,25
2025-12-21,S8,P3,0,25
2025-12-22,S8,P3,2,23
2025-12-23,S8,P3,1,22
2025-12-24,S8,P3,4,18
2025-12-25,S8,P3,6,12
2025-12-26,S8,P3,3,70
2025-12-27,S8,P3,5,65
2025-12-28,S8,P3,4,61
2025-12-29,S8,P3,3,58
2025-12-30,S8,P3,1,57
2025-12-31,S8,P3,3,54
2026-01-01,S8,P3,4,50
2026-01-02,S8,P3,4,46
2026-01-03,S8,P3,9,37
2026-01-04,S8,P3,3,34
2026-01-05,S8,P3,5,29
2026-01-06,S8,P3,1,28
2026-01-07,S8,P3,3,25
2026-01-08,S8,P3,6,19
2026-01-09,S8,P3,2,17
2026-01-10,S8,P3,3,14
2026-01-11,S8,P3,5,39
2026-01-12,S8,P3,3,36
2026-01-13,S8,P3,5,31
2026-01-14,S8,P3,6,25
2026-01-15,S8,P3,5,20
2026-01-16,S8,P3,7,13
2026-01-17,S8,P3,5,43
2026-01-18,S8,P3,2,41
2026-01-19,S8,P3,6,35
2026-01-20,S8,P3,5,30
2026-01-21,S8,P3,3,27
2026-01-22,S8,P3,2,25
2026-01-23,S8,P3,4,21
2026-01-24,S8,P3,6,15
2026-01-25,S8,P3,3,12
2026-01-26,S8,P3,3,52
2026-01-27,S8,P3,1,51
2026-01-28,S8,P3,7,44
2026-01-29,S8,P3,5,39
2026-01-30,S8,P3,5,34
2026-01-31,S8,P3,3,31
2026-02-01,S8,P3,4,27
2026-02-02,S8,P3,4,23
2026-02-03,S8,P3,2,21
2026-02-04,S8,P3,4,17
2026-02-05,S8,P3,0,17
2026-02-06,S8,P3,5,12
2026-02-07,S8,P3,4,52
2026-02-08,S8,P3,6,46
2026-02-09,S8,P3,2,44
2026-02-10,S8,P3,5,39
2026-02-11,S8,P3,4,35
2026-02-12,S8,P3,6,29
2026-02-13,S8,P3,3,26
2026-02-14,S8,P3,2,24
2026-02-15,S8,P3,2,22
2026-02-16,S8,P3,6,16
2026-02-17,S8,P3,4,12
2026-02-18,S8,P3,7,56
2026-02-19,S8,P3,4,52
2026-02-20,S8,P3,6,46
2026-02-21,S8,P3,6,40
2026-02-22,S8,P3,1,39
2026-02-23,S8,P3,2,37
2026-02-24,S8,P3,2,35
2026-02-25,S8,P3,4,31
2026-02-26,S8,P3,4,27
2026-02-27,S8,P3,8,19
2026-02-28,S8,P3,3,16
2026-03-01,S8,P3,5,11
2026-03-02,S8,P3,1,10
2026-03-03,S8,P3,2,46
2026-03-04,S8,P3,2,44
2026-03-05,S8,P3,3,41
2026-03-06,S8,P3,4,37
2026-03-07,S8,P3,3,34
2026-03-08,S8,P3,3,31
2026-03-09,S8,P3,2,29
2026-03-10,S8,P3,3,26
2026-03-11,S8,P3,3,23
2026-03-12,S8,P3,4,19
2026-03-13,S8,P3,3,16
2026-03-14,S8,P3,4,12
2025-09-01,S8,P4,2,38
2025-09-02,S8,P4,4,34
2025-09-03,S8,P4,2,32
2025-09-04,S8,P4,0,32
2025-09-05,S8,P4,1,31
2025-09-06,S8,P4,2,29
2025-09-07,S8,P4,0,29
2025-09-08,S8,P4,0,29
2025-09-09,S8,P4,1,28
2025-09-10,S8,P4,2,26
2025-09-11,S8,P4,2,24
2025-09-12,S8,P4,4,20
2025-09-13,S8,P4,1,19
2025-09-14,S8,P4,3,16
2025-09-15,S8,P4,1,15
2025-09-16,S8,P4,4,11
2025-09-17,S8,P4,1,10
2025-09-18,S8,P4,1,9
2025-09-19,S8,P4,3,6
2025-09-20,S8,P4,4,25
2025-09-21,S8,P4,2,23
2025-09-22,S8,P4,2,21
2025-09-23,S8,P4,0,21
2025-09-24,S8,P4,3,18
2025-09-25,S8,P4,4,14
2025-09-26,S8,P4,2,12
2025-09-27,S8,P4,1,11
2025-09-28,S8,P4,1,10
2025-09-29,S8,P4,0,10
2025-09-30,S8,P4,0,10
2025-10-01,S8,P4,1,9
2025-10-02,S8,P4,2,7
2025-10-03,S8,P4,2,5
2025-10-04,S8,P4,3,34
2025-10-05,S8,P4,3,31
2025-10-06,S8,P4,2,29
2025-10-07,S8,P4,5,24
2025-10-08,S8,P4,4,20
2025-10-09,S8,P4,1,19
2025-10-10,S8,P4,1,18
2025-10-11,S8,P4,3,15
2025-10-12,S8,P4,0,15
2025-10-13,S8,P4,1,14
2025-10-14,S8,P4,1,13
2025-10-15,S8,P4,2,11
2025-10-16,S8,P4,0,11
2025-10-17,S8,P4,2,9
2025-10-18,S8,P4,3,6
2025-10-19,S8,P4,2,23
2025-10-20,S8,P4,0,23
2025-10-21,S8,P4,2,21
2025-10-22,S8,P4,0,21
2025-10-23,S8,P4,5,16
2025-10-24,S8,P4,2,14
2025-10-25,S8,P4,2,12
2025-10-26,S8,P4,1,11
2025-10-27,S8,P4,0,11
2025-10-28,S8,P4,2,9
2025-10-29,S8,P4,4,5
2025-10-30,S8,P4,1,38
2025-10-31,S8,P4,2,36
2025-11-01,S8,P4,1,35
2025-11-02,S8,P4,1,34
2025-11-03,S8,P4,2,32
2025-11-04,S8,P4,1,31
2025-11-05,S8,P4,2,29
2025-11-06,S8,P4,1,28
2025-11-07,S8,P4,1,27
2025-11-08,S8,P4,0,27
2025-11-09,S8,P4,1,26
2025-11-10,S8,P4,1,25
2025-11-11,S8,P4,0,25
2025-11-12,S8,P4,2,23
2025-11-13,S8,P4,4,19
2025-11-14,S8,P4,2,17
2025-11-15,S8,P4,0,17
2025-11-16,S8,P4,5,12
2025-11-17,S8,P4,1,11
2025-11-18,S8,P4,1,10
2025-11-19,S8,P4,2,8
2025-11-20,S8,P4,0,8
2025-11-21,S8,P4,5,31
2025-11-22,S8,P4,4,27
2025-11-23,S8,P4,1,26
2025-11-24,S8,P4,1,25
2025-11-25,S8,P4,1,24
2025-11-26,S8,P4,2,22
2025-11-27,S8,P4,1,21
2025-11-28,S8,P4,1,20
2025-11-29,S8,P4,3,17
2025-11-30,S8,P4,1,16
2025-12-01,S8,P4,2,14
2025-12-02,S8,P4,1,13
2025-12-03,S8,P4,2,11
2025-12-04,S8,P4,3,8
2025-12-05,S8,P4,4,26
2025-12-06,S8,P4,1,25
2025-12-07,S8,P4,2,23
2025-12-08,S8,P4,6,17
2025-12-09,S8,P4,0,17
2025-12-10,S8,P4,2,15
2025-12-11,S8,P4,1,14
2025-12-12,S8,P4,2,12
2025-12-13,S8,P4,3,9
2025-12-14,S8,P4,0,9
2025-12-15,S8,P4,2,7
2025-12-16,S8,P4,2,5
2025-12-17,S8,P4,3,19
2025-12-18,S8,P4,1,18
2025-12-19,S8,P4,0,18
2025-12-20,S8,P4,2,16
2025-12-21,S8,P4,3,13
2025-12-22,S8,P4,2,11
2025-12-23,S8,P4,2,9
2025-12-24,S8,P4,3,6
2025-12-25,S8,P4,2,26
2025-12-26,S8,P4,0,26
2025-12-27,S8,P4,2,24
2025-12-28,S8,P4,4,20
2025-12-29,S8,P4,0,20
2025-12-30,S8,P4,2,18
2025-12-31,S8,P4,2,16
2026-01-01,S8,P4,1,15
2026-01-02,S8,P4,1,14
2026-01-03,S8,P4,3,11
2026-01-04,S8,P4,1,10
2026-01-05,S8,P4,0,10
2026-01-06,S8,P4,6,36
2026-01-07,S8,P4,4,32
2026-01-08,S8,P4,3,29
2026-01-09,S8,P4,3,26
2026-01-10,S8,P4,1,25
2026-01-11,S8,P4,2,23
2026-01-12,S8,P4,5,18
2026-01-13,S8,P4,0,18
2026-01-14,S8,P4,0,18
2026-01-15,S8,P4,4,14
2026-01-16,S8,P4,2,12
2026-01-17,S8,P4,0,12
2026-01-18,S8,P4,1,11
2026-01-19,S8,P4,0,11
2026-01-20,S8,P4,3,8
2026-01-21,S8,P4,2,6
2026-01-22,S8,P4,1,5
2026-01-23,S8,P4,3,22
2026-01-24,S8,P4,0,22
2026-01-25,S8,P4,3,19
2026-01-26,S8,P4,2,17
2026-01-27,S8,P4,1,16
2026-01-28,S8,P4,3,13
2026-01-29,S8,P4,1,12
2026-01-30,S8,P4,0,12
2026-01-31,S8,P4,1,11
2026-02-01,S8,P4,2,9
2026-02-02,S8,P4,0,9
2026-02-03,S8,P4,5,30
2026-02-04,S8,P4,5,25
2026-02-05,S8,P4,3,22
2026-02-06,S8,P4,4,18
2026-02-07,S8,P4,5,13
2026-02-08,S8,P4,3,10
2026-02-09,S8,P4,1,9
2026-02-10,S8,P4,1,8
2026-02-11,S8,P4,2,6
2026-02-12,S8,P4,5,31
2026-02-13,S8,P4,2,29
2026-02-14,S8,P4,3,26
2026-02-15,S8,P4,0,26
2026-02-16,S8,P4,1,25
2026-02-17,S8,P4,1,24
2026-02-18,S8,P4,1,23
2026-02-19,S8,P4,1,22
2026-02-20,S8,P4,1,21
2026-02-21,S8,P4,2,19
2026-02-22,S8,P4,3,16
2026-02-23,S8,P4,3,13
2026-02-24,S8,P4,1,12
2026-02-25,S8,P4,2,10
2026-02-26,S8,P4,3,7
2026-02-27,S8,P4,2,5
2026-02-28,S8,P4,1,37
2026-03-01,S8,P4,2,35
2026-03-02,S8,P4,2,33
2026-03-03,S8,P4,2,31
2026-03-04,S8,P4,1,30
2026-03-05,S8,P4,2,28
2026-03-06,S8,P4,1,27
2026-03-07,S8,P4,1,26
2026-03-08,S8,P4,2,24
2026-03-09,S8,P4,2,22
2026-03-10,S8,P4,4,18
2026-03-11,S8,P4,2,16
2026-03-12,S8,P4,1,15
2026-03-13,S8,P4,1,14
2026-03-14,S8,P4,1,13
2025-09-01,S8,P5,3,27
2025-09-02,S8,P5,4,23
2025-09-03,S8,P5,4,19
2025-09-04,S8,P5,1,18
2025-09-05,S8,P5,3,15
2025-09-06,S8,P5,3,12
2025-09-07,S8,P5,3,9
2025-09-08,S8,P5,3,6
2025-09-09,S8,P5,3,27
2025-09-10,S8,P5,2,25
2025-09-11,S8,P5,2,23
2025-09-12,S8,P5,3,20
2025-09-13,S8,P5,8,12
2025-09-14,S8,P5,1,11
2025-09-15,S8,P5,0,11
2025-09-16,S8,P5,5,6
2025-09-17,S8,P5,1,5
2025-09-18,S8,P5,3,29
2025-09-19,S8,P5,1,28
2025-09-20,S8,P5,1,27
2025-09-21,S8,P5,3,24
2025-09-22,S8,P5,3,21
2025-09-23,S8,P5,3,18
2025-09-24,S8,P5,1,17
2025-09-25,S8,P5,3,14
2025-09-26,S8,P5,2,12
2025-09-27,S8,P5,3,9
2025-09-28,S8,P5,1,8
2025-09-29,S8,P5,5,26
2025-09-30,S8,P5,5,21
2025-10-01,S8,P5,4,17
2025-10-02,S8,P5,2,15
2025-10-03,S8,P5,2,13
2025-10-04,S8,P5,1,12
2025-10-05,S8,P5,0,12
2025-10-06,S8,P5,1,11
2025-10-07,S8,P5,1,10
2025-10-08,S8,P5,6,22
2025-10-09,S8,P5,3,19
2025-10-10,S8,P5,2,17
2025-10-11,S8,P5,1,16
2025-10-12,S8,P5,1,15
2025-10-13,S8,P5,1,14
2025-10-14,S8,P5,0,14
2025-10-15,S8,P5,0,14
2025-10-16,S8,P5,2,12
2025-10-17,S8,P5,3,9
2025-10-18,S8,P5,4,5
2025-10-19,S8,P5,0,5
2025-10-20,S8,P5,2,29
2025-10-21,S8,P5,3,26
2025-10-22,S8,P5,1,25
2025-10-23,S8,P5,1,24
2025-10-24,S8,P5,1,23
2025-10-25,S8,P5,3,20
2025-10-26,S8,P5,3,17
2025-10-27,S8,P5,1,16
2025-10-28,S8,P5,1,15
2025-10-29,S8,P5,2,13
2025-10-30,S8,P5,1,12
2025-10-31,S8,P5,0,12
2025-11-01,S8,P5,1,11
2025-11-02,S8,P5,2,9
2025-11-03,S8,P5,0,9
2025-11-04,S8,P5,2,7
2025-11-05,S8,P5,1,6
2025-11-06,S8,P5,2,21
2025-11-07,S8,P5,2,19
2025-11-08,S8,P5,6,13
2025-11-09,S8,P5,1,12
2025-11-10,S8,P5,3,9
2025-11-11,S8,P5,0,9
2025-11-12,S8,P5,1,8
2025-11-13,S8,P5,3,5
2025-11-14,S8,P5,1,27
2025-11-15,S8,P5,2,25
2025-11-16,S8,P5,2,23
2025-11-17,S8,P5,0,23
2025-11-18,S8,P5,1,22
2025-11-19,S8,P5,0,22
2025-11-20,S8,P5,3,19
2025-11-21,S8,P5,2,17
2025-11-22,S8,P5,1,16
2025-11-23,S8,P5,0,16
2025-11-24,S8,P5,3,13
2025-11-25,S8,P5,2,11
2025-11-26,S8,P5,0,11
2025-11-27,S8,P5,0,11
2025-11-28,S8,P5,2,9
2025-11-29,S8,P5,2,7
2025-11-30,S8,P5,3,25
2025-12-01,S8,P5,1,24
2025-12-02,S8,P5,0,24
2025-12-03,S8,P5,3,21
2025-12-04,S8,P5,0,21
2025-12-05,S8,P5,2,19
2025-12-06,S8,P5,4,15
2025-12-07,S8,P5,2,13
2025-12-08,S8,P5,2,11
2025-12-09,S8,P5,2,9
2025-12-10,S8,P5,0,9
2025-12-11,S8,P5,4,5
2025-12-12,S8,P5,5,31
2025-12-13,S8,P5,3,28
2025-12-14,S8,P5,1,27
2025-12-15,S8,P5,4,23
2025-12-16,S8,P5,0,23
2025-12-17,S8,P5,1,22
2025-12-18,S8,P5,7,15
2025-12-19,S8,P5,2,13
2025-12-20,S8,P5,0,13
2025-12-21,S8,P5,2,11
2025-12-22,S8,P5,4,7
2025-12-23,S8,P5,3,34
2025-12-24,S8,P5,4,30
2025-12-25,S8,P5,0,30
2025-12-26,S8,P5,2,28
2025-12-27,S8,P5,3,25
2025-12-28,S8,P5,2,23
2025-12-29,S8,P5,1,22
2025-12-30,S8,P5,1,21
2025-12-31,S8,P5,2,19
2026-01-01,S8,P5,2,17
2026-01-02,S8,P5,3,14
2026-01-03,S8,P5,1,13
2026-01-04,S8,P5,0,13
2026-01-05,S8,P5,1,12
2026-01-06,S8,P5,0,12
2026-01-07,S8,P5,0,12
2026-01-08,S8,P5,2,10
2026-01-09,S8,P5,5,5
2026-01-10,S8,P5,3,24
2026-01-11,S8,P5,1,23
2026-01-12,S8,P5,2,21
2026-01-13,S8,P5,1,20
2026-01-14,S8,P5,3,17
2026-01-15,S8,P5,2,15
2026-01-16,S8,P5,4,11
2026-01-17,S8,P5,1,10
2026-01-18,S8,P5,3,7
2026-01-19,S8,P5,3,22
2026-01-20,S8,P5,2,20
2026-01-21,S8,P5,2,18
2026-01-22,S8,P5,3,15
2026-01-23,S8,P5,3,12
2026-01-24,S8,P5,0,12
2026-01-25,S8,P5,1,11
2026-01-26,S8,P5,1,10
2026-01-27,S8,P5,1,9
2026-01-28,S8,P5,5,36
2026-01-29,S8,P5,1,35
2026-01-30,S8,P5,1,34
2026-01-31,S8,P5,6,28
2026-02-01,S8,P5,1,27
2026-02-02,S8,P5,0,27
2026-02-03,S8,P5,0,27
2026-02-04,S8,P5,2,25
2026-02-05,S8,P5,2,23
2026-02-06,S8,P5,3,20
2026-02-07,S8,P5,2,18
2026-02-08,S8,P5,2,16
2026-02-09,S8,P5,4,12
2026-02-10,S8,P5,1,11
2026-02-11,S8,P5,0,11
2026-02-12,S8,P5,4,7
2026-02-13,S8,P5,1,6
2026-02-14,S8,P5,2,37
2026-02-15,S8,P5,1,36
2026-02-16,S8,P5,2,34
2026-02-17,S8,P5,1,33
2026-02-18,S8,P5,0,33
2026-02-19,S8,P5,2,31
2026-02-20,S8,P5,1,30
2026-02-21,S8,P5,2,28
2026-02-22,S8,P5,2,26
2026-02-23,S8,P5,0,26
2026-02-24,S8,P5,4,22
2026-02-25,S8,P5,3,19
2026-02-26,S8,P5,0,19
2026-02-27,S8,P5,1,18
2026-02-28,S8,P5,4,14
2026-03-01,S8,P5,2,12
2026-03-02,S8,P5,3,9
2026-03-03,S8,P5,2,7
2026-03-04,S8,P5,2,5
2026-03-05,S8,P5,0,5
2026-03-06,S8,P5,4,20
2026-03-07,S8,P5,2,18
2026-03-08,S8,P5,5,13
2026-03-09,S8,P5,0,13
2026-03-10,S8,P5,2,11
2026-03-11,S8,P5,1,10
2026-03-12,S8,P5,1,9
2026-03-13,S8,P5,4,5
2026-03-14,S8,P5,4,19
2025-09-01,S8,P6,4,141
2025-09-02,S8,P6,8,133
2025-09-03,S8,P6,4,129
2025-09-04,S8,P6,6,123
2025-09-05,S8,P6,6,117
2025-09-06,S8,P6,9,108
2025-09-07,S8,P6,11,97
2025-09-08,S8,P6,4,93
2025-09-09,S8,P6,11,82
2025-09-10,S8,P6,4,78
2025-09-11,S8,P6,5,73
2025-09-12,S8,P6,7,66
2025-09-13,S8,P6,9,57
2025-09-14,S8,P6,1,56
2025-09-15,S8,P6,9,47
2025-09-16,S8,P6,10,37
2025-09-17,S8,P6,7,30
2025-09-18,S8,P6,5,25
2025-09-19,S8,P6,11,113
2025-09-20,S8,P6,7,106
2025-09-21,S8,P6,6,100
2025-09-22,S8,P6,3,97
2025-09-23,S8,P6,9,88
2025-09-24,S8,P6,4,84
2025-09-25,S8,P6,6,78
2025-09-26,S8,P6,5,73
2025-09-27,S8,P6,7,66
2025-09-28,S8,P6,6,60
2025-09-29,S8,P6,6,54
2025-09-30,S8,P6,7,47
2025-10-01,S8,P6,8,39
2025-10-02,S8,P6,8,31
2025-10-03,S8,P6,8,23
2025-10-04,S8,P6,11,97
2025-10-05,S8,P6,7,90
2025-10-06,S8,P6,12,78
2025-10-07,S8,P6,5,73
2025-10-08,S8,P6,3,70
2025-10-09,S8,P6,7,63
2025-10-10,S8,P6,3,60
2025-10-11,S8,P6,9,51
2025-10-12,S8,P6,3,48
2025-10-13,S8,P6,13,35
2025-10-14,S8,P6,9,26
2025-10-15,S8,P6,7,19
2025-10-16,S8,P6,7,110
2025-10-17,S8,P6,7,103
2025-10-18,S8,P6,9,94
2025-10-19,S8,P6,7,87
2025-10-20,S8,P6,11,76
2025-10-21,S8,P6,7,69
2025-10-22,S8,P6,10,59
2025-10-23,S8,P6,5,54
2025-10-24,S8,P6,13,41
2025-10-25,S8,P6,10,31
2025-10-26,S8,P6,7,24
2025-10-27,S8,P6,8,96
2025-10-28,S8,P6,4,92
2025-10-29,S8,P6,5,87
2025-10-30,S8,P6,6,81
2025-10-31,S8,P6,9,72
2025-11-01,S8,P6,4,68
2025-11-02,S8,P6,6,62
2025-11-03,S8,P6,8,54
2025-11-04,S8,P6,3,51
2025-11-05,S8,P6,8,43
2025-11-06,S8,P6,12,31
2025-11-07,S8,P6,9,22
2025-11-08,S8,P6,8,132
2025-11-09,S8,P6,8,124
2025-11-10,S8,P6,5,119
2025-11-11,S8,P6,9,110
2025-11-12,S8,P6,6,104
2025-11-13,S8,P6,5,99
2025-11-14,S8,P6,11,88
2025-11-15,S8,P6,6,82
2025-11-16,S8,P6,9,73
2025-11-17,S8,P6,17,56
2025-11-18,S8,P6,7,49
2025-11-19,S8,P6,2,47
2025-11-20,S8,P6,6,41
2025-11-21,S8,P6,10,31
2025-11-22,S8,P6,3,28
2025-11-23,S8,P6,4,24
2025-11-24,S8,P6,8,94
2025-11-25,S8,P6,8,86
2025-11-26,S8,P6,9,77
2025-11-27,S8,P6,10,67
2025-11-28,S8,P6,10,57
2025-11-29,S8,P6,4,53
2025-11-30,S8,P6,5,48
2025-12-01,S8,P6,9,39
2025-12-02,S8,P6,8,31
2025-12-03,S8,P6,8,23
2025-12-04,S8,P6,9,112
2025-12-05,S8,P6,7,105
2025-12-06,S8,P6,10,95
2025-12-07,S8,P6,5,90
2025-12-08,S8,P6,14,76
2025-12-09,S8,P6,3,73
2025-12-10,S8,P6,7,66
2025-12-11,S8,P6,7,59
2025-12-12,S8,P6,4,55
2025-12-13,S8,P6,8,47
2025-12-14,S8,P6,5,42
2025-12-15,S8,P6,5,37
2025-12-16,S8,P6,7,30
2025-12-17,S8,P6,5,25
2025-12-18,S8,P6,6,19
2025-12-19,S8,P6,9,109
2025-12-20,S8,P6,6,103
2025-12-21,S8,P6,7,96
2025-12-22,S8,P6,9,87
2025-12-23,S8,P6,7,80
2025-12-24,S8,P6,5,75
2025-12-25,S8,P6,6,69
2025-12-26,S8,P6,6,63
2025-12-27,S8,P6,6,57
2025-12-28,S8,P6,7,50
2025-12-29,S8,P6,7,43
2025-12-30,S8,P6,12,31
2025-12-31,S8,P6,10,21
2026-01-01,S8,P6,8,84
2026-01-02,S8,P6,10,74
2026-01-03,S8,P6,8,66
2026-01-04,S8,P6,10,56
2026-01-05,S8,P6,8,48
2026-01-06,S8,P6,6,42
2026-01-07,S8,P6,4,38
2026-01-08,S8,P6,6,32
2026-01-09,S8,P6,4,28
2026-01-10,S8,P6,10,116
2026-01-11,S8,P6,8,108
2026-01-12,S8,P6,4,104
2026-01-13,S8,P6,4,100
2026-01-14,S8,P6,6,94
2026-01-15,S8,P6,12,82
2026-01-16,S8,P6,10,72
2026-01-17,S8,P6,7,65
2026-01-18,S8,P6,9,56
2026-01-19,S8,P6,6,50
2026-01-20,S8,P6,1,49
2026-01-21,S8,P6,10,39
2026-01-22,S8,P6,6,33
2026-01-23,S8,P6,5,28
2026-01-24,S8,P6,6,22
2026-01-25,S8,P6,4,117
2026-01-26,S8,P6,5,112
2026-01-27,S8,P6,6,106
2026-01-28,S8,P6,3,103
2026-01-29,S8,P6,7,96
2026-01-30,S8,P6,4,92
2026-01-31,S8,P6,7,85
2026-02-01,S8,P6,10,75
2026-02-02,S8,P6,5,70
2026-02-03,S8,P6,7,63
2026-02-04,S8,P6,5,58
2026-02-05,S8,P6,6,52
2026-02-06,S8,P6,11,41
2026-02-07,S8,P6,3,38
2026-02-08,S8,P6,6,32
2026-02-09,S8,P6,3,29
2026-02-10,S8,P6,9,20
2026-02-11,S8,P6,7,79
2026-02-12,S8,P6,2,77
2026-02-13,S8,P6,3,74
2026-02-14,S8,P6,10,64
2026-02-15,S8,P6,4,60
2026-02-16,S8,P6,6,54
2026-02-17,S8,P6,2,52
2026-02-18,S8,P6,4,48
2026-02-19,S8,P6,5,43
2026-02-20,S8,P6,7,36
2026-02-21,S8,P6,6,30
2026-02-22,S8,P6,5,25
2026-02-23,S8,P6,1,24
2026-02-24,S8,P6,3,21
2026-02-25,S8,P6,9,80
2026-02-26,S8,P6,12,68
2026-02-27,S8,P6,8,60
2026-02-28,S8,P6,8,52
2026-03-01,S8,P6,8,44
2026-03-02,S8,P6,4,40
2026-03-03,S8,P6,9,31
2026-03-04,S8,P6,4,27
2026-03-05,S8,P6,6,21
2026-03-06,S8,P6,3,114
2026-03-07,S8,P6,5,109
2026-03-08,S8,P6,12,97
2026-03-09,S8,P6,11,86
2026-03-10,S8,P6,8,78
2026-03-11,S8,P6,7,71
2026-03-12,S8,P6,5,66
2026-03-13,S8,P6,5,61
2026-03-14,S8,P6,8,53
2025-09-01,S8,P7,8,100
2025-09-02,S8,P7,5,95
2025-09-03,S8,P7,4,91
2025-09-04,S8,P7,11,80
2025-09-05,S8,P7,9,71
2025-09-06,S8,P7,6,65
2025-09-07,S8,P7,9,56
2025-09-08,S8,P7,7,49
2025-09-09,S8,P7,6,43
2025-09-10,S8,P7,12,31
2025-09-11,S8,P7,6,25
2025-09-12,S8,P7,10,89
2025-09-13,S8,P7,5,84
2025-09-14,S8,P7,6,78
2025-09-15,S8,P7,10,68
2025-09-16,S8,P7,8,60
2025-09-17,S8,P7,9,51
2025-09-18,S8,P7,4,47
2025-09-19,S8,P7,4,43
2025-09-20,S8,P7,8,35
2025-09-21,S8,P7,10,25
2025-09-22,S8,P7,4,154
2025-09-23,S8,P7,7,147
2025-09-24,S8,P7,7,140
2025-09-25,S8,P7,6,134
2025-09-26,S8,P7,11,123
2025-09-27,S8,P7,7,116
2025-09-28,S8,P7,12,104
2025-09-29,S8,P7,5,99
2025-09-30,S8,P7,5,94
2025-10-01,S8,P7,4,90
2025-10-02,S8,P7,8,82
2025-10-03,S8,P7,4,78
2025-10-04,S8,P7,7,71
2025-10-05,S8,P7,10,61
2025-10-06,S8,P7,11,50
2025-10-07,S8,P7,7,43
2025-10-08,S8,P7,10,33
2025-10-09,S8,P7,5,28
2025-10-10,S8,P7,16,105
2025-10-11,S8,P7,11,94
2025-10-12,S8,P7,5,89
2025-10-13,S8,P7,13,76
2025-10-14,S8,P7,7,69
2025-10-15,S8,P7,6,63
2025-10-16,S8,P7,4,59
2025-10-17,S8,P7,9,50
2025-10-18,S8,P7,9,41
2025-10-19,S8,P7,3,38
2025-10-20,S8,P7,4,34
2025-10-21,S8,P7,11,23
2025-10-22,S8,P7,7,133
2025-10-23,S8,P7,9,124
2025-10-24,S8,P7,11,113
2025-10-25,S8,P7,11,102
2025-10-26,S8,P7,6,96
2025-10-27,S8,P7,7,89
2025-10-28,S8,P7,10,79
2025-10-29,S8,P7,9,70
2025-10-30,S8,P7,8,62
2025-10-31,S8,P7,7,55
2025-11-01,S8,P7,9,46
2025-11-02,S8,P7,9,37
2025-11-03,S8,P7,6,31
2025-11-04,S8,P7,5,26
2025-11-05,S8,P7,8,79
2025-11-06,S8,P7,14,65
2025-11-07,S8,P7,6,59
2025-11-08,S8,P7,9,50
2025-11-09,S8,P7,7,43
2025-11-10,S8,P7,6,37
2025-11-11,S8,P7,9,28
2025-11-12,S8,P7,9,93
2025-11-13,S8,P7,5,88
2025-11-14,S8,P7,14,74
2025-11-15,S8,P7,5,69
2025-11-16,S8,P7,8,61
2025-11-17,S8,P7,9,52
2025-11-18,S8,P7,7,45
2025-11-19,S8,P7,9,36
2025-11-20,S8,P7,8,28
2025-11-21,S8,P7,19,140
2025-11-22,S8,P7,13,127
2025-11-23,S8,P7,7,120
2025-11-24,S8,P7,5,115
2025-11-25,S8,P7,11,104
2025-11-26,S8,P7,7,97
2025-11-27,S8,P7,11,86
2025-11-28,S8,P7,13,73
2025-11-29,S8,P7,7,66
2025-11-30,S8,P7,9,57
2025-12-01,S8,P7,7,50
2025-12-02,S8,P7,11,39
2025-12-03,S8,P7,9,30
2025-12-04,S8,P7,8,22
2025-12-05,S8,P7,8,85
2025-12-06,S8,P7,13,72
2025-12-07,S8,P7,6,66
2025-12-08,S8,P7,6,60
2025-12-09,S8,P7,6,54
2025-12-10,S8,P7,5,49
2025-12-11,S8,P7,4,45
2025-12-12,S8,P7,12,33
2025-12-13,S8,P7,6,27
2025-12-14,S8,P7,2,25
2025-12-15,S8,P7,12,76
2025-12-16,S8,P7,7,69
2025-12-17,S8,P7,3,66
2025-12-18,S8,P7,9,57
2025-12-19,S8,P7,8,49
2025-12-20,S8,P7,8,41
2025-12-21,S8,P7,5,36
2025-12-22,S8,P7,6,30
2025-12-23,S8,P7,8,22
2025-12-24,S8,P7,5,100
2025-12-25,S8,P7,7,93
2025-12-26,S8,P7,11,82
2025-12-27,S8,P7,10,72
2025-12-28,S8,P7,9,63
2025-12-29,S8,P7,1,62
2025-12-30,S8,P7,9,53
2025-12-31,S8,P7,9,44
2026-01-01,S8,P7,10,34
2026-01-02,S8,P7,16,97
2026-01-03,S8,P7,5,92
2026-01-04,S8,P7,11,81
2026-01-05,S8,P7,9,72
2026-01-06,S8,P7,12,60
2026-01-07,S8,P7,10,50
2026-01-08,S8,P7,10,40
2026-01-09,S8,P7,9,31
2026-01-10,S8,P7,7,24
2026-01-11,S8,P7,10,140
2026-01-12,S8,P7,5,135
2026-01-13,S8,P7,6,129
2026-01-14,S8,P7,6,123
2026-01-15,S8,P7,5,118
2026-01-16,S8,P7,11,107
2026-01-17,S8,P7,10,97
2026-01-18,S8,P7,4,93
2026-01-19,S8,P7,8,85
2026-01-20,S8,P7,7,78
2026-01-21,S8,P7,9,69
2026-01-22,S8,P7,8,61
2026-01-23,S8,P7,3,58
2026-01-24,S8,P7,7,51
2026-01-25,S8,P7,5,46
2026-01-26,S8,P7,7,39
2026-01-27,S8,P7,12,27
2026-01-28,S8,P7,7,152
2026-01-29,S8,P7,8,144
2026-01-30,S8,P7,11,133
2026-01-31,S8,P7,11,122
2026-02-01,S8,P7,5,117
2026-02-02,S8,P7,5,112
2026-02-03,S8,P7,11,101
2026-02-04,S8,P7,9,92
2026-02-05,S8,P7,4,88
2026-02-06,S8,P7,7,81
2026-02-07,S8,P7,10,71
2026-02-08,S8,P7,10,61
2026-02-09,S8,P7,8,53
2026-02-10,S8,P7,8,45
2026-02-11,S8,P7,12,33
2026-02-12,S8,P7,7,26
2026-02-13,S8,P7,12,104
2026-02-14,S8,P7,9,95
2026-02-15,S8,P7,10,85
2026-02-16,S8,P7,3,82
2026-02-17,S8,P7,11,71
2026-02-18,S8,P7,10,61
2026-02-19,S8,P7,4,57
2026-02-20,S8,P7,11,46
2026-02-21,S8,P7,9,37
2026-02-22,S8,P7,2,35
2026-02-23,S8,P7,11,24
2026-02-24,S8,P7,6,110
2026-02-25,S8,P7,11,99
2026-02-26,S8,P7,8,91
2026-02-27,S8,P7,5,86
2026-02-28,S8,P7,5,81
2026-03-01,S8,P7,9,72
2026-03-02,S8,P7,9,63
2026-03-03,S8,P7,7,56
2026-03-04,S8,P7,7,49
2026-03-05,S8,P7,9,40
2026-03-06,S8,P7,14,26
2026-03-07,S8,P7,7,151
2026-03-08,S8,P7,3,148
2026-03-09,S8,P7,5,143
2026-03-10,S8,P7,7,136
2026-03-11,S8,P7,8,128
2026-03-12,S8,P7,6,122
2026-03-13,S8,P7,6,116
2026-03-14,S8,P7,10,106
2025-09-01,S8,P8,4,44
2025-09-02,S8,P8,1,43
2025-09-03,S8,P8,3,40
2025-09-04,S8,P8,2,38
2025-09-05,S8,P8,3,35
2025-09-06,S8,P8,5,30
2025-09-07,S8,P8,1,29
2025-09-08,S8,P8,6,23
2025-09-09,S8,P8,1,22
2025-09-10,S8,P8,2,20
2025-09-11,S8,P8,2,18
2025-09-12,S8,P8,3,15
2025-09-13,S8,P8,2,13
2025-09-14,S8,P8,5,8
2025-09-15,S8,P8,4,45
2025-09-16,S8,P8,0,45
2025-09-17,S8,P8,1,44
2025-09-18,S8,P8,2,42
2025-09-19,S8,P8,0,42
2025-09-20,S8,P8,0,42
2025-09-21,S8,P8,3,39
2025-09-22,S8,P8,2,37
2025-09-23,S8,P8,5,32
2025-09-24,S8,P8,1,31
2025-09-25,S8,P8,1,30
2025-09-26,S8,P8,1,29
2025-09-27,S8,P8,2,27
2025-09-28,S8,P8,1,26
2025-09-29,S8,P8,2,24
2025-09-30,S8,P8,5,19
2025-10-01,S8,P8,4,15
2025-10-02,S8,P8,4,11
2025-10-03,S8,P8,3,8
2025-10-04,S8,P8,3,48
2025-10-05,S8,P8,0,48
2025-10-06,S8,P8,2,46
2025-10-07,S8,P8,6,40
2025-10-08,S8,P8,0,40
2025-10-09,S8,P8,7,33
2025-10-10,S8,P8,3,30
2025-10-11,S8,P8,8,22
2025-10-12,S8,P8,0,22
2025-10-13,S8,P8,2,20
2025-10-14,S8,P8,0,20
2025-10-15,S8,P8,1,19
2025-10-16,S8,P8,2,17
2025-10-17,S8,P8,2,15
2025-10-18,S8,P8,4,11
2025-10-19,S8,P8,3,8
2025-10-20,S8,P8,3,36
2025-10-21,S8,P8,7,29
2025-10-22,S8,P8,1,28
2025-10-23,S8,P8,3,25
2025-10-24,S8,P8,4,21
2025-10-25,S8,P8,7,14
2025-10-26,S8,P8,4,10
2025-10-27,S8,P8,1,9
2025-10-28,S8,P8,7,30
2025-10-29,S8,P8,5,25
2025-10-30,S8,P8,1,24
2025-10-31,S8,P8,4,20
2025-11-01,S8,P8,5,15
2025-11-02,S8,P8,3,12
2025-11-03,S8,P8,4,8
2025-11-04,S8,P8,5,47
2025-11-05,S8,P8,3,44
2025-11-06,S8,P8,4,40
2025-11-07,S8,P8,4,36
2025-11-08,S8,P8,2,34
2025-11-09,S8,P8,4,30
2025-11-10,S8,P8,1,29
2025-11-11,S8,P8,4,25
2025-11-12,S8,P8,2,23
2025-11-13,S8,P8,2,21
2025-11-14,S8,P8,1,20
2025-11-15,S8,P8,4,16
2025-11-16,S8,P8,1,15
2025-11-17,S8,P8,4,11
2025-11-18,S8,P8,2,9
2025-11-19,S8,P8,2,7
2025-11-20,S8,P8,2,38
2025-11-21,S8,P8,6,32
2025-11-22,S8,P8,3,29
2025-11-23,S8,P8,2,27
2025-11-24,S8,P8,1,26
2025-11-25,S8,P8,0,26
2025-11-26,S8,P8,2,24
2025-11-27,S8,P8,3,21
2025-11-28,S8,P8,2,19
2025-11-29,S8,P8,3,16
2025-11-30,S8,P8,2,14
2025-12-01,S8,P8,3,11
2025-12-02,S8,P8,3,8
2025-12-03,S8,P8,3,31
2025-12-04,S8,P8,1,30
2025-12-05,S8,P8,3,27
2025-12-06,S8,P8,7,20
2025-12-07,S8,P8,2,18
2025-12-08,S8,P8,0,18
2025-12-09,S8,P8,0,18
2025-12-10,S8,P8,0,18
2025-12-11,S8,P8,3,15
2025-12-12,S8,P8,4,11
2025-12-13,S8,P8,3,8
2025-12-14,S8,P8,2,36
2025-12-15,S8,P8,4,32
2025-12-16,S8,P8,1,31
2025-12-17,S8,P8,4,27
2025-12-18,S8,P8,0,27
2025-12-19,S8,P8,2,25
2025-12-20,S8,P8,2,23
2025-12-21,S8,P8,0,23
2025-12-22,S8,P8,1,22
2025-12-23,S8,P8,3,19
2025-12-24,S8,P8,4,15
2025-12-25,S8,P8,0,15
2025-12-26,S8,P8,1,14
2025-12-27,S8,P8,2,12
2025-12-28,S8,P8,2,10
2025-12-29,S8,P8,1,9
2025-12-30,S8,P8,1,8
2025-12-31,S8,P8,1,7
2026-01-01,S8,P8,3,40
2026-01-02,S8,P8,3,37
2026-01-03,S8,P8,4,33
2026-01-04,S8,P8,4,29
2026-01-05,S8,P8,2,27
2026-01-06,S8,P8,3,24
2026-01-07,S8,P8,4,20
2026-01-08,S8,P8,1,19
2026-01-09,S8,P8,3,16
2026-01-10,S8,P8,0,16
2026-01-11,S8,P8,3,13
2026-01-12,S8,P8,2,11
2026-01-13,S8,P8,2,9
2026-01-14,S8,P8,2,7
2026-01-15,S8,P8,1,27
2026-01-16,S8,P8,5,22
2026-01-17,S8,P8,5,17
2026-01-18,S8,P8,7,10
2026-01-19,S8,P8,4,47
2026-01-20,S8,P8,4,43
2026-01-21,S8,P8,3,40
2026-01-22,S8,P8,2,38
2026-01-23,S8,P8,1,37
2026-01-24,S8,P8,2,35
2026-01-25,S8,P8,1,34
2026-01-26,S8,P8,3,31
2026-01-27,S8,P8,2,29
2026-01-28,S8,P8,3,26
2026-01-29,S8,P8,1,25
2026-01-30,S8,P8,3,22
2026-01-31,S8,P8,1,21
2026-02-01,S8,P8,5,16
2026-02-02,S8,P8,7,9
2026-02-03,S8,P8,2,7
2026-02-04,S8,P8,1,27
2026-02-05,S8,P8,1,26
2026-02-06,S8,P8,4,22
2026-02-07,S8,P8,4,18
2026-02-08,S8,P8,2,16
2026-02-09,S8,P8,2,14
2026-02-10,S8,P8,4,10
2026-02-11,S8,P8,2,8
2026-02-12,S8,P8,4,49
2026-02-13,S8,P8,5,44
2026-02-14,S8,P8,0,44
2026-02-15,S8,P8,0,44
2026-02-16,S8,P8,4,40
2026-02-17,S8,P8,3,37
2026-02-18,S8,P8,3,34
2026-02-19,S8,P8,6,28
2026-02-20,S8,P8,2,26
2026-02-21,S8,P8,4,22
2026-02-22,S8,P8,3,19
2026-02-23,S8,P8,3,16
2026-02-24,S8,P8,2,14
2026-02-25,S8,P8,1,13
2026-02-26,S8,P8,8,51
2026-02-27,S8,P8,3,48
2026-02-28,S8,P8,5,43
2026-03-01,S8,P8,2,41
2026-03-02,S8,P8,1,40
2026-03-03,S8,P8,1,39
2026-03-04,S8,P8,4,35
2026-03-05,S8,P8,2,33
2026-03-06,S8,P8,5,28
2026-03-07,S8,P8,2,26
2026-03-08,S8,P8,5,21
2026-03-09,S8,P8,2,19
2026-03-10,S8,P8,3,16
2026-03-11,S8,P8,3,13
2026-03-12,S8,P8,3,10
2026-03-13,S8,P8,3,7
2026-03-14,S8,P8,2,37
2025-09-01,S8,P9,1,19
2025-09-02,S8,P9,1,18
2025-09-03,S8,P9,2,16
2025-09-04,S8,P9,0,16
2025-09-05,S8,P9,1,15
2025-09-06,S8,P9,0,15
2025-09-07,S8,P9,1,14
2025-09-08,S8,P9,4,10
2025-09-09,S8,P9,0,10
2025-09-10,S8,P9,0,10
2025-09-11,S8,P9,0,10
2025-09-12,S8,P9,1,9
2025-09-13,S8,P9,1,8
2025-09-14,S8,P9,6,13
2025-09-15,S8,P9,1,12
2025-09-16,S8,P9,2,10
2025-09-17,S8,P9,1,9
2025-09-18,S8,P9,0,9
2025-09-19,S8,P9,4,5
2025-09-20,S8,P9,1,4
2025-09-21,S8,P9,1,22
2025-09-22,S8,P9,3,19
2025-09-23,S8,P9,2,17
2025-09-24,S8,P9,1,16
2025-09-25,S8,P9,0,16
2025-09-26,S8,P9,2,14
2025-09-27,S8,P9,1,13
2025-09-28,S8,P9,2,11
2025-09-29,S8,P9,1,10
2025-09-30,S8,P9,4,6
2025-10-01,S8,P9,3,21
2025-10-02,S8,P9,2,19
2025-10-03,S8,P9,0,19
2025-10-04,S8,P9,4,15
2025-10-05,S8,P9,0,15
2025-10-06,S8,P9,1,14
2025-10-07,S8,P9,2,12
2025-10-08,S8,P9,2,10
2025-10-09,S8,P9,3,7
2025-10-10,S8,P9,1,6
2025-10-11,S8,P9,3,15
2025-10-12,S8,P9,2,13
2025-10-13,S8,P9,1,12
2025-10-14,S8,P9,1,11
2025-10-15,S8,P9,1,10
2025-10-16,S8,P9,0,10
2025-10-17,S8,P9,1,9
2025-10-18,S8,P9,1,8
2025-10-19,S8,P9,0,8
2025-10-20,S8,P9,0,8
2025-10-21,S8,P9,2,6
2025-10-22,S8,P9,0,6
2025-10-23,S8,P9,1,5
2025-10-24,S8,P9,3,25
2025-10-25,S8,P9,1,24
2025-10-26,S8,P9,2,22
2025-10-27,S8,P9,0,22
2025-10-28,S8,P9,0,22
2025-10-29,S8,P9,0,22
2025-10-30,S8,P9,4,18
2025-10-31,S8,P9,0,18
2025-11-01,S8,P9,2,16
2025-11-02,S8,P9,1,15
2025-11-03,S8,P9,1,14
2025-11-04,S8,P9,1,13
2025-11-05,S8,P9,4,9
2025-11-06,S8,P9,4,5
2025-11-07,S8,P9,3,21
2025-11-08,S8,P9,1,20
2025-11-09,S8,P9,2,18
2025-11-10,S8,P9,0,18
2025-11-11,S8,P9,2,16
2025-11-12,S8,P9,1,15
2025-11-13,S8,P9,1,14
2025-11-14,S8,P9,1,13
2025-11-15,S8,P9,2,11
2025-11-16,S8,P9,0,11
2025-11-17,S8,P9,1,10
2025-11-18,S8,P9,2,8
2025-11-19,S8,P9,2,6
2025-11-20,S8,P9,2,4
2025-11-21,S8,P9,2,24
2025-11-22,S8,P9,1,23
2025-11-23,S8,P9,3,20
2025-11-24,S8,P9,2,18
2025-11-25,S8,P9,1,17
2025-11-26,S8,P9,0,17
2025-11-27,S8,P9,2,15
2025-11-28,S8,P9,4,11
2025-11-29,S8,P9,0,11
2025-11-30,S8,P9,2,9
2025-12-01,S8,P9,0,9
2025-12-02,S8,P9,2,7
2025-12-03,S8,P9,3,4
2025-12-04,S8,P9,0,4
2025-12-05,S8,P9,2,13
2025-12-06,S8,P9,6,7
2025-12-07,S8,P9,0,7
2025-12-08,S8,P9,1,6
2025-12-09,S8,P9,1,5
2025-12-10,S8,P9,3,17
2025-12-11,S8,P9,0,17
2025-12-12,S8,P9,3,14
2025-12-13,S8,P9,3,11
2025-12-14,S8,P9,3,8
2025-12-15,S8,P9,0,8
2025-12-16,S8,P9,2,6
2025-12-17,S8,P9,3,20
2025-12-18,S8,P9,0,20
2025-12-19,S8,P9,1,19
2025-12-20,S8,P9,1,18
2025-12-21,S8,P9,2,16
2025-12-22,S8,P9,4,12
2025-12-23,S8,P9,4,8
2025-12-24,S8,P9,1,7
2025-12-25,S8,P9,3,4
2025-12-26,S8,P9,0,4
2025-12-27,S8,P9,2,24
2025-12-28,S8,P9,1,23
2025-12-29,S8,P9,0,23
2025-12-30,S8,P9,4,19
2025-12-31,S8,P9,1,18
2026-01-01,S8,P9,2,16
2026-01-02,S8,P9,2,14
2026-01-03,S8,P9,2,12
2026-01-04,S8,P9,0,12
2026-01-05,S8,P9,0,12
2026-01-06,S8,P9,3,9
2026-01-07,S8,P9,0,9
2026-01-08,S8,P9,0,9
2026-01-09,S8,P9,2,7
2026-01-10,S8,P9,2,5
2026-01-11,S8,P9,1,4
2026-01-12,S8,P9,1,16
2026-01-13,S8,P9,1,15
2026-01-14,S8,P9,2,13
2026-01-15,S8,P9,0,13
2026-01-16,S8,P9,3,10
2026-01-17,S8,P9,1,9
2026-01-18,S8,P9,2,7
2026-01-19,S8,P9,0,7
2026-01-20,S8,P9,2,5
2026-01-21,S8,P9,0,5
2026-01-22,S8,P9,0,5
2026-01-23,S8,P9,0,5
2026-01-24,S8,P9,2,26
2026-01-25,S8,P9,1,25
2026-01-26,S8,P9,1,24
2026-01-27,S8,P9,1,23
2026-01-28,S8,P9,1,22
2026-01-29,S8,P9,1,21
2026-01-30,S8,P9,0,21
2026-01-31,S8,P9,1,20
2026-02-01,S8,P9,0,20
2026-02-02,S8,P9,0,20
2026-02-03,S8,P9,2,18
2026-02-04,S8,P9,1,17
2026-02-05,S8,P9,0,17
2026-02-06,S8,P9,2,15
2026-02-07,S8,P9,1,14
2026-02-08,S8,P9,1,13
2026-02-09,S8,P9,3,10
2026-02-10,S8,P9,2,8
2026-02-11,S8,P9,2,6
2026-02-12,S8,P9,2,4
2026-02-13,S8,P9,1,26
2026-02-14,S8,P9,1,25
2026-02-15,S8,P9,2,23
2026-02-16,S8,P9,3,20
2026-02-17,S8,P9,0,20
2026-02-18,S8,P9,0,20
2026-02-19,S8,P9,3,17
2026-02-20,S8,P9,2,15
2026-02-21,S8,P9,1,14
2026-02-22,S8,P9,1,13
2026-02-23,S8,P9,3,10
2026-02-24,S8,P9,0,10
2026-02-25,S8,P9,2,8
2026-02-26,S8,P9,0,8
2026-02-27,S8,P9,0,8
2026-02-28,S8,P9,2,6
2026-03-01,S8,P9,3,20
2026-03-02,S8,P9,0,20
2026-03-03,S8,P9,2,18
2026-03-04,S8,P9,0,18
2026-03-05,S8,P9,3,15
2026-03-06,S8,P9,1,14
2026-03-07,S8,P9,0,14
2026-03-08,S8,P9,2,12
2026-03-09,S8,P9,0,12
2026-03-10,S8,P9,1,11
2026-03-11,S8,P9,3,8
2026-03-12,S8,P9,0,8
2026-03-13,S8,P9,2,6
2026-03-14,S8,P9,1,5
2025-09-01,S8,P10,9,230
2025-09-02,S8,P10,18,212
2025-09-03,S8,P10,6,206
2025-09-04,S8,P10,13,193
2025-09-05,S8,P10,14,179
2025-09-06,S8,P10,16,163
2025-09-07,S8,P10,20,143
2025-09-08,S8,P10,13,130
2025-09-09,S8,P10,7,123
2025-09-10,S8,P10,10,113
2025-09-11,S8,P10,16,97
2025-09-12,S8,P10,8,89
2025-09-13,S8,P10,11,78
2025-09-14,S8,P10,10,68
2025-09-15,S8,P10,9,59
2025-09-16,S8,P10,14,45
2025-09-17,S8,P10,14,194
2025-09-18,S8,P10,13,181
2025-09-19,S8,P10,14,167
2025-09-20,S8,P10,10,157
2025-09-21,S8,P10,8,149
2025-09-22,S8,P10,9,140
2025-09-23,S8,P10,12,128
2025-09-24,S8,P10,19,109
2025-09-25,S8,P10,13,96
2025-09-26,S8,P10,23,73
2025-09-27,S8,P10,16,57
2025-09-28,S8,P10,15,42
2025-09-29,S8,P10,9,225
2025-09-30,S8,P10,11,214
2025-10-01,S8,P10,9,205
2025-10-02,S8,P10,16,189
2025-10-03,S8,P10,17,172
2025-10-04,S8,P10,8,164
2025-10-05,S8,P10,15,149
2025-10-06,S8,P10,13,136
2025-10-07,S8,P10,11,125
2025-10-08,S8,P10,13,112
2025-10-09,S8,P10,4,108
2025-10-10,S8,P10,12,96
2025-10-11,S8,P10,13,83
2025-10-12,S8,P10,18,65
2025-10-13,S8,P10,6,59
2025-10-14,S8,P10,22,37
2025-10-15,S8,P10,8,123
2025-10-16,S8,P10,11,112
2025-10-17,S8,P10,12,100
2025-10-18,S8,P10,14,86
2025-10-19,S8,P10,8,78
2025-10-20,S8,P10,12,66
2025-10-21,S8,P10,9,57
2025-10-22,S8,P10,6,51
2025-10-23,S8,P10,7,44
2025-10-24,S8,P10,23,159
2025-10-25,S8,P10,14,145
2025-10-26,S8,P10,11,134
2025-10-27,S8,P10,15,119
2025-10-28,S8,P10,11,108
2025-10-29,S8,P10,11,97
2025-10-30,S8,P10,7,90
2025-10-31,S8,P10,16,74
2025-11-01,S8,P10,19,55
2025-11-02,S8,P10,7,48
2025-11-03,S8,P10,12,36
2025-11-04,S8,P10,13,180
2025-11-05,S8,P10,14,166
2025-11-06,S8,P10,11,155
2025-11-07,S8,P10,14,141
2025-11-08,S8,P10,9,132
2025-11-09,S8,P10,5,127
2025-11-10,S8,P10,14,113
2025-11-11,S8,P10,11,102
2025-11-12,S8,P10,17,85
2025-11-13,S8,P10,13,72
2025-11-14,S8,P10,25,47
2025-11-15,S8,P10,14,186
2025-11-16,S8,P10,12,174
2025-11-17,S8,P10,13,161
2025-11-18,S8,P10,12,149
2025-11-19,S8,P10,13,136
2025-11-20,S8,P10,10,126
2025-11-21,S8,P10,8,118
2025-11-22,S8,P10,7,111
2025-11-23,S8,P10,4,107
2025-11-24,S8,P10,11,96
2025-11-25,S8,P10,9,87
2025-11-26,S8,P10,17,70
2025-11-27,S8,P10,14,56
2025-11-28,S8,P10,10,46
2025-11-29,S8,P10,19,202
2025-11-30,S8,P10,18,184
2025-12-01,S8,P10,13,171
2025-12-02,S8,P10,10,161
2025-12-03,S8,P10,14,147
2025-12-04,S8,P10,17,130
2025-12-05,S8,P10,14,116
2025-12-06,S8,P10,9,107
2025-12-07,S8,P10,8,99
2025-12-08,S8,P10,10,89
2025-12-09,S8,P10,17,72
2025-12-10,S8,P10,13,59
2025-12-11,S8,P10,12,47
2025-12-12,S8,P10,10,37
2025-12-13,S8,P10,10,122
2025-12-14,S8,P10,9,113
2025-12-15,S8,P10,8,105
2025-12-16,S8,P10,12,93
2025-12-17,S8,P10,13,80
2025-12-18,S8,P10,11,69
2025-12-19,S8,P10,14,55
2025-12-20,S8,P10,17,38
2025-12-21,S8,P10,11,228
2025-12-22,S8,P10,10,218
2025-12-23,S8,P10,13,205
2025-12-24,S8,P10,13,192
2025-12-25,S8,P10,20,172
2025-12-26,S8,P10,10,162
2025-12-27,S8,P10,14,148
2025-12-28,S8,P10,20,128
2025-12-29,S8,P10,19,109
2025-12-30,S8,P10,12,97
2025-12-31,S8,P10,17,80
2026-01-01,S8,P10,11,69
2026-01-02,S8,P10,14,55
2026-01-03,S8,P10,17,38
2026-01-04,S8,P10,13,233
2026-01-05,S8,P10,8,225
2026-01-06,S8,P10,9,216
2026-01-07,S8,P10,10,206
2026-01-08,S8,P10,12,194
2026-01-09,S8,P10,12,182
2026-01-10,S8,P10,14,168
2026-01-11,S8,P10,4,164
2026-01-12,S8,P10,9,155
2026-01-13,S8,P10,12,143
2026-01-14,S8,P10,13,130
2026-01-15,S8,P10,11,119
2026-01-16,S8,P10,9,110
2026-01-17,S8,P10,10,100
2026-01-18,S8,P10,6,94
2026-01-19,S8,P10,19,75
2026-01-20,S8,P10,9,66
2026-01-21,S8,P10,11,55
2026-01-22,S8,P10,17,38
2026-01-23,S8,P10,15,184
2026-01-24,S8,P10,12,172
2026-01-25,S8,P10,14,158
2026-01-26,S8,P10,14,144
2026-01-27,S8,P10,14,130
2026-01-28,S8,P10,7,123
2026-01-29,S8,P10,4,119
2026-01-30,S8,P10,13,106
2026-01-31,S8,P10,12,94
2026-02-01,S8,P10,14,80
2026-02-02,S8,P10,8,72
2026-02-03,S8,P10,11,61
2026-02-04,S8,P10,7,54
2026-02-05,S8,P10,18,36
2026-02-06,S8,P10,11,226
2026-02-07,S8,P10,10,216
2026-02-08,S8,P10,13,203
2026-02-09,S8,P10,5,198
2026-02-10,S8,P10,4,194
2026-02-11,S8,P10,10,184
2026-02-12,S8,P10,19,165
2026-02-13,S8,P10,13,152
2026-02-14,S8,P10,11,141
2026-02-15,S8,P10,12,129
2026-02-16,S8,P10,18,111
2026-02-17,S8,P10,6,105
2026-02-18,S8,P10,8,97
2026-02-19,S8,P10,7,90
2026-02-20,S8,P10,9,81
2026-02-21,S8,P10,15,66
2026-02-22,S8,P10,9,57
2026-02-23,S8,P10,12,45
2026-02-24,S8,P10,12,130
2026-02-25,S8,P10,9,121
2026-02-26,S8,P10,12,109
2026-02-27,S8,P10,9,100
2026-02-28,S8,P10,12,88
2026-03-01,S8,P10,6,82
2026-03-02,S8,P10,9,73
2026-03-03,S8,P10,12,61
2026-03-04,S8,P10,12,49
2026-03-05,S8,P10,6,43
2026-03-06,S8,P10,22,138
2026-03-07,S8,P10,17,121
2026-03-08,S8,P10,17,104
2026-03-09,S8,P10,7,97
2026-03-10,S8,P10,10,87
2026-03-11,S8,P10,15,72
2026-03-12,S8,P10,8,64
2026-03-13,S8,P10,6,58
2026-03-14,S8,P10,9,49
2025-09-01,S8,P11,3,62
2025-09-02,S8,P11,7,55
2025-09-03,S8,P11,2,53
2025-09-04,S8,P11,0,53
2025-09-05,S8,P11,3,50
2025-09-06,S8,P11,5,45
2025-09-07,S8,P11,5,40
2025-09-08,S8,P11,6,34
2025-09-09,S8,P11,11,23
2025-09-10,S8,P11,4,19
2025-09-11,S8,P11,6,13
2025-09-12,S8,P11,3,48
2025-09-13,S8,P11,4,44
2025-09-14,S8,P11,4,40
2025-09-15,S8,P11,7,33
2025-09-16,S8,P11,7,26
2025-09-17,S8,P11,2,24
2025-09-18,S8,P11,6,18
2025-09-19,S8,P11,8,79
2025-09-20,S8,P11,7,72
2025-09-21,S8,P11,3,69
2025-09-22,S8,P11,7,62
2025-09-23,S8,P11,3,59
2025-09-24,S8,P11,8,51
2025-09-25,S8,P11,3,48
2025-09-26,S8,P11,5,43
2025-09-27,S8,P11,4,39
2025-09-28,S8,P11,4,35
2025-09-29,S8,P11,1,34
2025-09-30,S8,P11,3,31
2025-10-01,S8,P11,6,25
2025-10-02,S8,P11,9,16
2025-10-03,S8,P11,2,14
2025-10-04,S8,P11,3,88
2025-10-05,S8,P11,5,83
2025-10-06,S8,P11,5,78
2025-10-07,S8,P11,6,72
2025-10-08,S8,P11,8,64
2025-10-09,S8,P11,0,64
2025-10-10,S8,P11,5,59
2025-10-11,S8,P11,8,51
2025-10-12,S8,P11,6,45
2025-10-13,S8,P11,5,40
2025-10-14,S8,P11,4,36
2025-10-15,S8,P11,5,31
2025-10-16,S8,P11,4,27
2025-10-17,S8,P11,1,26
2025-10-18,S8,P11,6,20
2025-10-19,S8,P11,4,16
2025-10-20,S8,P11,4,57
2025-10-21,S8,P11,6,51
2025-10-22,S8,P11,5,46
2025-10-23,S8,P11,3,43
2025-10-24,S8,P11,7,36
2025-10-25,S8,P11,9,27
2025-10-26,S8,P11,3,24
2025-10-27,S8,P11,3,21
2025-10-28,S8,P11,5,16
2025-10-29,S8,P11,3,13
2025-10-30,S8,P11,1,87
2025-10-31,S8,P11,3,84
2025-11-01,S8,P11,6,78
2025-11-02,S8,P11,4,74
2025-11-03,S8,P11,3,71
2025-11-04,S8,P11,4,67
2025-11-05,S8,P11,3,64
2025-11-06,S8,P11,1,63
2025-11-07,S8,P11,6,57
2025-11-08,S8,P11,8,49
2025-11-09,S8,P11,3,46
2025-11-10,S8,P11,5,41
2025-11-11,S8,P11,5,36
2025-11-12,S8,P11,4,32
2025-11-13,S8,P11,4,28
2025-11-14,S8,P11,6,22
2025-11-15,S8,P11,3,19
2025-11-16,S8,P11,4,15
2025-11-17,S8,P11,0,15
2025-11-18,S8,P11,4,51
2025-11-19,S8,P11,2,49
2025-11-20,S8,P11,4,45
2025-11-21,S8,P11,2,43
2025-11-22,S8,P11,6,37
2025-11-23,S8,P11,5,32
2025-11-24,S8,P11,3,29
2025-11-25,S8,P11,3,26
2025-11-26,S8,P11,6,20
2025-11-27,S8,P11,7,13
2025-11-28,S8,P11,5,58
2025-11-29,S8,P11,7,51
2025-11-30,S8,P11,2,49
2025-12-01,S8,P11,2,47
2025-12-02,S8,P11,4,43
2025-12-03,S8,P11,5,38
2025-12-04,S8,P11,0,38
2025-12-05,S8,P11,7,31
2025-12-06,S8,P11,7,24
2025-12-07,S8,P11,5,19
2025-12-08,S8,P11,5,14
2025-12-09,S8,P11,2,62
2025-12-10,S8,P11,1,61
2025-12-11,S8,P11,2,59
2025-12-12,S8,P11,4,55
2025-12-13,S8,P11,7,48
2025-12-14,S8,P11,7,41
2025-12-15,S8,P11,4,37
2025-12-16,S8,P11,7,30
2025-12-17,S8,P11,8,22
2025-12-18,S8,P11,5,17
2025-12-19,S8,P11,4,13
2025-12-20,S8,P11,6,58
2025-12-21,S8,P11,6,52
2025-12-22,S8,P11,6,46
2025-12-23,S8,P11,6,40
2025-12-24,S8,P11,6,34
2025-12-25,S8,P11,4,30
2025-12-26,S8,P11,7,23
2025-12-27,S8,P11,5,18
2025-12-28,S8,P11,3,15
2025-12-29,S8,P11,1,14
2025-12-30,S8,P11,6,75
2025-12-31,S8,P11,5,70
2026-01-01,S8,P11,7,63
2026-01-02,S8,P11,8,55
2026-01-03,S8,P11,3,52
2026-01-04,S8,P11,8,44
2026-01-05,S8,P11,2,42
2026-01-06,S8,P11,7,35
2026-01-07,S8,P11,1,34
2026-01-08,S8,P11,2,32
2026-01-09,S8,P11,5,27
2026-01-10,S8,P11,5,22
2026-01-11,S8,P11,5,17
2026-01-12,S8,P11,6,82
2026-01-13,S8,P11,3,79
2026-01-14,S8,P11,5,74
2026-01-15,S8,P11,3,71
2026-01-16,S8,P11,5,66
2026-01-17,S8,P11,5,61
2026-01-18,S8,P11,9,52
2026-01-19,S8,P11,4,48
2026-01-20,S8,P11,6,42
2026-01-21,S8,P11,4,38
2026-01-22,S8,P11,7,31
2026-01-23,S8,P11,6,25
2026-01-24,S8,P11,7,18
2026-01-25,S8,P11,4,14
2026-01-26,S8,P11,9,58
2026-01-27,S8,P11,5,53
2026-01-28,S8,P11,3,50
2026-01-29,S8,P11,4,46
2026-01-30,S8,P11,4,42
2026-01-31,S8,P11,2,40
2026-02-01,S8,P11,4,36
2026-02-02,S8,P11,2,34
2026-02-03,S8,P11,3,31
2026-02-04,S8,P11,4,27
2026-02-05,S8,P11,5,22
2026-02-06,S8,P11,8,14
2026-02-07,S8,P11,7,65
2026-02-08,S8,P11,1,64
2026-02-09,S8,P11,3,61
2026-02-10,S8,P11,4,57
2026-02-11,S8,P11,5,52
2026-02-12,S8,P11,5,47
2026-02-13,S8,P11,4,43
2026-02-14,S8,P11,5,38
2026-02-15,S8,P11,5,33
2026-02-16,S8,P11,8,25
2026-02-17,S8,P11,3,22
2026-02-18,S8,P11,1,21
2026-02-19,S8,P11,6,15
2026-02-20,S8,P11,0,15
2026-02-21,S8,P11,6,59
2026-02-22,S8,P11,3,56
2026-02-23,S8,P11,1,55
2026-02-24,S8,P11,3,52
2026-02-25,S8,P11,5,47
2026-02-26,S8,P11,5,42
2026-02-27,S8,P11,1,41
2026-02-28,S8,P11,5,36
2026-03-01,S8,P11,11,25
2026-03-02,S8,P11,4,21
2026-03-03,S8,P11,5,16
2026-03-04,S8,P11,6,54
2026-03-05,S8,P11,1,53
2026-03-06,S8,P11,2,51
2026-03-07,S8,P11,4,47
2026-03-08,S8,P11,3,44
2026-03-09,S8,P11,5,39
2026-03-10,S8,P11,0,39
2026-03-11,S8,P11,4,35
2026-03-12,S8,P11,5,30
2026-03-13,S8,P11,4,26
2026-03-14,S8,P11,1,25
2025-09-01,S8,P12,0,11
2025-09-02,S8,P12,1,10
2025-09-03,S8,P12,0,10
2025-09-04,S8,P12,0,10
2025-09-05,S8,P12,1,9
2025-09-06,S8,P12,2,7
2025-09-07,S8,P12,0,7
2025-09-08,S8,P12,0,7
2025-09-09,S8,P12,1,6
2025-09-10,S8,P12,0,6
2025-09-11,S8,P12,0,6
2025-09-12,S8,P12,1,5
2025-09-13,S8,P12,0,5
2025-09-14,S8,P12,0,5
2025-09-15,S8,P12,0,5
2025-09-16,S8,P12,0,5
2025-09-17,S8,P12,0,5
2025-09-18,S8,P12,0,5
2025-09-19,S8,P12,0,5
2025-09-20,S8,P12,0,5
2025-09-21,S8,P12,0,5
2025-09-22,S8,P12,0,5
2025-09-23,S8,P12,1,4
2025-09-24,S8,P12,0,4
2025-09-25,S8,P12,2,12
2025-09-26,S8,P12,0,12
2025-09-27,S8,P12,0,12
2025-09-28,S8,P12,0,12
2025-09-29,S8,P12,1,11
2025-09-30,S8,P12,0,11
2025-10-01,S8,P12,0,11
2025-10-02,S8,P12,0,11
2025-10-03,S8,P12,0,11
2025-10-04,S8,P12,0,11
2025-10-05,S8,P12,0,11
2025-10-06,S8,P12,0,11
2025-10-07,S8,P12,1,10
2025-10-08,S8,P12,1,9
2025-10-09,S8,P12,0,9
2025-10-10,S8,P12,1,8
2025-10-11,S8,P12,0,8
2025-10-12,S8,P12,0,8
2025-10-13,S8,P12,1,7
2025-10-14,S8,P12,0,7
2025-10-15,S8,P12,0,7
2025-10-16,S8,P12,3,4
2025-10-17,S8,P12,0,4
2025-10-18,S8,P12,0,4
2025-10-19,S8,P12,0,4
2025-10-20,S8,P12,1,3
2025-10-21,S8,P12,0,3
2025-10-22,S8,P12,1,12
2025-10-23,S8,P12,0,12
2025-10-24,S8,P12,0,12
2025-10-25,S8,P12,1,11
2025-10-26,S8,P12,0,11
2025-10-27,S8,P12,1,10
2025-10-28,S8,P12,0,10
2025-10-29,S8,P12,0,10
2025-10-30,S8,P12,0,10
2025-10-31,S8,P12,0,10
2025-11-01,S8,P12,0,10
2025-11-02,S8,P12,0,10
2025-11-03,S8,P12,0,10
2025-11-04,S8,P12,0,10
2025-11-05,S8,P12,0,10
2025-11-06,S8,P12,2,8
2025-11-07,S8,P12,0,8
2025-11-08,S8,P12,1,7
2025-11-09,S8,P12,0,7
2025-11-10,S8,P12,1,6
2025-11-11,S8,P12,0,6
2025-11-12,S8,P12,0,6
2025-11-13,S8,P12,0,6
2025-11-14,S8,P12,0,6
2025-11-15,S8,P12,0,6
2025-11-16,S8,P12,0,6
2025-11-17,S8,P12,1,5
2025-11-18,S8,P12,1,4
2025-11-19,S8,P12,0,4
2025-11-20,S8,P12,0,4
2025-11-21,S8,P12,0,4
2025-11-22,S8,P12,1,3
2025-11-23,S8,P12,0,3
2025-11-24,S8,P12,1,12
2025-11-25,S8,P12,0,12
2025-11-26,S8,P12,1,11
2025-11-27,S8,P12,0,11
2025-11-28,S8,P12,1,10
2025-11-29,S8,P12,0,10
2025-11-30,S8,P12,0,10
2025-12-01,S8,P12,0,10
2025-12-02,S8,P12,2,8
2025-12-03,S8,P12,0,8
2025-12-04,S8,P12,0,8
2025-12-05,S8,P12,0,8
2025-12-06,S8,P12,0,8
2025-12-07,S8,P12,1,7
2025-12-08,S8,P12,0,7
2025-12-09,S8,P12,2,5
2025-12-10,S8,P12,1,4
2025-12-11,S8,P12,0,4
2025-12-12,S8,P12,1,3
2025-12-13,S8,P12,0,3
2025-12-14,S8,P12,3,10
2025-12-15,S8,P12,0,10
2025-12-16,S8,P12,0,10
2025-12-17,S8,P12,0,10
2025-12-18,S8,P12,0,10
2025-12-19,S8,P12,0,10
2025-12-20,S8,P12,0,10
2025-12-21,S8,P12,1,9
2025-12-22,S8,P12,1,8
2025-12-23,S8,P12,1,7
2025-12-24,S8,P12,0,7
2025-12-25,S8,P12,0,7
2025-12-26,S8,P12,0,7
2025-12-27,S8,P12,0,7
2025-12-28,S8,P12,1,6
2025-12-29,S8,P12,1,5
2025-12-30,S8,P12,0,5
2025-12-31,S8,P12,0,5
2026-01-01,S8,P12,0,5
2026-01-02,S8,P12,0,5
2026-01-03,S8,P12,0,5
2026-01-04,S8,P12,0,5
2026-01-05,S8,P12,0,5
2026-01-06,S8,P12,1,4
2026-01-07,S8,P12,0,4
2026-01-08,S8,P12,0,4
2026-01-09,S8,P12,1,3
2026-01-10,S8,P12,0,3
2026-01-11,S8,P12,1,12
2026-01-12,S8,P12,0,12
2026-01-13,S8,P12,0,12
2026-01-14,S8,P12,0,12
2026-01-15,S8,P12,2,10
2026-01-16,S8,P12,0,10
2026-01-17,S8,P12,1,9
2026-01-18,S8,P12,0,9
2026-01-19,S8,P12,0,9
2026-01-20,S8,P12,0,9
2026-01-21,S8,P12,2,7
2026-01-22,S8,P12,0,7
2026-01-23,S8,P12,1,6
2026-01-24,S8,P12,0,6
2026-01-25,S8,P12,1,5
2026-01-26,S8,P12,0,5
2026-01-27,S8,P12,0,5
2026-01-28,S8,P12,0,5
2026-01-29,S8,P12,0,5
2026-01-30,S8,P12,1,4
2026-01-31,S8,P12,0,4
2026-02-01,S8,P12,0,4
2026-02-02,S8,P12,0,4
2026-02-03,S8,P12,0,4
2026-02-04,S8,P12,0,4
2026-02-05,S8,P12,0,4
2026-02-06,S8,P12,1,3
2026-02-07,S8,P12,0,3
2026-02-08,S8,P12,1,12
2026-02-09,S8,P12,0,12
2026-02-10,S8,P12,0,12
2026-02-11,S8,P12,2,10
2026-02-12,S8,P12,0,10
2026-02-13,S8,P12,0,10
2026-02-14,S8,P12,1,9
2026-02-15,S8,P12,0,9
2026-02-16,S8,P12,0,9
2026-02-17,S8,P12,0,9
2026-02-18,S8,P12,0,9
2026-02-19,S8,P12,0,9
2026-02-20,S8,P12,0,9
2026-02-21,S8,P12,0,9
2026-02-22,S8,P12,0,9
2026-02-23,S8,P12,0,9
2026-02-24,S8,P12,0,9
2026-02-25,S8,P12,0,9
2026-02-26,S8,P12,0,9
2026-02-27,S8,P12,1,8
2026-02-28,S8,P12,0,8
2026-03-01,S8,P12,0,8
2026-03-02,S8,P12,0,8
2026-03-03,S8,P12,0,8
2026-03-04,S8,P12,1,7
2026-03-05,S8,P12,1,6
2026-03-06,S8,P12,0,6
2026-03-07,S8,P12,0,6
2026-03-08,S8,P12,0,6
2026-03-09,S8,P12,0,6
2026-03-10,S8,P12,0,6
2026-03-11,S8,P12,0,6
2026-03-12,S8,P12,1,5
2026-03-13,S8,P12,0,5
2026-03-14,S8,P12,1,4
2025-09-01,S8,P13,9,203
2025-09-02,S8,P13,8,195
2025-09-03,S8,P13,15,180
2025-09-04,S8,P13,8,172
2025-09-05,S8,P13,12,160
2025-09-06,S8,P13,13,147
2025-09-07,S8,P13,16,131
2025-09-08,S8,P13,4,127
2025-09-09,S8,P13,12,115
2025-09-10,S8,P13,17,98
2025-09-11,S8,P13,13,85
2025-09-12,S8,P13,13,72
2025-09-13,S8,P13,13,59
2025-09-14,S8,P13,9,50
2025-09-15,S8,P13,8,42
2025-09-16,S8,P13,9,33
2025-09-17,S8,P13,5,166
2025-09-18,S8,P13,10,156
2025-09-19,S8,P13,13,143
2025-09-20,S8,P13,9,134
2025-09-21,S8,P13,10,124
2025-09-22,S8,P13,10,114
2025-09-23,S8,P13,11,103
2025-09-24,S8,P13,10,93
2025-09-25,S8,P13,13,80
2025-09-26,S8,P13,13,67
2025-09-27,S8,P13,13,54
2025-09-28,S8,P13,9,45
2025-09-29,S8,P13,14,201
2025-09-30,S8,P13,23,178
2025-10-01,S8,P13,16,162
2025-10-02,S8,P13,18,144
2025-10-03,S8,P13,9,135
2025-10-04,S8,P13,12,123
2025-10-05,S8,P13,10,113
2025-10-06,S8,P13,5,108
2025-10-07,S8,P13,10,98
2025-10-08,S8,P13,8,90
2025-10-09,S8,P13,11,79
2025-10-10,S8,P13,10,69
2025-10-11,S8,P13,14,55
2025-10-12,S8,P13,12,43
2025-10-13,S8,P13,8,35
2025-10-14,S8,P13,12,171
2025-10-15,S8,P13,7,164
2025-10-16,S8,P13,11,153
2025-10-17,S8,P13,14,139
2025-10-18,S8,P13,14,125
2025-10-19,S8,P13,11,114
2025-10-20,S8,P13,9,105
2025-10-21,S8,P13,7,98
2025-10-22,S8,P13,5,93
2025-10-23,S8,P13,7,86
2025-10-24,S8,P13,8,78
2025-10-25,S8,P13,13,65
2025-10-26,S8,P13,11,54
2025-10-27,S8,P13,6,48
2025-10-28,S8,P13,13,35
2025-10-29,S8,P13,6,221
2025-10-30,S8,P13,8,213
2025-10-31,S8,P13,13,200
2025-11-01,S8,P13,17,183
2025-11-02,S8,P13,11,172
2025-11-03,S8,P13,14,158
2025-11-04,S8,P13,9,149
2025-11-05,S8,P13,14,135
2025-11-06,S8,P13,14,121
2025-11-07,S8,P13,9,112
2025-11-08,S8,P13,16,96
2025-11-09,S8,P13,11,85
2025-11-10,S8,P13,7,78
2025-11-11,S8,P13,12,66
2025-11-12,S8,P13,11,55
2025-11-13,S8,P13,14,41
2025-11-14,S8,P13,11,189
2025-11-15,S8,P13,8,181
2025-11-16,S8,P13,10,171
2025-11-17,S8,P13,9,162
2025-11-18,S8,P13,9,153
2025-11-19,S8,P13,12,141
2025-11-20,S8,P13,6,135
2025-11-21,S8,P13,11,124
2025-11-22,S8,P13,18,106
2025-11-23,S8,P13,7,99
2025-11-24,S8,P13,10,89
2025-11-25,S8,P13,9,80
2025-11-26,S8,P13,8,72
2025-11-27,S8,P13,9,63
2025-11-28,S8,P13,9,54
2025-11-29,S8,P13,8,46
2025-11-30,S8,P13,12,34
2025-12-01,S8,P13,10,161
2025-12-02,S8,P13,12,149
2025-12-03,S8,P13,9,140
2025-12-04,S8,P13,9,131
2025-12-05,S8,P13,12,119
2025-12-06,S8,P13,12,107
2025-12-07,S8,P13,15,92
2025-12-08,S8,P13,10,82
2025-12-09,S8,P13,6,76
2025-12-10,S8,P13,6,70
2025-12-11,S8,P13,8,62
2025-12-12,S8,P13,17,45
2025-12-13,S8,P13,12,33
2025-12-14,S8,P13,9,209
2025-12-15,S8,P13,11,198
2025-12-16,S8,P13,10,188
2025-12-17,S8,P13,7,181
2025-12-18,S8,P13,17,164
2025-12-19,S8,P13,18,146
2025-12-20,S8,P13,17,129
2025-12-21,S8,P13,3,126
2025-12-22,S8,P13,13,113
2025-12-23,S8,P13,12,101
2025-12-24,S8,P13,13,88
2025-12-25,S8,P13,10,78
2025-12-26,S8,P13,7,71
2025-12-27,S8,P13,18,53
2025-12-28,S8,P13,11,42
2025-12-29,S8,P13,6,36
2025-12-30,S8,P13,10,168
2025-12-31,S8,P13,8,160
2026-01-01,S8,P13,10,150
2026-01-02,S8,P13,14,136
2026-01-03,S8,P13,9,127
2026-01-04,S8,P13,7,120
2026-01-05,S8,P13,11,109
2026-01-06,S8,P13,16,93
2026-01-07,S8,P13,10,83
2026-01-08,S8,P13,2,81
2026-01-09,S8,P13,19,62
2026-01-10,S8,P13,16,46
2026-01-11,S8,P13,15,216
2026-01-12,S8,P13,11,205
2026-01-13,S8,P13,15,190
2026-01-14,S8,P13,21,169
2026-01-15,S8,P13,5,164
2026-01-16,S8,P13,16,148
2026-01-17,S8,P13,10,138
2026-01-18,S8,P13,11,127
2026-01-19,S8,P13,10,117
2026-01-20,S8,P13,10,107
2026-01-21,S8,P13,12,95
2026-01-22,S8,P13,10,85
2026-01-23,S8,P13,13,72
2026-01-24,S8,P13,16,56
2026-01-25,S8,P13,15,41
2026-01-26,S8,P13,12,146
2026-01-27,S8,P13,8,138
2026-01-28,S8,P13,9,129
2026-01-29,S8,P13,10,119
2026-01-30,S8,P13,14,105
2026-01-31,S8,P13,12,93
2026-02-01,S8,P13,3,90
2026-02-02,S8,P13,1,89
2026-02-03,S8,P13,3,86
2026-02-04,S8,P13,1,85
2026-02-05,S8,P13,1,84
2026-02-06,S8,P13,2,82
2026-02-07,S8,P13,2,80
2026-02-08,S8,P13,0,80
2026-02-09,S8,P13,2,78
2026-02-10,S8,P13,1,77
2026-02-11,S8,P13,0,77
2026-02-12,S8,P13,1,76
2026-02-13,S8,P13,1,75
2026-02-14,S8,P13,3,72
2026-02-15,S8,P13,4,68
2026-02-16,S8,P13,2,66
2026-02-17,S8,P13,0,66
2026-02-18,S8,P13,4,62
2026-02-19,S8,P13,2,60
2026-02-20,S8,P13,2,58
2026-02-21,S8,P13,0,58
2026-02-22,S8,P13,4,54
2026-02-23,S8,P13,0,54
2026-02-24,S8,P13,1,53
2026-02-25,S8,P13,1,52
2026-02-26,S8,P13,1,51
2026-02-27,S8,P13,1,50
2026-02-28,S8,P13,3,47
2026-03-01,S8,P13,0,47
2026-03-02,S8,P13,1,46
2026-03-03,S8,P13,4,42
2026-03-04,S8,P13,4,38
2026-03-05,S8,P13,1,37
2026-03-06,S8,P13,1,36
2026-03-07,S8,P13,2,34
2026-03-08,S8,P13,0,34
2026-03-09,S8,P13,3,159
2026-03-10,S8,P13,2,157
2026-03-11,S8,P13,1,156
2026-03-12,S8,P13,0,156
2026-03-13,S8,P13,4,152
2026-03-14,S8,P13,2,150
2025-09-01,S8,P14,3,81
2025-09-02,S8,P14,1,80
2025-09-03,S8,P14,1,79
2025-09-04,S8,P14,5,74
2025-09-05,S8,P14,5,69
2025-09-06,S8,P14,3,66
2025-09-07,S8,P14,6,60
2025-09-08,S8,P14,2,58
2025-09-09,S8,P14,5,53
2025-09-10,S8,P14,3,50
2025-09-11,S8,P14,0,50
2025-09-12,S8,P14,5,45
2025-09-13,S8,P14,9,36
2025-09-14,S8,P14,8,28
2025-09-15,S8,P14,3,25
2025-09-16,S8,P14,3,22
2025-09-17,S8,P14,1,21
2025-09-18,S8,P14,6,15
2025-09-19,S8,P14,5,10
2025-09-20,S8,P14,6,62
2025-09-21,S8,P14,3,59
2025-09-22,S8,P14,9,50
2025-09-23,S8,P14,4,46
2025-09-24,S8,P14,5,41
2025-09-25,S8,P14,3,38
2025-09-26,S8,P14,5,33
2025-09-27,S8,P14,1,32
2025-09-28,S8,P14,7,25
2025-09-29,S8,P14,3,22
2025-09-30,S8,P14,4,18
2025-10-01,S8,P14,3,15
2025-10-02,S8,P14,7,62
2025-10-03,S8,P14,5,57
2025-10-04,S8,P14,4,53
2025-10-05,S8,P14,3,50
2025-10-06,S8,P14,1,49
2025-10-07,S8,P14,2,47
2025-10-08,S8,P14,1,46
2025-10-09,S8,P14,3,43
2025-10-10,S8,P14,4,39
2025-10-11,S8,P14,5,34
2025-10-12,S8,P14,3,31
2025-10-13,S8,P14,0,31
2025-10-14,S8,P14,2,29
2025-10-15,S8,P14,2,27
2025-10-16,S8,P14,7,20
2025-10-17,S8,P14,2,18
2025-10-18,S8,P14,5,13
2025-10-19,S8,P14,2,11
2025-10-20,S8,P14,3,49
2025-10-21,S8,P14,7,42
2025-10-22,S8,P14,3,39
2025-10-23,S8,P14,4,35
2025-10-24,S8,P14,7,28
2025-10-25,S8,P14,8,20
2025-10-26,S8,P14,2,18
2025-10-27,S8,P14,5,13
2025-10-28,S8,P14,2,11
2025-10-29,S8,P14,1,10
2025-10-30,S8,P14,4,63
2025-10-31,S8,P14,8,55
2025-11-01,S8,P14,8,47
2025-11-02,S8,P14,5,42
2025-11-03,S8,P14,2,40
2025-11-04,S8,P14,2,38
2025-11-05,S8,P14,3,35
2025-11-06,S8,P14,1,34
2025-11-07,S8,P14,4,30
2025-11-08,S8,P14,4,26
2025-11-09,S8,P14,7,19
2025-11-10,S8,P14,1,18
2025-11-11,S8,P14,3,15
2025-11-12,S8,P14,4,11
2025-11-13,S8,P14,1,10
2025-11-14,S8,P14,2,40
2025-11-15,S8,P14,6,34
2025-11-16,S8,P14,3,31
2025-11-17,S8,P14,2,29
2025-11-18,S8,P14,6,23
2025-11-19,S8,P14,5,18
2025-11-20,S8,P14,0,18
2025-11-21,S8,P14,4,14
2025-11-22,S8,P14,5,70
2025-11-23,S8,P14,3,67
2025-11-24,S8,P14,5,62
2025-11-25,S8,P14,3,59
2025-11-26,S8,P14,1,58
2025-11-27,S8,P14,5,53
2025-11-28,S8,P14,7,46
2025-11-29,S8,P14,3,43
2025-11-30,S8,P14,3,40
2025-12-01,S8,P14,3,37
2025-12-02,S8,P14,5,32
2025-12-03,S8,P14,2,30
2025-12-04,S8,P14,6,24
2025-12-05,S8,P14,3,21
2025-12-06,S8,P14,3,18
2025-12-07,S8,P14,2,16
2025-12-08,S8,P14,3,13
2025-12-09,S8,P14,3,10
2025-12-10,S8,P14,7,35
2025-12-11,S8,P14,6,29
2025-12-12,S8,P14,4,25
2025-12-13,S8,P14,2,23
2025-12-14,S8,P14,5,18
2025-12-15,S8,P14,1,17
2025-12-16,S8,P14,3,14
2025-12-17,S8,P14,5,57
2025-12-18,S8,P14,3,54
2025-12-19,S8,P14,5,49
2025-12-20,S8,P14,7,42
2025-12-21,S8,P14,2,40
2025-12-22,S8,P14,2,38
2025-12-23,S8,P14,0,38
2025-12-24,S8,P14,1,37
2025-12-25,S8,P14,1,36
2025-12-26,S8,P14,1,35
2025-12-27,S8,P14,5,30
2025-12-28,S8,P14,5,25
2025-12-29,S8,P14,2,23
2025-12-30,S8,P14,4,19
2025-12-31,S8,P14,4,15
2026-01-01,S8,P14,2,13
2026-01-02,S8,P14,2,11
2026-01-03,S8,P14,1,10
2026-01-04,S8,P14,3,51
2026-01-05,S8,P14,1,50
2026-01-06,S8,P14,3,47
2026-01-07,S8,P14,3,44
2026-01-08,S8,P14,4,40
2026-01-09,S8,P14,6,34
2026-01-10,S8,P14,1,33
2026-01-11,S8,P14,0,33
2026-01-12,S8,P14,0,33
2026-01-13,S8,P14,4,29
2026-01-14,S8,P14,4,25
2026-01-15,S8,P14,2,23
2026-01-16,S8,P14,6,17
2026-01-17,S8,P14,3,14
2026-01-18,S8,P14,1,13
2026-01-19,S8,P14,4,39
2026-01-20,S8,P14,3,36
2026-01-21,S8,P14,0,36
2026-01-22,S8,P14,2,34
2026-01-23,S8,P14,0,34
2026-01-24,S8,P14,5,29
2026-01-25,S8,P14,1,28
2026-01-26,S8,P14,3,25
2026-01-27,S8,P14,4,21
2026-01-28,S8,P14,2,19
2026-01-29,S8,P14,4,15
2026-01-30,S8,P14,3,12
2026-01-31,S8,P14,4,49
2026-02-01,S8,P14,6,43
2026-02-02,S8,P14,1,42
2026-02-03,S8,P14,4,38
2026-02-04,S8,P14,2,36
2026-02-05,S8,P14,6,30
2026-02-06,S8,P14,5,25
2026-02-07,S8,P14,4,21
2026-02-08,S8,P14,3,18
2026-02-09,S8,P14,4,14
2026-02-10,S8,P14,8,36
2026-02-11,S8,P14,5,31
2026-02-12,S8,P14,6,25
2026-02-13,S8,P14,3,22
2026-02-14,S8,P14,4,18
2026-02-15,S8,P14,5,13
2026-02-16,S8,P14,3,10
2026-02-17,S8,P14,1,68
2026-02-18,S8,P14,3,65
2026-02-19,S8,P14,4,61
2026-02-20,S8,P14,6,55
2026-02-21,S8,P14,4,51
2026-02-22,S8,P14,6,45
2026-02-23,S8,P14,4,41
2026-02-24,S8,P14,3,38
2026-02-25,S8,P14,5,33
2026-02-26,S8,P14,6,27
2026-02-27,S8,P14,2,25
2026-02-28,S8,P14,2,23
2026-03-01,S8,P14,0,23
2026-03-02,S8,P14,2,21
2026-03-03,S8,P14,5,16
2026-03-04,S8,P14,3,13
2026-03-05,S8,P14,7,52
2026-03-06,S8,P14,9,43
2026-03-07,S8,P14,6,37
2026-03-08,S8,P14,5,32
2026-03-09,S8,P14,2,30
2026-03-10,S8,P14,3,27
2026-03-11,S8,P14,4,23
2026-03-12,S8,P14,6,17
2026-03-13,S8,P14,7,10
2026-03-14,S8,P14,4,67
2025-09-01,S8,P15,11,114
2025-09-02,S8,P15,9,105
2025-09-03,S8,P15,7,98
2025-09-04,S8,P15,3,95
2025-09-05,S8,P15,3,92
2025-09-06,S8,P15,4,88
2025-09-07,S8,P15,8,80
2025-09-08,S8,P15,6,74
2025-09-09,S8,P15,3,71
2025-09-10,S8,P15,6,65
2025-09-11,S8,P15,3,62
2025-09-12,S8,P15,6,56
2025-09-13,S8,P15,3,53
2025-09-14,S8,P15,6,47
2025-09-15,S8,P15,9,38
2025-09-16,S8,P15,9,29
2025-09-17,S8,P15,3,26
2025-09-18,S8,P15,3,23
2025-09-19,S8,P15,6,90
2025-09-20,S8,P15,7,83
2025-09-21,S8,P15,7,76
2025-09-22,S8,P15,7,69
2025-09-23,S8,P15,4,65
2025-09-24,S8,P15,9,56
2025-09-25,S8,P15,5,51
2025-09-26,S8,P15,7,44
2025-09-27,S8,P15,8,36
2025-09-28,S8,P15,6,30
2025-09-29,S8,P15,10,20
2025-09-30,S8,P15,6,97
2025-10-01,S8,P15,4,93
2025-10-02,S8,P15,5,88
2025-10-03,S8,P15,5,83
2025-10-04,S8,P15,6,77
2025-10-05,S8,P15,9,68
2025-10-06,S8,P15,5,63
2025-10-07,S8,P15,8,55
2025-10-08,S8,P15,8,47
2025-10-09,S8,P15,9,38
2025-10-10,S8,P15,14,24
2025-10-11,S8,P15,7,120
2025-10-12,S8,P15,6,114
2025-10-13,S8,P15,5,109
2025-10-14,S8,P15,4,105
2025-10-15,S8,P15,9,96
2025-10-16,S8,P15,6,90
2025-10-17,S8,P15,7,83
2025-10-18,S8,P15,10,73
2025-10-19,S8,P15,9,64
2025-10-20,S8,P15,11,53
2025-10-21,S8,P15,5,48
2025-10-22,S8,P15,5,43
2025-10-23,S8,P15,7,36
2025-10-24,S8,P15,9,27
2025-10-25,S8,P15,4,23
2025-10-26,S8,P15,5,18
2025-10-27,S8,P15,9,102
2025-10-28,S8,P15,6,96
2025-10-29,S8,P15,7,89
2025-10-30,S8,P15,7,82
2025-10-31,S8,P15,11,71
2025-11-01,S8,P15,8,63
2025-11-02,S8,P15,6,57
2025-11-03,S8,P15,8,49
2025-11-04,S8,P15,5,44
2025-11-05,S8,P15,7,37
2025-11-06,S8,P15,6,31
2025-11-07,S8,P15,2,29
2025-11-08,S8,P15,5,24
2025-11-09,S8,P15,5,19
2025-11-10,S8,P15,2,70
2025-11-11,S8,P15,8,62
2025-11-12,S8,P15,5,57
2025-11-13,S8,P15,5,52
2025-11-14,S8,P15,4,48
2025-11-15,S8,P15,10,38
2025-11-16,S8,P15,2,36
2025-11-17,S8,P15,4,32
2025-11-18,S8,P15,8,24
2025-11-19,S8,P15,7,100
2025-11-20,S8,P15,12,88
2025-11-21,S8,P15,5,83
2025-11-22,S8,P15,7,76
2025-11-23,S8,P15,3,73
2025-11-24,S8,P15,7,66
2025-11-25,S8,P15,5,61
2025-11-26,S8,P15,5,56
2025-11-27,S8,P15,7,49
2025-11-28,S8,P15,9,40
2025-11-29,S8,P15,8,32
2025-11-30,S8,P15,6,26
2025-12-01,S8,P15,9,88
2025-12-02,S8,P15,2,86
2025-12-03,S8,P15,5,81
2025-12-04,S8,P15,8,73
2025-12-05,S8,P15,10,63
2025-12-06,S8,P15,4,59
2025-12-07,S8,P15,6,53
2025-12-08,S8,P15,6,47
2025-12-09,S8,P15,4,43
2025-12-10,S8,P15,5,38
2025-12-11,S8,P15,2,36
2025-12-12,S8,P15,4,32
2025-12-13,S8,P15,6,26
2025-12-14,S8,P15,3,23
2025-12-15,S8,P15,6,70
2025-12-16,S8,P15,8,62
2025-12-17,S8,P15,6,56
2025-12-18,S8,P15,5,51
2025-12-19,S8,P15,6,45
2025-12-20,S8,P15,10,35
2025-12-21,S8,P15,6,29
2025-12-22,S8,P15,6,23
2025-12-23,S8,P15,7,90
2025-12-24,S8,P15,6,84
2025-12-25,S8,P15,4,80
2025-12-26,S8,P15,9,71
2025-12-27,S8,P15,11,60
2025-12-28,S8,P15,8,52
2025-12-29,S8,P15,4,48
2025-12-30,S8,P15,4,44
2025-12-31,S8,P15,8,36
2026-01-01,S8,P15,8,28
2026-01-02,S8,P15,11,78
2026-01-03,S8,P15,6,72
2026-01-04,S8,P15,8,64
2026-01-05,S8,P15,3,61
2026-01-06,S8,P15,5,56
2026-01-07,S8,P15,5,51
2026-01-08,S8,P15,2,49
2026-01-09,S8,P15,9,40
2026-01-10,S8,P15,10,30
2026-01-11,S8,P15,5,25
2026-01-12,S8,P15,4,21
2026-01-13,S8,P15,3,18
2026-01-14,S8,P15,4,99
2026-01-15,S8,P15,6,93
2026-01-16,S8,P15,10,83
2026-01-17,S8,P15,7,76
2026-01-18,S8,P15,5,71
2026-01-19,S8,P15,5,66
2026-01-20,S8,P15,6,60
2026-01-21,S8,P15,6,54
2026-01-22,S8,P15,1,53
2026-01-23,S8,P15,10,43
2026-01-24,S8,P15,3,40
2026-01-25,S8,P15,3,37
2026-01-26,S8,P15,6,31
2026-01-27,S8,P15,5,26
2026-01-28,S8,P15,2,24
2026-01-29,S8,P15,5,19
2026-01-30,S8,P15,11,83
2026-01-31,S8,P15,10,73
2026-02-01,S8,P15,8,65
2026-02-02,S8,P15,6,59
2026-02-03,S8,P15,5,54
2026-02-04,S8,P15,7,47
2026-02-05,S8,P15,4,43
2026-02-06,S8,P15,9,34
2026-02-07,S8,P15,10,24
2026-02-08,S8,P15,6,18
2026-02-09,S8,P15,8,82
2026-02-10,S8,P15,6,76
2026-02-11,S8,P15,10,66
2026-02-12,S8,P15,9,57
2026-02-13,S8,P15,6,51
2026-02-14,S8,P15,6,45
2026-02-15,S8,P15,6,39
2026-02-16,S8,P15,5,34
2026-02-17,S8,P15,12,22
2026-02-18,S8,P15,2,20
2026-02-19,S8,P15,8,83
2026-02-20,S8,P15,3,80
2026-02-21,S8,P15,10,70
2026-02-22,S8,P15,6,64
2026-02-23,S8,P15,9,55
2026-02-24,S8,P15,5,50
2026-02-25,S8,P15,7,43
2026-02-26,S8,P15,9,34
2026-02-27,S8,P15,6,28
2026-02-28,S8,P15,5,23
2026-03-01,S8,P15,9,76
2026-03-02,S8,P15,12,64
2026-03-03,S8,P15,6,58
2026-03-04,S8,P15,5,53
2026-03-05,S8,P15,5,48
2026-03-06,S8,P15,11,37
2026-03-07,S8,P15,5,32
2026-03-08,S8,P15,7,25
2026-03-09,S8,P15,8,106
2026-03-10,S8,P15,4,102
2026-03-11,S8,P15,5,97
2026-03-12,S8,P15,10,87
2026-03-13,S8,P15,10,77
2026-03-14,S8,P15,10,67
2025-09-01,S8,P16,7,59
2025-09-02,S8,P16,7,52
2025-09-03,S8,P16,5,47
2025-09-04,S8,P16,5,42
2025-09-05,S8,P16,12,30
2025-09-06,S8,P16,4,26
2025-09-07,S8,P16,4,22
2025-09-08,S8,P16,6,16
2025-09-09,S8,P16,4,83
2025-09-10,S8,P16,6,77
2025-09-11,S8,P16,8,69
2025-09-12,S8,P16,11,58
2025-09-13,S8,P16,10,48
2025-09-14,S8,P16,8,40
2025-09-15,S8,P16,6,34
2025-09-16,S8,P16,9,25
2025-09-17,S8,P16,4,21
2025-09-18,S8,P16,4,17
2025-09-19,S8,P16,7,93
2025-09-20,S8,P16,3,90
2025-09-21,S8,P16,2,88
2025-09-22,S8,P16,6,82
2025-09-23,S8,P16,6,76
2025-09-24,S8,P16,3,73
2025-09-25,S8,P16,5,68
2025-09-26,S8,P16,9,59
2025-09-27,S8,P16,8,51
2025-09-28,S8,P16,7,44
2025-09-29,S8,P16,0,44
2025-09-30,S8,P16,10,34
2025-10-01,S8,P16,4,30
2025-10-02,S8,P16,6,24
2025-10-03,S8,P16,5,19
2025-10-04,S8,P16,5,59
2025-10-05,S8,P16,2,57
2025-10-06,S8,P16,5,52
2025-10-07,S8,P16,4,48
2025-10-08,S8,P16,4,44
2025-10-09,S8,P16,5,39
2025-10-10,S8,P16,8,31
2025-10-11,S8,P16,7,24
2025-10-12,S8,P16,6,18
2025-10-13,S8,P16,5,59
2025-10-14,S8,P16,3,56
2025-10-15,S8,P16,4,52
2025-10-16,S8,P16,3,49
2025-10-17,S8,P16,6,43
2025-10-18,S8,P16,5,38
2025-10-19,S8,P16,4,34
2025-10-20,S8,P16,8,26
2025-10-21,S8,P16,10,16
2025-10-22,S8,P16,4,89
2025-10-23,S8,P16,4,85
2025-10-24,S8,P16,7,78
2025-10-25,S8,P16,5,73
2025-10-26,S8,P16,4,69
2025-10-27,S8,P16,4,65
2025-10-28,S8,P16,4,61
2025-10-29,S8,P16,7,54
2025-10-30,S8,P16,8,46
2025-10-31,S8,P16,9,37
2025-11-01,S8,P16,2,35
2025-11-02,S8,P16,8,27
2025-11-03,S8,P16,8,19
2025-11-04,S8,P16,7,56
2025-11-05,S8,P16,10,46
2025-11-06,S8,P16,10,36
2025-11-07,S8,P16,11,25
2025-11-08,S8,P16,8,17
2025-11-09,S8,P16,7,86
2025-11-10,S8,P16,7,79
2025-11-11,S8,P16,5,74
2025-11-12,S8,P16,4,70
2025-11-13,S8,P16,6,64
2025-11-14,S8,P16,7,57
2025-11-15,S8,P16,6,51
2025-11-16,S8,P16,8,43
2025-11-17,S8,P16,9,34
2025-11-18,S8,P16,11,23
2025-11-19,S8,P16,6,17
2025-11-20,S8,P16,6,56
2025-11-21,S8,P16,4,52
2025-11-22,S8,P16,9,43
2025-11-23,S8,P16,11,32
2025-11-24,S8,P16,2,30
2025-11-25,S8,P16,6,24
2025-11-26,S8,P16,1,23
2025-11-27,S8,P16,9,102
2025-11-28,S8,P16,6,96
2025-11-29,S8,P16,12,84
2025-11-30,S8,P16,8,76
2025-12-01,S8,P16,2,74
2025-12-02,S8,P16,10,64
2025-12-03,S8,P16,7,57
2025-12-04,S8,P16,7,50
2025-12-05,S8,P16,6,44
2025-12-06,S8,P16,7,37
2025-12-07,S8,P16,10,27
2025-12-08,S8,P16,5,22
2025-12-09,S8,P16,3,19
2025-12-10,S8,P16,5,99
2025-12-11,S8,P16,3,96
2025-12-12,S8,P16,5,91
2025-12-13,S8,P16,5,86
2025-12-14,S8,P16,7,79
2025-12-15,S8,P16,7,72
2025-12-16,S8,P16,2,70
2025-12-17,S8,P16,3,67
2025-12-18,S8,P16,2,65
2025-12-19,S8,P16,2,63
2025-12-20,S8,P16,5,58
2025-12-21,S8,P16,5,53
2025-12-22,S8,P16,3,50
2025-12-23,S8,P16,5,45
2025-12-24,S8,P16,7,38
2025-12-25,S8,P16,7,31
2025-12-26,S8,P16,6,25
2025-12-27,S8,P16,5,20
2025-12-28,S8,P16,1,19
2025-12-29,S8,P16,1,18
2025-12-30,S8,P16,6,55
2025-12-31,S8,P16,10,45
2026-01-01,S8,P16,7,38
2026-01-02,S8,P16,7,31
2026-01-03,S8,P16,9,22
2026-01-04,S8,P16,3,19
2026-01-05,S8,P16,9,74
2026-01-06,S8,P16,1,73
2026-01-07,S8,P16,6,67
2026-01-08,S8,P16,9,58
2026-01-09,S8,P16,5,53
2026-01-10,S8,P16,7,46
2026-01-11,S8,P16,2,44
2026-01-12,S8,P16,5,39
2026-01-13,S8,P16,4,35
2026-01-14,S8,P16,6,29
2026-01-15,S8,P16,2,27
2026-01-16,S8,P16,5,22
2026-01-17,S8,P16,6,16
2026-01-18,S8,P16,5,79
2026-01-19,S8,P16,4,75
2026-01-20,S8,P16,4,71
2026-01-21,S8,P16,8,63
2026-01-22,S8,P16,5,58
2026-01-23,S8,P16,8,50
2026-01-24,S8,P16,6,44
2026-01-25,S8,P16,6,38
2026-01-26,S8,P16,7,31
2026-01-27,S8,P16,2,29
2026-01-28,S8,P16,2,27
2026-01-29,S8,P16,8,19
2026-01-30,S8,P16,11,72
2026-01-31,S8,P16,4,68
2026-02-01,S8,P16,4,64
2026-02-02,S8,P16,5,59
2026-02-03,S8,P16,5,54
2026-02-04,S8,P16,3,51
2026-02-05,S8,P16,5,46
2026-02-06,S8,P16,8,38
2026-02-07,S8,P16,3,35
2026-02-08,S8,P16,6,29
2026-02-09,S8,P16,3,26
2026-02-10,S8,P16,5,21
2026-02-11,S8,P16,3,18
2026-02-12,S8,P16,1,17
2026-02-13,S8,P16,7,98
2026-02-14,S8,P16,2,96
2026-02-15,S8,P16,6,90
2026-02-16,S8,P16,9,81
2026-02-17,S8,P16,5,76
2026-02-18,S8,P16,5,71
2026-02-19,S8,P16,5,66
2026-02-20,S8,P16,8,58
2026-02-21,S8,P16,7,51
2026-02-22,S8,P16,7,44
2026-02-23,S8,P16,5,39
2026-02-24,S8,P16,6,33
2026-02-25,S8,P16,2,31
2026-02-26,S8,P16,3,28
2026-02-27,S8,P16,4,24
2026-02-28,S8,P16,6,18
2026-03-01,S8,P16,5,86
2026-03-02,S8,P16,2,84
2026-03-03,S8,P16,7,77
2026-03-04,S8,P16,2,75
2026-03-05,S8,P16,8,67
2026-03-06,S8,P16,7,60
2026-03-07,S8,P16,11,49
2026-03-08,S8,P16,1,48
2026-03-09,S8,P16,7,41
2026-03-10,S8,P16,6,35
2026-03-11,S8,P16,4,31
2026-03-12,S8,P16,2,29
2026-03-13,S8,P16,6,23
2026-03-14,S8,P16,8,15
2025-09-01,S8,P17,1,31
2025-09-02,S8,P17,3,28
2025-09-03,S8,P17,2,26
2025-09-04,S8,P17,2,24
2025-09-05,S8,P17,1,23
2025-09-06,S8,P17,2,21
2025-09-07,S8,P17,0,21
2025-09-08,S8,P17,1,20
2025-09-09,S8,P17,1,19
2025-09-10,S8,P17,1,18
2025-09-11,S8,P17,6,12
2025-09-12,S8,P17,2,10
2025-09-13,S8,P17,0,10
2025-09-14,S8,P17,2,8
2025-09-15,S8,P17,1,7
2025-09-16,S8,P17,2,5
2025-09-17,S8,P17,2,21
2025-09-18,S8,P17,1,20
2025-09-19,S8,P17,3,17
2025-09-20,S8,P17,3,14
2025-09-21,S8,P17,1,13
2025-09-22,S8,P17,1,12
2025-09-23,S8,P17,0,12
2025-09-24,S8,P17,1,11
2025-09-25,S8,P17,2,9
2025-09-26,S8,P17,0,9
2025-09-27,S8,P17,4,5
2025-09-28,S8,P17,1,4
2025-09-29,S8,P17,3,14
2025-09-30,S8,P17,3,11
2025-10-01,S8,P17,4,7
2025-10-02,S8,P17,3,4
2025-10-03,S8,P17,2,23
2025-10-04,S8,P17,1,22
2025-10-05,S8,P17,1,21
2025-10-06,S8,P17,3,18
2025-10-07,S8,P17,0,18
2025-10-08,S8,P17,3,15
2025-10-09,S8,P17,1,14
2025-10-10,S8,P17,2,12
2025-10-11,S8,P17,5,7
2025-10-12,S8,P17,5,23
2025-10-13,S8,P17,0,23
2025-10-14,S8,P17,0,23
2025-10-15,S8,P17,3,20
2025-10-16,S8,P17,1,19
2025-10-17,S8,P17,0,19
2025-10-18,S8,P17,1,18
2025-10-19,S8,P17,0,18
2025-10-20,S8,P17,1,17
2025-10-21,S8,P17,0,17
2025-10-22,S8,P17,1,16
2025-10-23,S8,P17,2,14
2025-10-24,S8,P17,2,12
2025-10-25,S8,P17,1,11
2025-10-26,S8,P17,3,8
2025-10-27,S8,P17,3,5
2025-10-28,S8,P17,0,5
2025-10-29,S8,P17,0,5
2025-10-30,S8,P17,0,5
2025-10-31,S8,P17,3,16
2025-11-01,S8,P17,2,14
2025-11-02,S8,P17,0,14
2025-11-03,S8,P17,0,14
2025-11-04,S8,P17,1,13
2025-11-05,S8,P17,1,12
2025-11-06,S8,P17,1,11
2025-11-07,S8,P17,1,10
2025-11-08,S8,P17,1,9
2025-11-09,S8,P17,0,9
2025-11-10,S8,P17,2,7
2025-11-11,S8,P17,2,5
2025-11-12,S8,P17,0,5
2025-11-13,S8,P17,1,4
2025-11-14,S8,P17,4,23
2025-11-15,S8,P17,0,23
2025-11-16,S8,P17,2,21
2025-11-17,S8,P17,0,21
2025-11-18,S8,P17,0,21
2025-11-19,S8,P17,4,17
2025-11-20,S8,P17,2,15
2025-11-21,S8,P17,2,13
2025-11-22,S8,P17,1,12
2025-11-23,S8,P17,1,11
2025-11-24,S8,P17,0,11
2025-11-25,S8,P17,1,10
2025-11-26,S8,P17,0,10
2025-11-27,S8,P17,0,10
2025-11-28,S8,P17,2,8
2025-11-29,S8,P17,5,15
2025-11-30,S8,P17,0,15
2025-12-01,S8,P17,2,13
2025-12-02,S8,P17,1,12
2025-12-03,S8,P17,0,12
2025-12-04,S8,P17,0,12
2025-12-05,S8,P17,3,9
2025-12-06,S8,P17,4,5
2025-12-07,S8,P17,2,25
2025-12-08,S8,P17,2,23
2025-12-09,S8,P17,1,22
2025-12-10,S8,P17,1,21
2025-12-11,S8,P17,1,20
2025-12-12,S8,P17,3,17
2025-12-13,S8,P17,5,12
2025-12-14,S8,P17,1,11
2025-12-15,S8,P17,1,10
2025-12-16,S8,P17,1,9
2025-12-17,S8,P17,2,7
2025-12-18,S8,P17,4,29
2025-12-19,S8,P17,2,27
2025-12-20,S8,P17,2,25
2025-12-21,S8,P17,2,23
2025-12-22,S8,P17,1,22
2025-12-23,S8,P17,2,20
2025-12-24,S8,P17,2,18
2025-12-25,S8,P17,4,14
2025-12-26,S8,P17,2,12
2025-12-27,S8,P17,2,10
2025-12-28,S8,P17,1,9
2025-12-29,S8,P17,3,6
2025-12-30,S8,P17,0,6
2025-12-31,S8,P17,0,6
2026-01-01,S8,P17,1,5
2026-01-02,S8,P17,3,21
2026-01-03,S8,P17,4,17
2026-01-04,S8,P17,0,17
2026-01-05,S8,P17,2,15
2026-01-06,S8,P17,1,14
2026-01-07,S8,P17,1,13
2026-01-08,S8,P17,1,12
2026-01-09,S8,P17,3,9
2026-01-10,S8,P17,1,8
2026-01-11,S8,P17,3,5
2026-01-12,S8,P17,5,21
2026-01-13,S8,P17,1,20
2026-01-14,S8,P17,3,17
2026-01-15,S8,P17,1,16
2026-01-16,S8,P17,1,15
2026-01-17,S8,P17,1,14
2026-01-18,S8,P17,1,13
2026-01-19,S8,P17,3,10
2026-01-20,S8,P17,0,10
2026-01-21,S8,P17,4,6
2026-01-22,S8,P17,1,5
2026-01-23,S8,P17,2,26
2026-01-24,S8,P17,0,26
2026-01-25,S8,P17,1,25
2026-01-26,S8,P17,3,22
2026-01-27,S8,P17,3,19
2026-01-28,S8,P17,1,18
2026-01-29,S8,P17,0,18
2026-01-30,S8,P17,4,14
2026-01-31,S8,P17,1,13
2026-02-01,S8,P17,1,12
2026-02-02,S8,P17,1,11
2026-02-03,S8,P17,1,10
2026-02-04,S8,P17,1,9
2026-02-05,S8,P17,0,9
2026-02-06,S8,P17,0,9
2026-02-07,S8,P17,0,9
2026-02-08,S8,P17,0,9
2026-02-09,S8,P17,3,6
2026-02-10,S8,P17,0,6
2026-02-11,S8,P17,1,5
2026-02-12,S8,P17,0,5
2026-02-13,S8,P17,0,5
2026-02-14,S8,P17,1,4
2026-02-15,S8,P17,0,4
2026-02-16,S8,P17,0,4
2026-02-17,S8,P17,0,4
2026-02-18,S8,P17,0,4
2026-02-19,S8,P17,1,26
2026-02-20,S8,P17,0,26
2026-02-21,S8,P17,0,26
2026-02-22,S8,P17,1,25
2026-02-23,S8,P17,1,24
2026-02-24,S8,P17,1,23
2026-02-25,S8,P17,0,23
2026-02-26,S8,P17,0,23
2026-02-27,S8,P17,0,23
2026-02-28,S8,P17,0,23
2026-03-01,S8,P17,0,23
2026-03-02,S8,P17,0,23
2026-03-03,S8,P17,0,23
2026-03-04,S8,P17,0,23
2026-03-05,S8,P17,1,22
2026-03-06,S8,P17,1,21
2026-03-07,S8,P17,0,21
2026-03-08,S8,P17,0,21
2026-03-09,S8,P17,0,21
2026-03-10,S8,P17,1,20
2026-03-11,S8,P17,0,20
2026-03-12,S8,P17,0,20
2026-03-13,S8,P17,0,20
2026-03-14,S8,P17,0,20
2025-09-01,S8,P18,0,10
2025-09-02,S8,P18,2,8
2025-09-03,S8,P18,0,8
2025-09-04,S8,P18,0,8
2025-09-05,S8,P18,1,7
2025-09-06,S8,P18,1,6
2025-09-07,S8,P18,1,5
2025-09-08,S8,P18,0,5
2025-09-09,S8,P18,0,5
2025-09-10,S8,P18,0,5
2025-09-11,S8,P18,0,5
2025-09-12,S8,P18,2,3
2025-09-13,S8,P18,2,11
2025-09-14,S8,P18,0,11
2025-09-15,S8,P18,0,11
2025-09-16,S8,P18,2,9
2025-09-17,S8,P18,0,9
2025-09-18,S8,P18,1,8
2025-09-19,S8,P18,2,6
2025-09-20,S8,P18,1,5
2025-09-21,S8,P18,0,5
2025-09-22,S8,P18,0,5
2025-09-23,S8,P18,0,5
2025-09-24,S8,P18,1,4
2025-09-25,S8,P18,0,4
2025-09-26,S8,P18,2,12
2025-09-27,S8,P18,2,10
2025-09-28,S8,P18,2,8
2025-09-29,S8,P18,0,8
2025-09-30,S8,P18,0,8
2025-10-01,S8,P18,0,8
2025-10-02,S8,P18,3,5
2025-10-03,S8,P18,0,5
2025-10-04,S8,P18,1,4
2025-10-05,S8,P18,2,12
2025-10-06,S8,P18,0,12
2025-10-07,S8,P18,2,10
2025-10-08,S8,P18,0,10
2025-10-09,S8,P18,0,10
2025-10-10,S8,P18,0,10
2025-10-11,S8,P18,0,10
2025-10-12,S8,P18,0,10
2025-10-13,S8,P18,1,9
2025-10-14,S8,P18,0,9
2025-10-15,S8,P18,2,7
2025-10-16,S8,P18,1,6
2025-10-17,S8,P18,1,5
2025-10-18,S8,P18,0,5
2025-10-19,S8,P18,0,5
2025-10-20,S8,P18,2,3
2025-10-21,S8,P18,1,12
2025-10-22,S8,P18,1,11
2025-10-23,S8,P18,2,9
2025-10-24,S8,P18,1,8
2025-10-25,S8,P18,1,7
2025-10-26,S8,P18,0,7
2025-10-27,S8,P18,2,5
2025-10-28,S8,P18,0,5
2025-10-29,S8,P18,1,4
2025-10-30,S8,P18,1,3
2025-10-31,S8,P18,1,12
2025-11-01,S8,P18,1,11
2025-11-02,S8,P18,0,11
2025-11-03,S8,P18,0,11
2025-11-04,S8,P18,0,11
2025-11-05,S8,P18,0,11
2025-11-06,S8,P18,0,11
2025-11-07,S8,P18,0,11
2025-11-08,S8,P18,0,11
2025-11-09,S8,P18,1,10
2025-11-10,S8,P18,0,10
2025-11-11,S8,P18,1,9
2025-11-12,S8,P18,0,9
2025-11-13,S8,P18,1,8
2025-11-14,S8,P18,1,7
2025-11-15,S8,P18,0,7
2025-11-16,S8,P18,0,7
2025-11-17,S8,P18,1,6
2025-11-18,S8,P18,0,6
2025-11-19,S8,P18,0,6
2025-11-20,S8,P18,0,6
2025-11-21,S8,P18,1,5
2025-11-22,S8,P18,0,5
2025-11-23,S8,P18,0,5
2025-11-24,S8,P18,0,5
2025-11-25,S8,P18,1,4
2025-11-26,S8,P18,1,3
2025-11-27,S8,P18,1,12
2025-11-28,S8,P18,1,11
2025-11-29,S8,P18,0,11
2025-11-30,S8,P18,1,10
2025-12-01,S8,P18,0,10
2025-12-02,S8,P18,0,10
2025-12-03,S8,P18,0,10
2025-12-04,S8,P18,1,9
2025-12-05,S8,P18,0,9
2025-12-06,S8,P18,0,9
2025-12-07,S8,P18,0,9
2025-12-08,S8,P18,1,8
2025-12-09,S8,P18,1,7
2025-12-10,S8,P18,1,6
2025-12-11,S8,P18,0,6
2025-12-12,S8,P18,0,6
2025-12-13,S8,P18,0,6
2025-12-14,S8,P18,0,6
2025-12-15,S8,P18,0,6
2025-12-16,S8,P18,0,6
2025-12-17,S8,P18,0,6
2025-12-18,S8,P18,0,6
2025-12-19,S8,P18,0,6
2025-12-20,S8,P18,0,6
2025-12-21,S8,P18,0,6
2025-12-22,S8,P18,0,6
2025-12-23,S8,P18,0,6
2025-12-24,S8,P18,0,6
2025-12-25,S8,P18,0,6
2025-12-26,S8,P18,0,6
2025-12-27,S8,P18,0,6
2025-12-28,S8,P18,2,4
2025-12-29,S8,P18,1,3
2025-12-30,S8,P18,0,3
2025-12-31,S8,P18,0,3
2026-01-01,S8,P18,0,3
2026-01-02,S8,P18,0,3
2026-01-03,S8,P18,1,12
2026-01-04,S8,P18,1,11
2026-01-05,S8,P18,0,11
2026-01-06,S8,P18,1,10
2026-01-07,S8,P18,1,9
2026-01-08,S8,P18,0,9
2026-01-09,S8,P18,0,9
2026-01-10,S8,P18,1,8
2026-01-11,S8,P18,1,7
2026-01-12,S8,P18,0,7
2026-01-13,S8,P18,1,6
2026-01-14,S8,P18,1,5
2026-01-15,S8,P18,0,5
2026-01-16,S8,P18,0,5
2026-01-17,S8,P18,0,5
2026-01-18,S8,P18,0,5
2026-01-19,S8,P18,1,4
2026-01-20,S8,P18,1,3
2026-01-21,S8,P18,1,12
2026-01-22,S8,P18,0,12
2026-01-23,S8,P18,0,12
2026-01-24,S8,P18,0,12
2026-01-25,S8,P18,1,11
2026-01-26,S8,P18,1,10
2026-01-27,S8,P18,0,10
2026-01-28,S8,P18,0,10
2026-01-29,S8,P18,1,9
2026-01-30,S8,P18,1,8
2026-01-31,S8,P18,0,8
2026-02-01,S8,P18,0,8
2026-02-02,S8,P18,0,8
2026-02-03,S8,P18,1,7
2026-02-04,S8,P18,1,6
2026-02-05,S8,P18,3,3
2026-02-06,S8,P18,2,11
2026-02-07,S8,P18,1,10
2026-02-08,S8,P18,2,8
2026-02-09,S8,P18,0,8
2026-02-10,S8,P18,0,8
2026-02-11,S8,P18,2,6
2026-02-12,S8,P18,0,6
2026-02-13,S8,P18,1,5
2026-02-14,S8,P18,1,4
2026-02-15,S8,P18,1,3
2026-02-16,S8,P18,3,10
2026-02-17,S8,P18,0,10
2026-02-18,S8,P18,0,10
2026-02-19,S8,P18,0,10
2026-02-20,S8,P18,1,9
2026-02-21,S8,P18,0,9
2026-02-22,S8,P18,0,9
2026-02-23,S8,P18,1,8
2026-02-24,S8,P18,0,8
2026-02-25,S8,P18,1,7
2026-02-26,S8,P18,0,7
2026-02-27,S8,P18,1,6
2026-02-28,S8,P18,0,6
2026-03-01,S8,P18,0,6
2026-03-02,S8,P18,0,6
2026-03-03,S8,P18,0,6
2026-03-04,S8,P18,1,5
2026-03-05,S8,P18,1,4
2026-03-06,S8,P18,1,3
2026-03-07,S8,P18,0,3
2026-03-08,S8,P18,0,3
2026-03-09,S8,P18,1,12
2026-03-10,S8,P18,0,12
2026-03-11,S8,P18,1,11
2026-03-12,S8,P18,1,10
2026-03-13,S8,P18,0,10
2026-03-14,S8,P18,2,8
2025-09-01,S8,P19,4,152
2025-09-02,S8,P19,5,147
2025-09-03,S8,P19,7,140
2025-09-04,S8,P19,5,135
2025-09-05,S8,P19,5,130
2025-09-06,S8,P19,5,125
2025-09-07,S8,P19,3,122
2025-09-08,S8,P19,4,118
2025-09-09,S8,P19,6,112
2025-09-10,S8,P19,9,103
2025-09-11,S8,P19,8,95
2025-09-12,S8,P19,16,79
2025-09-13,S8,P19,7,72
2025-09-14,S8,P19,7,65
2025-09-15,S8,P19,3,62
2025-09-16,S8,P19,6,56
2025-09-17,S8,P19,5,51
2025-09-18,S8,P19,6,45
2025-09-19,S8,P19,10,35
2025-09-20,S8,P19,7,28
2025-09-21,S8,P19,11,81
2025-09-22,S8,P19,2,79
2025-09-23,S8,P19,5,74
2025-09-24,S8,P19,4,70
2025-09-25,S8,P19,6,64
2025-09-26,S8,P19,12,52
2025-09-27,S8,P19,7,45
2025-09-28,S8,P19,7,38
2025-09-29,S8,P19,4,34
2025-09-30,S8,P19,14,20
2025-10-01,S8,P19,3,83
2025-10-02,S8,P19,5,78
2025-10-03,S8,P19,5,73
2025-10-04,S8,P19,8,65
2025-10-05,S8,P19,2,63
2025-10-06,S8,P19,7,56
2025-10-07,S8,P19,8,48
2025-10-08,S8,P19,6,42
2025-10-09,S8,P19,9,33
2025-10-10,S8,P19,11,22
2025-10-11,S8,P19,6,75
2025-10-12,S8,P19,8,67
2025-10-13,S8,P19,7,60
2025-10-14,S8,P19,4,56
2025-10-15,S8,P19,4,52
2025-10-16,S8,P19,9,43
2025-10-17,S8,P19,8,35
2025-10-18,S8,P19,7,28
2025-10-19,S8,P19,6,22
2025-10-20,S8,P19,10,121
2025-10-21,S8,P19,5,116
2025-10-22,S8,P19,2,114
2025-10-23,S8,P19,8,106
2025-10-24,S8,P19,11,95
2025-10-25,S8,P19,7,88
2025-10-26,S8,P19,7,81
2025-10-27,S8,P19,10,71
2025-10-28,S8,P19,9,62
2025-10-29,S8,P19,5,57
2025-10-30,S8,P19,3,54
2025-10-31,S8,P19,8,46
2025-11-01,S8,P19,15,31
2025-11-02,S8,P19,7,24
2025-11-03,S8,P19,5,19
2025-11-04,S8,P19,9,90
2025-11-05,S8,P19,5,85
2025-11-06,S8,P19,7,78
2025-11-07,S8,P19,11,67
2025-11-08,S8,P19,14,53
2025-11-09,S8,P19,7,46
2025-11-10,S8,P19,4,42
2025-11-11,S8,P19,2,40
2025-11-12,S8,P19,15,25
2025-11-13,S8,P19,7,114
2025-11-14,S8,P19,7,107
2025-11-15,S8,P19,5,102
2025-11-16,S8,P19,2,100
2025-11-17,S8,P19,6,94
2025-11-18,S8,P19,11,83
2025-11-19,S8,P19,4,79
2025-11-20,S8,P19,18,61
2025-11-21,S8,P19,11,50
2025-11-22,S8,P19,9,41
2025-11-23,S8,P19,7,34
2025-11-24,S8,P19,5,29
2025-11-25,S8,P19,7,22
2025-11-26,S8,P19,7,120
2025-11-27,S8,P19,7,113
2025-11-28,S8,P19,13,100
2025-11-29,S8,P19,7,93
2025-11-30,S8,P19,4,89
2025-12-01,S8,P19,4,85
2025-12-02,S8,P19,7,78
2025-12-03,S8,P19,8,70
2025-12-04,S8,P19,6,64
2025-12-05,S8,P19,5,59
2025-12-06,S8,P19,4,55
2025-12-07,S8,P19,3,52
2025-12-08,S8,P19,6,46
2025-12-09,S8,P19,6,40
2025-12-10,S8,P19,6,34
2025-12-11,S8,P19,5,29
2025-12-12,S8,P19,6,23
2025-12-13,S8,P19,4,19
2025-12-14,S8,P19,9,109
2025-12-15,S8,P19,8,101
2025-12-16,S8,P19,3,98
2025-12-17,S8,P19,6,92
2025-12-18,S8,P19,6,86
2025-12-19,S8,P19,8,78
2025-12-20,S8,P19,9,69
2025-12-21,S8,P19,4,65
2025-12-22,S8,P19,3,62
2025-12-23,S8,P19,12,50
2025-12-24,S8,P19,0,50
2025-12-25,S8,P19,6,44
2025-12-26,S8,P19,11,33
2025-12-27,S8,P19,3,30
2025-12-28,S8,P19,8,22
2025-12-29,S8,P19,5,132
2025-12-30,S8,P19,6,126
2025-12-31,S8,P19,4,122
2026-01-01,S8,P19,6,116
2026-01-02,S8,P19,9,107
2026-01-03,S8,P19,6,101
2026-01-04,S8,P19,8,93
2026-01-05,S8,P19,5,88
2026-01-06,S8,P19,6,82
2026-01-07,S8,P19,7,75
2026-01-08,S8,P19,10,65
2026-01-09,S8,P19,7,58
2026-01-10,S8,P19,7,51
2026-01-11,S8,P19,6,45
2026-01-12,S8,P19,10,35
2026-01-13,S8,P19,8,27
2026-01-14,S8,P19,7,20
2026-01-15,S8,P19,9,106
2026-01-16,S8,P19,7,99
2026-01-17,S8,P19,11,88
2026-01-18,S8,P19,4,84
2026-01-19,S8,P19,10,74
2026-01-20,S8,P19,8,66
2026-01-21,S8,P19,7,59
2026-01-22,S8,P19,11,48
2026-01-23,S8,P19,7,41
2026-01-24,S8,P19,7,34
2026-01-25,S8,P19,4,30
2026-01-26,S8,P19,3,27
2026-01-27,S8,P19,6,21
2026-01-28,S8,P19,4,113
2026-01-29,S8,P19,1,112
2026-01-30,S8,P19,11,101
2026-01-31,S8,P19,9,92
2026-02-01,S8,P19,7,85
2026-02-02,S8,P19,7,78
2026-02-03,S8,P19,4,74
2026-02-04,S8,P19,10,64
2026-02-05,S8,P19,11,53
2026-02-06,S8,P19,12,41
2026-02-07,S8,P19,12,29
2026-02-08,S8,P19,8,21
2026-02-09,S8,P19,2,19
2026-02-10,S8,P19,7,72
2026-02-11,S8,P19,5,67
2026-02-12,S8,P19,3,64
2026-02-13,S8,P19,8,56
2026-02-14,S8,P19,8,48
2026-02-15,S8,P19,3,45
2026-02-16,S8,P19,12,33
2026-02-17,S8,P19,8,25
2026-02-18,S8,P19,6,19
2026-02-19,S8,P19,7,118
2026-02-20,S8,P19,6,112
2026-02-21,S8,P19,10,102
2026-02-22,S8,P19,6,96
2026-02-23,S8,P19,10,86
2026-02-24,S8,P19,5,81
2026-02-25,S8,P19,9,72
2026-02-26,S8,P19,3,69
2026-02-27,S8,P19,9,60
2026-02-28,S8,P19,5,55
2026-03-01,S8,P19,8,47
2026-03-02,S8,P19,5,42
2026-03-03,S8,P19,10,32
2026-03-04,S8,P19,5,27
2026-03-05,S8,P19,10,133
2026-03-06,S8,P19,9,124
2026-03-07,S8,P19,6,118
2026-03-08,S8,P19,4,114
2026-03-09,S8,P19,6,108
2026-03-10,S8,P19,7,101
2026-03-11,S8,P19,5,96
2026-03-12,S8,P19,9,87
2026-03-13,S8,P19,4,83
2026-03-14,S8,P19,4,79
2025-09-01,S8,P20,5,72
2025-09-02,S8,P20,4,68
2025-09-03,S8,P20,5,63
2025-09-04,S8,P20,4,59
2025-09-05,S8,P20,4,55
2025-09-06,S8,P20,4,51
2025-09-07,S8,P20,3,48
2025-09-08,S8,P20,5,43
2025-09-09,S8,P20,5,38
2025-09-10,S8,P20,4,34
2025-09-11,S8,P20,5,29
2025-09-12,S8,P20,6,23
2025-09-13,S8,P20,7,16
2025-09-14,S8,P20,4,74
2025-09-15,S8,P20,2,72
2025-09-16,S8,P20,3,69
2025-09-17,S8,P20,3,66
2025-09-18,S8,P20,5,61
2025-09-19,S8,P20,7,54
2025-09-20,S8,P20,7,47
2025-09-21,S8,P20,3,44
2025-09-22,S8,P20,5,39
2025-09-23,S8,P20,3,36
2025-09-24,S8,P20,4,32
2025-09-25,S8,P20,3,29
2025-09-26,S8,P20,8,21
2025-09-27,S8,P20,5,16
2025-09-28,S8,P20,3,13
2025-09-29,S8,P20,6,68
2025-09-30,S8,P20,5,63
2025-10-01,S8,P20,6,57
2025-10-02,S8,P20,2,55
2025-10-03,S8,P20,5,50
2025-10-04,S8,P20,2,48
2025-10-05,S8,P20,0,48
2025-10-06,S8,P20,3,45
2025-10-07,S8,P20,5,40
2025-10-08,S8,P20,5,35
2025-10-09,S8,P20,4,31
2025-10-10,S8,P20,5,26
2025-10-11,S8,P20,6,20
2025-10-12,S8,P20,4,16
2025-10-13,S8,P20,2,14
2025-10-14,S8,P20,6,70
2025-10-15,S8,P20,3,67
2025-10-16,S8,P20,4,63
2025-10-17,S8,P20,4,59
2025-10-18,S8,P20,3,56
2025-10-19,S8,P20,3,53
2025-10-20,S8,P20,5,48
2025-10-21,S8,P20,5,43
2025-10-22,S8,P20,1,42
2025-10-23,S8,P20,7,35
2025-10-24,S8,P20,5,30
2025-10-25,S8,P20,5,25
2025-10-26,S8,P20,2,23
2025-10-27,S8,P20,4,19
2025-10-28,S8,P20,8,63
2025-10-29,S8,P20,5,58
2025-10-30,S8,P20,3,55
2025-10-31,S8,P20,9,46
2025-11-01,S8,P20,9,37
2025-11-02,S8,P20,8,29
2025-11-03,S8,P20,5,24
2025-11-04,S8,P20,2,22
2025-11-05,S8,P20,3,19
2025-11-06,S8,P20,6,13
2025-11-07,S8,P20,5,61
2025-11-08,S8,P20,6,55
2025-11-09,S8,P20,11,44
2025-11-10,S8,P20,7,37
2025-11-11,S8,P20,2,35
2025-11-12,S8,P20,3,32
2025-11-13,S8,P20,2,30
2025-11-14,S8,P20,5,25
2025-11-15,S8,P20,7,18
2025-11-16,S8,P20,4,14
2025-11-17,S8,P20,5,67
2025-11-18,S8,P20,1,66
2025-11-19,S8,P20,7,59
2025-11-20,S8,P20,3,56
2025-11-21,S8,P20,6,50
2025-11-22,S8,P20,4,46
2025-11-23,S8,P20,6,40
2025-11-24,S8,P20,5,35
2025-11-25,S8,P20,4,31
2025-11-26,S8,P20,4,27
2025-11-27,S8,P20,4,23
2025-11-28,S8,P20,5,18
2025-11-29,S8,P20,4,14
2025-11-30,S8,P20,4,56
2025-12-01,S8,P20,4,52
2025-12-02,S8,P20,3,49
2025-12-03,S8,P20,5,44
2025-12-04,S8,P20,9,35
2025-12-05,S8,P20,7,28
2025-12-06,S8,P20,7,21
2025-12-07,S8,P20,4,17
2025-12-08,S8,P20,8,59
2025-12-09,S8,P20,6,53
2025-12-10,S8,P20,6,47
2025-12-11,S8,P20,3,44
2025-12-12,S8,P20,3,41
2025-12-13,S8,P20,7,34
2025-12-14,S8,P20,7,27
2025-12-15,S8,P20,3,24
2025-12-16,S8,P20,7,17
2025-12-17,S8,P20,5,79
2025-12-18,S8,P20,3,76
2025-12-19,S8,P20,2,74
2025-12-20,S8,P20,4,70
2025-12-21,S8,P20,5,65
2025-12-22,S8,P20,1,64
2025-12-23,S8,P20,5,59
2025-12-24,S8,P20,4,55
2025-12-25,S8,P20,2,53
2025-12-26,S8,P20,5,48
2025-12-27,S8,P20,2,46
2025-12-28,S8,P20,2,44
2025-12-29,S8,P20,11,33
2025-12-30,S8,P20,3,30
2025-12-31,S8,P20,2,28
2026-01-01,S8,P20,5,23
2026-01-02,S8,P20,5,18
2026-01-03,S8,P20,2,16
2026-01-04,S8,P20,6,73
2026-01-05,S8,P20,3,70
2026-01-06,S8,P20,5,65
2026-01-07,S8,P20,2,63
2026-01-08,S8,P20,7,56
2026-01-09,S8,P20,5,51
2026-01-10,S8,P20,2,49
2026-01-11,S8,P20,6,43
2026-01-12,S8,P20,5,38
2026-01-13,S8,P20,3,35
2026-01-14,S8,P20,8,27
2026-01-15,S8,P20,5,22
2026-01-16,S8,P20,5,17
2026-01-17,S8,P20,5,80
2026-01-18,S8,P20,1,79
2026-01-19,S8,P20,4,75
2026-01-20,S8,P20,5,70
2026-01-21,S8,P20,6,64
2026-01-22,S8,P20,4,60
2026-01-23,S8,P20,8,52
2026-01-24,S8,P20,1,51
2026-01-25,S8,P20,7,44
2026-01-26,S8,P20,3,41
2026-01-27,S8,P20,4,37
2026-01-28,S8,P20,7,30
2026-01-29,S8,P20,5,25
2026-01-30,S8,P20,6,19
2026-01-31,S8,P20,5,14
2026-02-01,S8,P20,0,14
2026-02-02,S8,P20,6,45
2026-02-03,S8,P20,7,38
2026-02-04,S8,P20,3,35
2026-02-05,S8,P20,9,26
2026-02-06,S8,P20,7,19
2026-02-07,S8,P20,6,13
2026-02-08,S8,P20,4,72
2026-02-09,S8,P20,4,68
2026-02-10,S8,P20,3,65
2026-02-11,S8,P20,7,58
2026-02-12,S8,P20,5,53
2026-02-13,S8,P20,5,48
2026-02-14,S8,P20,3,45
2026-02-15,S8,P20,2,43
2026-02-16,S8,P20,3,40
2026-02-17,S8,P20,5,35
2026-02-18,S8,P20,1,34
2026-02-19,S8,P20,6,28
2026-02-20,S8,P20,5,23
2026-02-21,S8,P20,4,19
2026-02-22,S8,P20,3,16
2026-02-23,S8,P20,4,76
2026-02-24,S8,P20,5,71
2026-02-25,S8,P20,2,69
2026-02-26,S8,P20,5,64
2026-02-27,S8,P20,8,56
2026-02-28,S8,P20,6,50
2026-03-01,S8,P20,4,46
2026-03-02,S8,P20,3,43
2026-03-03,S8,P20,5,38
2026-03-04,S8,P20,8,30
2026-03-05,S8,P20,5,25
2026-03-06,S8,P20,3,22
2026-03-07,S8,P20,4,18
2026-03-08,S8,P20,3,15
2026-03-09,S8,P20,1,14
2026-03-10,S8,P20,6,87
2026-03-11,S8,P20,10,77
2026-03-12,S8,P20,11,66
2026-03-13,S8,P20,11,55
2026-03-14,S8,P20,6,49
2025-09-01,S9,P1,2,105
2025-09-02,S9,P1,12,93
2025-09-03,S9,P1,4,89
2025-09-04,S9,P1,3,86
2025-09-05,S9,P1,2,84
2025-09-06,S9,P1,4,80
2025-09-07,S9,P1,4,76
2025-09-08,S9,P1,1,75
2025-09-09,S9,P1,4,71
2025-09-10,S9,P1,7,64
2025-09-11,S9,P1,5,59
2025-09-12,S9,P1,4,55
2025-09-13,S9,P1,8,47
2025-09-14,S9,P1,5,42
2025-09-15,S9,P1,6,36
2025-09-16,S9,P1,1,35
2025-09-17,S9,P1,1,34
2025-09-18,S9,P1,3,31
2025-09-19,S9,P1,9,22
2025-09-20,S9,P1,2,20
2025-09-21,S9,P1,2,18
2025-09-22,S9,P1,4,14
2025-09-23,S9,P1,6,80
2025-09-24,S9,P1,9,71
2025-09-25,S9,P1,1,70
2025-09-26,S9,P1,1,69
2025-09-27,S9,P1,5,64
2025-09-28,S9,P1,1,63
2025-09-29,S9,P1,6,57
2025-09-30,S9,P1,10,47
2025-10-01,S9,P1,3,44
2025-10-02,S9,P1,2,42
2025-10-03,S9,P1,7,35
2025-10-04,S9,P1,4,31
2025-10-05,S9,P1,2,29
2025-10-06,S9,P1,4,25
2025-10-07,S9,P1,3,22
2025-10-08,S9,P1,4,18
2025-10-09,S9,P1,6,63
2025-10-10,S9,P1,11,52
2025-10-11,S9,P1,2,50
2025-10-12,S9,P1,7,43
2025-10-13,S9,P1,0,43
2025-10-14,S9,P1,7,36
2025-10-15,S9,P1,3,33
2025-10-16,S9,P1,6,27
2025-10-17,S9,P1,6,21
2025-10-18,S9,P1,8,72
2025-10-19,S9,P1,5,67
2025-10-20,S9,P1,3,64
2025-10-21,S9,P1,4,60
2025-10-22,S9,P1,0,60
2025-10-23,S9,P1,1,59
2025-10-24,S9,P1,6,53
2025-10-25,S9,P1,4,49
2025-10-26,S9,P1,3,46
2025-10-27,S9,P1,6,40
2025-10-28,S9,P1,5,35
2025-10-29,S9,P1,3,32
2025-10-30,S9,P1,7,25
2025-10-31,S9,P1,7,18
2025-11-01,S9,P1,4,14
2025-11-02,S9,P1,5,80
2025-11-03,S9,P1,5,75
2025-11-04,S9,P1,5,70
2025-11-05,S9,P1,8,62
2025-11-06,S9,P1,2,60
2025-11-07,S9,P1,7,53
2025-11-08,S9,P1,5,48
2025-11-09,S9,P1,3,45
2025-11-10,S9,P1,4,41
2025-11-11,S9,P1,5,36
2025-11-12,S9,P1,5,31
2025-11-13,S9,P1,4,27
2025-11-14,S9,P1,3,24
2025-11-15,S9,P1,5,19
2025-11-16,S9,P1,3,16
2025-11-17,S9,P1,10,78
2025-11-18,S9,P1,4,74
2025-11-19,S9,P1,3,71
2025-11-20,S9,P1,5,66
2025-11-21,S9,P1,3,63
2025-11-22,S9,P1,10,53
2025-11-23,S9,P1,6,47
2025-11-24,S9,P1,3,44
2025-11-25,S9,P1,2,42
2025-11-26,S9,P1,8,34
2025-11-27,S9,P1,6,28
2025-11-28,S9,P1,6,22
2025-11-29,S9,P1,5,17
2025-11-30,S9,P1,8,74
2025-12-01,S9,P1,5,69
2025-12-02,S9,P1,3,66
2025-12-03,S9,P1,5,61
2025-12-04,S9,P1,7,54
2025-12-05,S9,P1,7,47
2025-12-06,S9,P1,8,39
2025-12-07,S9,P1,4,35
2025-12-08,S9,P1,2,33
2025-12-09,S9,P1,4,29
2025-12-10,S9,P1,6,23
2025-12-11,S9,P1,9,14
2025-12-12,S9,P1,3,57
2025-12-13,S9,P1,3,54
2025-12-14,S9,P1,4,50
2025-12-15,S9,P1,3,47
2025-12-16,S9,P1,8,39
2025-12-17,S9,P1,6,33
2025-12-18,S9,P1,4,29
2025-12-19,S9,P1,6,23
2025-12-20,S9,P1,6,17
2025-12-21,S9,P1,3,14
2025-12-22,S9,P1,4,71
2025-12-23,S9,P1,5,66
2025-12-24,S9,P1,7,59
2025-12-25,S9,P1,6,53
2025-12-26,S9,P1,3,50
2025-12-27,S9,P1,7,43
2025-12-28,S9,P1,5,38
2025-12-29,S9,P1,4,34
2025-12-30,S9,P1,3,31
2025-12-31,S9,P1,4,27
2026-01-01,S9,P1,2,25
2026-01-02,S9,P1,7,18
2026-01-03,S9,P1,9,48
2026-01-04,S9,P1,4,44
2026-01-05,S9,P1,1,43
2026-01-06,S9,P1,2,41
2026-01-07,S9,P1,2,39
2026-01-08,S9,P1,7,32
2026-01-09,S9,P1,7,25
2026-01-10,S9,P1,6,19
2026-01-11,S9,P1,2,17
2026-01-12,S9,P1,5,52
2026-01-13,S9,P1,3,49
2026-01-14,S9,P1,3,46
2026-01-15,S9,P1,6,40
2026-01-16,S9,P1,3,37
2026-01-17,S9,P1,4,33
2026-01-18,S9,P1,2,31
2026-01-19,S9,P1,4,27
2026-01-20,S9,P1,1,26
2026-01-21,S9,P1,5,21
2026-01-22,S9,P1,6,15
2026-01-23,S9,P1,7,66
2026-01-24,S9,P1,8,58
2026-01-25,S9,P1,5,53
2026-01-26,S9,P1,10,43
2026-01-27,S9,P1,5,38
2026-01-28,S9,P1,5,33
2026-01-29,S9,P1,6,27
2026-01-30,S9,P1,6,21
2026-01-31,S9,P1,9,66
2026-02-01,S9,P1,1,65
2026-02-02,S9,P1,3,62
2026-02-03,S9,P1,2,60
2026-02-04,S9,P1,1,59
2026-02-05,S9,P1,8,51
2026-02-06,S9,P1,3,48
2026-02-07,S9,P1,6,42
2026-02-08,S9,P1,5,37
2026-02-09,S9,P1,0,37
2026-02-10,S9,P1,1,36
2026-02-11,S9,P1,4,32
2026-02-12,S9,P1,10,22
2026-02-13,S9,P1,7,15
2026-02-14,S9,P1,8,70
2026-02-15,S9,P1,4,66
2026-02-16,S9,P1,2,64
2026-02-17,S9,P1,7,57
2026-02-18,S9,P1,9,48
2026-02-19,S9,P1,8,40
2026-02-20,S9,P1,7,33
2026-02-21,S9,P1,5,28
2026-02-22,S9,P1,4,24
2026-02-23,S9,P1,3,21
2026-02-24,S9,P1,10,67
2026-02-25,S9,P1,10,57
2026-02-26,S9,P1,1,56
2026-02-27,S9,P1,1,55
2026-02-28,S9,P1,6,49
2026-03-01,S9,P1,3,46
2026-03-02,S9,P1,5,41
2026-03-03,S9,P1,6,35
2026-03-04,S9,P1,1,34
2026-03-05,S9,P1,4,30
2026-03-06,S9,P1,5,25
2026-03-07,S9,P1,6,19
2026-03-08,S9,P1,4,15
2026-03-09,S9,P1,5,54
2026-03-10,S9,P1,6,48
2026-03-11,S9,P1,3,45
2026-03-12,S9,P1,4,41
2026-03-13,S9,P1,5,36
2026-03-14,S9,P1,6,30
2025-09-01,S9,P2,0,15
2025-09-02,S9,P2,1,14
2025-09-03,S9,P2,1,13
2025-09-04,S9,P2,0,13
2025-09-05,S9,P2,0,13
2025-09-06,S9,P2,1,12
2025-09-07,S9,P2,1,11
2025-09-08,S9,P2,0,11
2025-09-09,S9,P2,0,11
2025-09-10,S9,P2,4,7
2025-09-11,S9,P2,0,7
2025-09-12,S9,P2,0,7
2025-09-13,S9,P2,3,4
2025-09-14,S9,P2,1,3
2025-09-15,S9,P2,1,12
2025-09-16,S9,P2,0,12
2025-09-17,S9,P2,1,11
2025-09-18,S9,P2,0,11
2025-09-19,S9,P2,1,10
2025-09-20,S9,P2,1,9
2025-09-21,S9,P2,0,9
2025-09-22,S9,P2,0,9
2025-09-23,S9,P2,0,9
2025-09-24,S9,P2,0,9
2025-09-25,S9,P2,1,8
2025-09-26,S9,P2,1,7
2025-09-27,S9,P2,2,5
2025-09-28,S9,P2,0,5
2025-09-29,S9,P2,0,5
2025-09-30,S9,P2,1,4
2025-10-01,S9,P2,2,12
2025-10-02,S9,P2,0,12
2025-10-03,S9,P2,4,8
2025-10-04,S9,P2,0,8
2025-10-05,S9,P2,3,5
2025-10-06,S9,P2,0,5
2025-10-07,S9,P2,1,4
2025-10-08,S9,P2,0,4
2025-10-09,S9,P2,1,3
2025-10-10,S9,P2,0,3
2025-10-11,S9,P2,0,3
2025-10-12,S9,P2,0,3
2025-10-13,S9,P2,1,15
2025-10-14,S9,P2,1,14
2025-10-15,S9,P2,0,14
2025-10-16,S9,P2,0,14
2025-10-17,S9,P2,0,14
2025-10-18,S9,P2,1,13
2025-10-19,S9,P2,1,12
2025-10-20,S9,P2,1,11
2025-10-21,S9,P2,2,9
2025-10-22,S9,P2,1,8
2025-10-23,S9,P2,0,8
2025-10-24,S9,P2,2,6
2025-10-25,S9,P2,1,5
2025-10-26,S9,P2,5,10
2025-10-27,S9,P2,0,10
2025-10-28,S9,P2,1,9
2025-10-29,S9,P2,1,8
2025-10-30,S9,P2,1,7
2025-10-31,S9,P2,1,6
2025-11-01,S9,P2,3,3
2025-11-02,S9,P2,2,14
2025-11-03,S9,P2,0,14
2025-11-04,S9,P2,0,14
2025-11-05,S9,P2,0,14
2025-11-06,S9,P2,0,14
2025-11-07,S9,P2,3,11
2025-11-08,S9,P2,1,10
2025-11-09,S9,P2,0,10
2025-11-10,S9,P2,2,8
2025-11-11,S9,P2,3,5
2025-11-12,S9,P2,0,5
2025-11-13,S9,P2,1,4
2025-11-14,S9,P2,2,12
2025-11-15,S9,P2,4,8
2025-11-16,S9,P2,0,8
2025-11-17,S9,P2,0,8
2025-11-18,S9,P2,0,8
2025-11-19,S9,P2,0,8
2025-11-20,S9,P2,1,7
2025-11-21,S9,P2,3,4
2025-11-22,S9,P2,2,15
2025-11-23,S9,P2,0,15
2025-11-24,S9,P2,0,15
2025-11-25,S9,P2,0,15
2025-11-26,S9,P2,1,14
2025-11-27,S9,P2,0,14
2025-11-28,S9,P2,1,13
2025-11-29,S9,P2,1,12
2025-11-30,S9,P2,1,11
2025-12-01,S9,P2,2,9
2025-12-02,S9,P2,0,9
2025-12-03,S9,P2,2,7
2025-12-04,S9,P2,0,7
2025-12-05,S9,P2,0,7
2025-12-06,S9,P2,0,7
2025-12-07,S9,P2,1,6
2025-12-08,S9,P2,0,6
2025-12-09,S9,P2,0,6
2025-12-10,S9,P2,0,6
2025-12-11,S9,P2,0,6
2025-12-12,S9,P2,0,6
2025-12-13,S9,P2,1,5
2025-12-14,S9,P2,2,3
2025-12-15,S9,P2,0,3
2025-12-16,S9,P2,1,12
2025-12-17,S9,P2,1,11
2025-12-18,S9,P2,2,9
2025-12-19,S9,P2,1,8
2025-12-20,S9,P2,2,6
2025-12-21,S9,P2,1,5
2025-12-22,S9,P2,0,5
2025-12-23,S9,P2,1,4
2025-12-24,S9,P2,0,4
2025-12-25,S9,P2,0,4
2025-12-26,S9,P2,2,12
2025-12-27,S9,P2,0,12
2025-12-28,S9,P2,0,12
2025-12-29,S9,P2,1,11
2025-12-30,S9,P2,0,11
2025-12-31,S9,P2,1,10
2026-01-01,S9,P2,1,9
2026-01-02,S9,P2,0,9
2026-01-03,S9,P2,0,9
2026-01-04,S9,P2,0,9
2026-01-05,S9,P2,1,8
2026-01-06,S9,P2,1,7
2026-01-07,S9,P2,1,6
2026-01-08,S9,P2,2,4
2026-01-09,S9,P2,0,4
2026-01-10,S9,P2,2,12
2026-01-11,S9,P2,1,11
2026-01-12,S9,P2,2,9
2026-01-13,S9,P2,1,8
2026-01-14,S9,P2,1,7
2026-01-15,S9,P2,1,6
2026-01-16,S9,P2,2,4
2026-01-17,S9,P2,0,4
2026-01-18,S9,P2,1,3
2026-01-19,S9,P2,0,3
2026-01-20,S9,P2,1,12
2026-01-21,S9,P2,1,11
2026-01-22,S9,P2,1,10
2026-01-23,S9,P2,4,6
2026-01-24,S9,P2,0,6
2026-01-25,S9,P2,0,6
2026-01-26,S9,P2,5,14
2026-01-27,S9,P2,1,13
2026-01-28,S9,P2,1,12
2026-01-29,S9,P2,2,10
2026-01-30,S9,P2,0,10
2026-01-31,S9,P2,0,10
2026-02-01,S9,P2,1,9
2026-02-02,S9,P2,1,8
2026-02-03,S9,P2,0,8
2026-02-04,S9,P2,2,6
2026-02-05,S9,P2,1,5
2026-02-06,S9,P2,0,5
2026-02-07,S9,P2,0,5
2026-02-08,S9,P2,1,4
2026-02-09,S9,P2,0,4
2026-02-10,S9,P2,1,3
2026-02-11,S9,P2,0,3
2026-02-12,S9,P2,0,3
2026-02-13,S9,P2,0,3
2026-02-14,S9,P2,0,3
2026-02-15,S9,P2,0,3
2026-02-16,S9,P2,1,12
2026-02-17,S9,P2,1,11
2026-02-18,S9,P2,3,8
2026-02-19,S9,P2,0,8
2026-02-20,S9,P2,0,8
2026-02-21,S9,P2,2,6
2026-02-22,S9,P2,2,4
2026-02-23,S9,P2,0,4
2026-02-24,S9,P2,1,3
2026-02-25,S9,P2,1,13
2026-02-26,S9,P2,0,13
2026-02-27,S9,P2,1,12
2026-02-28,S9,P2,0,12
2026-03-01,S9,P2,0,12
2026-03-02,S9,P2,0,12
2026-03-03,S9,P2,2,10
2026-03-04,S9,P2,0,10
2026-03-05,S9,P2,0,10
2026-03-06,S9,P2,0,10
2026-03-07,S9,P2,2,8
2026-03-08,S9,P2,0,8
2026-03-09,S9,P2,1,7
2026-03-10,S9,P2,1,6
2026-03-11,S9,P2,3,3
2026-03-12,S9,P2,0,3
2026-03-13,S9,P2,0,3
2026-03-14,S9,P2,0,3
2025-09-01,S9,P3,2,47
2025-09-02,S9,P3,5,42
2025-09-03,S9,P3,2,40
2025-09-04,S9,P3,4,36
2025-09-05,S9,P3,2,34
2025-09-06,S9,P3,6,28
2025-09-07,S9,P3,1,27
2025-09-08,S9,P3,4,23
2025-09-09,S9,P3,2,21
2025-09-10,S9,P3,3,18
2025-09-11,S9,P3,3,15
2025-09-12,S9,P3,4,11
2025-09-13,S9,P3,4,55
2025-09-14,S9,P3,0,55
2025-09-15,S9,P3,2,53
2025-09-16,S9,P3,3,50
2025-09-17,S9,P3,2,48
2025-09-18,S9,P3,3,45
2025-09-19,S9,P3,1,44
2025-09-20,S9,P3,5,39
2025-09-21,S9,P3,2,37
2025-09-22,S9,P3,4,33
2025-09-23,S9,P3,1,32
2025-09-24,S9,P3,4,28
2025-09-25,S9,P3,0,28
2025-09-26,S9,P3,6,22
2025-09-27,S9,P3,3,19
2025-09-28,S9,P3,3,16
2025-09-29,S9,P3,4,12
2025-09-30,S9,P3,6,32
2025-10-01,S9,P3,3,29
2025-10-02,S9,P3,3,26
2025-10-03,S9,P3,5,21
2025-10-04,S9,P3,2,19
2025-10-05,S9,P3,2,17
2025-10-06,S9,P3,2,15
2025-10-07,S9,P3,5,10
2025-10-08,S9,P3,0,10
2025-10-09,S9,P3,1,9
2025-10-10,S9,P3,3,37
2025-10-11,S9,P3,3,34
2025-10-12,S9,P3,4,30
2025-10-13,S9,P3,1,29
2025-10-14,S9,P3,5,24
2025-10-15,S9,P3,3,21
2025-10-16,S9,P3,4,17
2025-10-17,S9,P3,1,16
2025-10-18,S9,P3,6,10
2025-10-19,S9,P3,4,31
2025-10-20,S9,P3,3,28
2025-10-21,S9,P3,1,27
2025-10-22,S9,P3,3,24
2025-10-23,S9,P3,2,22
2025-10-24,S9,P3,2,20
2025-10-25,S9,P3,5,15
2025-10-26,S9,P3,3,12
2025-10-27,S9,P3,3,9
2025-10-28,S9,P3,5,36
2025-10-29,S9,P3,2,34
2025-10-30,S9,P3,1,33
2025-10-31,S9,P3,1,32
2025-11-01,S9,P3,3,29
2025-11-02,S9,P3,5,24
2025-11-03,S9,P3,1,23
2025-11-04,S9,P3,2,21
2025-11-05,S9,P3,5,16
2025-11-06,S9,P3,3,13
2025-11-07,S9,P3,1,12
2025-11-08,S9,P3,4,8
2025-11-09,S9,P3,2,59
2025-11-10,S9,P3,4,55
2025-11-11,S9,P3,7,48
2025-11-12,S9,P3,1,47
2025-11-13,S9,P3,6,41
2025-11-14,S9,P3,3,38
2025-11-15,S9,P3,4,34
2025-11-16,S9,P3,7,27
2025-11-17,S9,P3,1,26
2025-11-18,S9,P3,3,23
2025-11-19,S9,P3,4,19
2025-11-20,S9,P3,1,18
2025-11-21,S9,P3,2,16
2025-11-22,S9,P3,0,16
2025-11-23,S9,P3,5,11
2025-11-24,S9,P3,4,36
2025-11-25,S9,P3,3,33
2025-11-26,S9,P3,3,30
2025-11-27,S9,P3,2,28
2025-11-28,S9,P3,3,25
2025-11-29,S9,P3,5,20
2025-11-30,S9,P3,2,18
2025-12-01,S9,P3,3,15
2025-12-02,S9,P3,6,9
2025-12-03,S9,P3,5,40
2025-12-04,S9,P3,3,37
2025-12-05,S9,P3,3,34
2025-12-06,S9,P3,4,30
2025-12-07,S9,P3,5,25
2025-12-08,S9,P3,3,22
2025-12-09,S9,P3,4,18
2025-12-10,S9,P3,5,13
2025-12-11,S9,P3,1,12
2025-12-12,S9,P3,3,9
2025-12-13,S9,P3,3,54
2025-12-14,S9,P3,1,53
2025-12-15,S9,P3,4,49
2025-12-16,S9,P3,6,43
2025-12-17,S9,P3,1,42
2025-12-18,S9,P3,5,37
2025-12-19,S9,P3,4,33
2025-12-20,S9,P3,6,27
2025-12-21,S9,P3,5,22
2025-12-22,S9,P3,1,21
2025-12-23,S9,P3,7,14
2025-12-24,S9,P3,1,13
2025-12-25,S9,P3,3,10
2025-12-26,S9,P3,4,52
2025-12-27,S9,P3,4,48
2025-12-28,S9,P3,3,45
2025-12-29,S9,P3,3,42
2025-12-30,S9,P3,3,39
2025-12-31,S9,P3,1,38
2026-01-01,S9,P3,2,36
2026-01-02,S9,P3,5,31
2026-01-03,S9,P3,8,23
2026-01-04,S9,P3,2,21
2026-01-05,S9,P3,5,16
2026-01-06,S9,P3,3,13
2026-01-07,S9,P3,1,12
2026-01-08,S9,P3,4,8
2026-01-09,S9,P3,1,57
2026-01-10,S9,P3,5,52
2026-01-11,S9,P3,8,44
2026-01-12,S9,P3,2,42
2026-01-13,S9,P3,2,40
2026-01-14,S9,P3,3,37
2026-01-15,S9,P3,3,34
2026-01-16,S9,P3,1,33
2026-01-17,S9,P3,3,30
2026-01-18,S9,P3,2,28
2026-01-19,S9,P3,3,25
2026-01-20,S9,P3,4,21
2026-01-21,S9,P3,3,18
2026-01-22,S9,P3,4,14
2026-01-23,S9,P3,2,12
2026-01-24,S9,P3,3,9
2026-01-25,S9,P3,3,39
2026-01-26,S9,P3,2,37
2026-01-27,S9,P3,1,36
2026-01-28,S9,P3,2,34
2026-01-29,S9,P3,3,31
2026-01-30,S9,P3,5,26
2026-01-31,S9,P3,1,25
2026-02-01,S9,P3,1,24
2026-02-02,S9,P3,2,22
2026-02-03,S9,P3,1,21
2026-02-04,S9,P3,1,20
2026-02-05,S9,P3,3,17
2026-02-06,S9,P3,3,14
2026-02-07,S9,P3,0,14
2026-02-08,S9,P3,1,13
2026-02-09,S9,P3,5,8
2026-02-10,S9,P3,5,35
2026-02-11,S9,P3,4,31
2026-02-12,S9,P3,0,31
2026-02-13,S9,P3,7,24
2026-02-14,S9,P3,3,21
2026-02-15,S9,P3,2,19
2026-02-16,S9,P3,3,16
2026-02-17,S9,P3,1,15
2026-02-18,S9,P3,5,10
2026-02-19,S9,P3,5,58
2026-02-20,S9,P3,7,51
2026-02-21,S9,P3,4,47
2026-02-22,S9,P3,3,44
2026-02-23,S9,P3,4,40
2026-02-24,S9,P3,2,38
2026-02-25,S9,P3,2,36
2026-02-26,S9,P3,5,31
2026-02-27,S9,P3,2,29
2026-02-28,S9,P3,2,27
2026-03-01,S9,P3,3,24
2026-03-02,S9,P3,5,19
2026-03-03,S9,P3,0,19
2026-03-04,S9,P3,2,17
2026-03-05,S9,P3,3,14
2026-03-06,S9,P3,8,46
2026-03-07,S9,P3,3,43
2026-03-08,S9,P3,1,42
2026-03-09,S9,P3,2,40
2026-03-10,S9,P3,0,40
2026-03-11,S9,P3,5,35
2026-03-12,S9,P3,5,30
2026-03-13,S9,P3,4,26
2026-03-14,S9,P3,2,24
2025-09-01,S9,P4,4,35
2025-09-02,S9,P4,2,33
2025-09-03,S9,P4,0,33
2025-09-04,S9,P4,2,31
2025-09-05,S9,P4,0,31
2025-09-06,S9,P4,3,28
2025-09-07,S9,P4,3,25
2025-09-08,S9,P4,2,23
2025-09-09,S9,P4,2,21
2025-09-10,S9,P4,2,19
2025-09-11,S9,P4,0,19
2025-09-12,S9,P4,4,15
2025-09-13,S9,P4,5,10
2025-09-14,S9,P4,1,9
2025-09-15,S9,P4,1,8
2025-09-16,S9,P4,1,7
2025-09-17,S9,P4,1,6
2025-09-18,S9,P4,0,6
2025-09-19,S9,P4,3,27
2025-09-20,S9,P4,1,26
2025-09-21,S9,P4,1,25
2025-09-22,S9,P4,4,21
2025-09-23,S9,P4,0,21
2025-09-24,S9,P4,1,20
2025-09-25,S9,P4,0,20
2025-09-26,S9,P4,1,19
2025-09-27,S9,P4,4,15
2025-09-28,S9,P4,0,15
2025-09-29,S9,P4,0,15
2025-09-30,S9,P4,3,12
2025-10-01,S9,P4,2,10
2025-10-02,S9,P4,1,9
2025-10-03,S9,P4,3,6
2025-10-04,S9,P4,4,30
2025-10-05,S9,P4,1,29
2025-10-06,S9,P4,0,29
2025-10-07,S9,P4,0,29
2025-10-08,S9,P4,2,27
2025-10-09,S9,P4,3,24
2025-10-10,S9,P4,4,20
2025-10-11,S9,P4,0,20
2025-10-12,S9,P4,1,19
2025-10-13,S9,P4,1,18
2025-10-14,S9,P4,2,16
2025-10-15,S9,P4,0,16
2025-10-16,S9,P4,1,15
2025-10-17,S9,P4,1,14
2025-10-18,S9,P4,3,11
2025-10-19,S9,P4,2,9
2025-10-20,S9,P4,2,7
2025-10-21,S9,P4,1,6
2025-10-22,S9,P4,3,27
2025-10-23,S9,P4,3,24
2025-10-24,S9,P4,2,22
2025-10-25,S9,P4,2,20
2025-10-26,S9,P4,2,18
2025-10-27,S9,P4,1,17
2025-10-28,S9,P4,0,17
2025-10-29,S9,P4,1,16
2025-10-30,S9,P4,1,15
2025-10-31,S9,P4,6,9
2025-11-01,S9,P4,2,7
2025-11-02,S9,P4,1,6
2025-11-03,S9,P4,2,4
2025-11-04,S9,P4,2,16
2025-11-05,S9,P4,1,15
2025-11-06,S9,P4,1,14
2025-11-07,S9,P4,4,10
2025-11-08,S9,P4,1,9
2025-11-09,S9,P4,2,7
2025-11-10,S9,P4,1,6
2025-11-11,S9,P4,2,4
2025-11-12,S9,P4,0,4
2025-11-13,S9,P4,1,30
2025-11-14,S9,P4,5,25
2025-11-15,S9,P4,0,25
2025-11-16,S9,P4,0,25
2025-11-17,S9,P4,1,24
2025-11-18,S9,P4,2,22
2025-11-19,S9,P4,0,22
2025-11-20,S9,P4,0,22
2025-11-21,S9,P4,2,20
2025-11-22,S9,P4,2,18
2025-11-23,S9,P4,2,16
2025-11-24,S9,P4,2,14
2025-11-25,S9,P4,2,12
2025-11-26,S9,P4,1,11
2025-11-27,S9,P4,1,10
2025-11-28,S9,P4,4,6
2025-11-29,S9,P4,1,5
2025-11-30,S9,P4,2,22
2025-12-01,S9,P4,2,20
2025-12-02,S9,P4,1,19
2025-12-03,S9,P4,0,19
2025-12-04,S9,P4,2,17
2025-12-05,S9,P4,2,15
2025-12-06,S9,P4,2,13
2025-12-07,S9,P4,1,12
2025-12-08,S9,P4,3,9
2025-12-09,S9,P4,1,8
2025-12-10,S9,P4,2,6
2025-12-11,S9,P4,2,4
2025-12-12,S9,P4,2,28
2025-12-13,S9,P4,4,24
2025-12-14,S9,P4,2,22
2025-12-15,S9,P4,0,22
2025-12-16,S9,P4,1,21
2025-12-17,S9,P4,1,20
2025-12-18,S9,P4,3,17
2025-12-19,S9,P4,3,14
2025-12-20,S9,P4,3,11
2025-12-21,S9,P4,3,8
2025-12-22,S9,P4,1,7
2025-12-23,S9,P4,1,6
2025-12-24,S9,P4,1,5
2025-12-25,S9,P4,0,5
2025-12-26,S9,P4,2,27
2025-12-27,S9,P4,3,24
2025-12-28,S9,P4,1,23
2025-12-29,S9,P4,0,23
2025-12-30,S9,P4,3,20
2025-12-31,S9,P4,1,19
2026-01-01,S9,P4,0,19
2026-01-02,S9,P4,0,19
2026-01-03,S9,P4,1,18
2026-01-04,S9,P4,2,16
2026-01-05,S9,P4,1,15
2026-01-06,S9,P4,2,13
2026-01-07,S9,P4,0,13
2026-01-08,S9,P4,4,9
2026-01-09,S9,P4,3,6
2026-01-10,S9,P4,2,4
2026-01-11,S9,P4,1,32
2026-01-12,S9,P4,2,30
2026-01-13,S9,P4,0,30
2026-01-14,S9,P4,1,29
2026-01-15,S9,P4,3,26
2026-01-16,S9,P4,2,24
2026-01-17,S9,P4,0,24
2026-01-18,S9,P4,0,24
2026-01-19,S9,P4,1,23
2026-01-20,S9,P4,1,22
2026-01-21,S9,P4,2,20
2026-01-22,S9,P4,2,18
2026-01-23,S9,P4,1,17
2026-01-24,S9,P4,0,17
2026-01-25,S9,P4,1,16
2026-01-26,S9,P4,1,15
2026-01-27,S9,P4,2,13
2026-01-28,S9,P4,1,12
2026-01-29,S9,P4,2,10
2026-01-30,S9,P4,2,8
2026-01-31,S9,P4,2,6
2026-02-01,S9,P4,3,30
2026-02-02,S9,P4,2,28
2026-02-03,S9,P4,1,27
2026-02-04,S9,P4,3,24
2026-02-05,S9,P4,1,23
2026-02-06,S9,P4,2,21
2026-02-07,S9,P4,0,21
2026-02-08,S9,P4,0,21
2026-02-09,S9,P4,2,19
2026-02-10,S9,P4,0,19
2026-02-11,S9,P4,1,18
2026-02-12,S9,P4,0,18
2026-02-13,S9,P4,0,18
2026-02-14,S9,P4,1,17
2026-02-15,S9,P4,4,13
2026-02-16,S9,P4,1,12
2026-02-17,S9,P4,0,12
2026-02-18,S9,P4,3,9
2026-02-19,S9,P4,1,8
2026-02-20,S9,P4,1,7
2026-02-21,S9,P4,1,6
2026-02-22,S9,P4,1,5
2026-02-23,S9,P4,3,20
2026-02-24,S9,P4,1,19
2026-02-25,S9,P4,3,16
2026-02-26,S9,P4,1,15
2026-02-27,S9,P4,4,11
2026-02-28,S9,P4,3,8
2026-03-01,S9,P4,2,6
2026-03-02,S9,P4,2,4
2026-03-03,S9,P4,1,26
2026-03-04,S9,P4,0,26
2026-03-05,S9,P4,0,26
2026-03-06,S9,P4,4,22
2026-03-07,S9,P4,3,19
2026-03-08,S9,P4,1,18
2026-03-09,S9,P4,1,17
2026-03-10,S9,P4,3,14
2026-03-11,S9,P4,2,12
2026-03-12,S9,P4,1,11
2026-03-13,S9,P4,4,7
2026-03-14,S9,P4,1,6
2025-09-01,S9,P5,2,18
2025-09-02,S9,P5,0,18
2025-09-03,S9,P5,0,18
2025-09-04,S9,P5,0,18
2025-09-05,S9,P5,2,16
2025-09-06,S9,P5,1,15
2025-09-07,S9,P5,3,12
2025-09-08,S9,P5,3,9
2025-09-09,S9,P5,4,5
2025-09-10,S9,P5,0,5
2025-09-11,S9,P5,2,27
2025-09-12,S9,P5,0,27
2025-09-13,S9,P5,4,23
2025-09-14,S9,P5,1,22
2025-09-15,S9,P5,0,22
2025-09-16,S9,P5,1,21
2025-09-17,S9,P5,2,19
2025-09-18,S9,P5,3,16
2025-09-19,S9,P5,2,14
2025-09-20,S9,P5,5,9
2025-09-21,S9,P5,2,7
2025-09-22,S9,P5,1,6
2025-09-23,S9,P5,1,5
2025-09-24,S9,P5,2,19
2025-09-25,S9,P5,0,19
2025-09-26,S9,P5,2,17
2025-09-27,S9,P5,1,16
2025-09-28,S9,P5,0,16
2025-09-29,S9,P5,0,16
2025-09-30,S9,P5,1,15
2025-10-01,S9,P5,0,15
2025-10-02,S9,P5,0,15
2025-10-03,S9,P5,2,13
2025-10-04,S9,P5,1,12
2025-10-05,S9,P5,0,12
2025-10-06,S9,P5,1,11
2025-10-07,S9,P5,2,9
2025-10-08,S9,P5,4,5
2025-10-09,S9,P5,1,4
2025-10-10,S9,P5,0,4
2025-10-11,S9,P5,0,4
2025-10-12,S9,P5,2,24
2025-10-13,S9,P5,1,23
2025-10-14,S9,P5,1,22
2025-10-15,S9,P5,1,21
2025-10-16,S9,P5,2,19
2025-10-17,S9,P5,1,18
2025-10-18,S9,P5,3,15
2025-10-19,S9,P5,1,14
2025-10-20,S9,P5,0,14
2025-10-21,S9,P5,1,13
2025-10-22,S9,P5,2,11
2025-10-23,S9,P5,3,8
2025-10-24,S9,P5,1,7
2025-10-25,S9,P5,3,4
2025-10-26,S9,P5,2,27
2025-10-27,S9,P5,7,20
2025-10-28,S9,P5,0,20
2025-10-29,S9,P5,1,19
2025-10-30,S9,P5,1,18
2025-10-31,S9,P5,1,17
2025-11-01,S9,P5,2,15
2025-11-02,S9,P5,0,15
2025-11-03,S9,P5,0,15
2025-11-04,S9,P5,3,12
2025-11-05,S9,P5,2,10
2025-11-06,S9,P5,2,8
2025-11-07,S9,P5,2,6
2025-11-08,S9,P5,2,4
2025-11-09,S9,P5,2,29
2025-11-10,S9,P5,2,27
2025-11-11,S9,P5,2,25
2025-11-12,S9,P5,3,22
2025-11-13,S9,P5,1,21
2025-11-14,S9,P5,1,20
2025-11-15,S9,P5,1,19
2025-11-16,S9,P5,0,19
2025-11-17,S9,P5,0,19
2025-11-18,S9,P5,1,18
2025-11-19,S9,P5,3,15
2025-11-20,S9,P5,5,10
2025-11-21,S9,P5,1,9
2025-11-22,S9,P5,2,7
2025-11-23,S9,P5,0,7
2025-11-24,S9,P5,1,6
2025-11-25,S9,P5,1,5
2025-11-26,S9,P5,4,18
2025-11-27,S9,P5,0,18
2025-11-28,S9,P5,4,14
2025-11-29,S9,P5,1,13
2025-11-30,S9,P5,2,11
2025-12-01,S9,P5,0,11
2025-12-02,S9,P5,1,10
2025-12-03,S9,P5,1,9
2025-12-04,S9,P5,4,5
2025-12-05,S9,P5,1,4
2025-12-06,S9,P5,3,15
2025-12-07,S9,P5,2,13
2025-12-08,S9,P5,1,12
2025-12-09,S9,P5,5,7
2025-12-10,S9,P5,1,6
2025-12-11,S9,P5,1,5
2025-12-12,S9,P5,0,5
2025-12-13,S9,P5,1,4
2025-12-14,S9,P5,1,16
2025-12-15,S9,P5,0,16
2025-12-16,S9,P5,1,15
2025-12-17,S9,P5,3,12
2025-12-18,S9,P5,0,12
2025-12-19,S9,P5,4,8
2025-12-20,S9,P5,3,5
2025-12-21,S9,P5,2,16
2025-12-22,S9,P5,2,14
2025-12-23,S9,P5,0,14
2025-12-24,S9,P5,0,14
2025-12-25,S9,P5,1,13
2025-12-26,S9,P5,5,8
2025-12-27,S9,P5,2,6
2025-12-28,S9,P5,2,4
2025-12-29,S9,P5,2,15
2025-12-30,S9,P5,3,12
2025-12-31,S9,P5,3,9
2026-01-01,S9,P5,2,7
2026-01-02,S9,P5,0,7
2026-01-03,S9,P5,1,6
2026-01-04,S9,P5,1,5
2026-01-05,S9,P5,2,23
2026-01-06,S9,P5,0,23
2026-01-07,S9,P5,1,22
2026-01-08,S9,P5,2,20
2026-01-09,S9,P5,1,19
2026-01-10,S9,P5,1,18
2026-01-11,S9,P5,0,18
2026-01-12,S9,P5,3,15
2026-01-13,S9,P5,2,13
2026-01-14,S9,P5,2,11
2026-01-15,S9,P5,1,10
2026-01-16,S9,P5,2,8
2026-01-17,S9,P5,4,4
2026-01-18,S9,P5,2,24
2026-01-19,S9,P5,1,23
2026-01-20,S9,P5,7,16
2026-01-21,S9,P5,1,15
2026-01-22,S9,P5,0,15
2026-01-23,S9,P5,1,14
2026-01-24,S9,P5,1,13
2026-01-25,S9,P5,2,11
2026-01-26,S9,P5,1,10
2026-01-27,S9,P5,2,8
2026-01-28,S9,P5,2,6
2026-01-29,S9,P5,1,5
2026-01-30,S9,P5,0,5
2026-01-31,S9,P5,2,25
2026-02-01,S9,P5,1,24
2026-02-02,S9,P5,6,18
2026-02-03,S9,P5,1,17
2026-02-04,S9,P5,2,15
2026-02-05,S9,P5,1,14
2026-02-06,S9,P5,3,11
2026-02-07,S9,P5,3,8
2026-02-08,S9,P5,1,7
2026-02-09,S9,P5,2,5
2026-02-10,S9,P5,0,5
2026-02-11,S9,P5,1,4
2026-02-12,S9,P5,2,15
2026-02-13,S9,P5,0,15
2026-02-14,S9,P5,3,12
2026-02-15,S9,P5,0,12
2026-02-16,S9,P5,1,11
2026-02-17,S9,P5,1,10
2026-02-18,S9,P5,2,8
2026-02-19,S9,P5,0,8
2026-02-20,S9,P5,3,5
2026-02-21,S9,P5,2,28
2026-02-22,S9,P5,3,25
2026-02-23,S9,P5,1,24
2026-02-24,S9,P5,1,23
2026-02-25,S9,P5,5,18
2026-02-26,S9,P5,1,17
2026-02-27,S9,P5,1,16
2026-02-28,S9,P5,0,16
2026-03-01,S9,P5,2,14
2026-03-02,S9,P5,0,14
2026-03-03,S9,P5,2,12
2026-03-04,S9,P5,3,9
2026-03-05,S9,P5,3,6
2026-03-06,S9,P5,3,26
2026-03-07,S9,P5,6,20
2026-03-08,S9,P5,3,17
2026-03-09,S9,P5,4,13
2026-03-10,S9,P5,1,12
2026-03-11,S9,P5,2,10
2026-03-12,S9,P5,0,10
2026-03-13,S9,P5,1,9
2026-03-14,S9,P5,3,6
2025-09-01,S9,P6,7,122
2025-09-02,S9,P6,5,117
2025-09-03,S9,P6,7,110
2025-09-04,S9,P6,6,104
2025-09-05,S9,P6,8,96
2025-09-06,S9,P6,11,85
2025-09-07,S9,P6,5,80
2025-09-08,S9,P6,4,76
2025-09-09,S9,P6,4,72
2025-09-10,S9,P6,5,67
2025-09-11,S9,P6,6,61
2025-09-12,S9,P6,7,54
2025-09-13,S9,P6,6,48
2025-09-14,S9,P6,5,43
2025-09-15,S9,P6,3,40
2025-09-16,S9,P6,7,33
2025-09-17,S9,P6,7,26
2025-09-18,S9,P6,3,23
2025-09-19,S9,P6,8,112
2025-09-20,S9,P6,7,105
2025-09-21,S9,P6,8,97
2025-09-22,S9,P6,4,93
2025-09-23,S9,P6,11,82
2025-09-24,S9,P6,6,76
2025-09-25,S9,P6,3,73
2025-09-26,S9,P6,5,68
2025-09-27,S9,P6,4,64
2025-09-28,S9,P6,5,59
2025-09-29,S9,P6,5,54
2025-09-30,S9,P6,7,47
2025-10-01,S9,P6,4,43
2025-10-02,S9,P6,5,38
2025-10-03,S9,P6,8,30
2025-10-04,S9,P6,2,28
2025-10-05,S9,P6,6,22
2025-10-06,S9,P6,12,81
2025-10-07,S9,P6,9,72
2025-10-08,S9,P6,9,63
2025-10-09,S9,P6,4,59
2025-10-10,S9,P6,7,52
2025-10-11,S9,P6,6,46
2025-10-12,S9,P6,4,42
2025-10-13,S9,P6,5,37
2025-10-14,S9,P6,1,36
2025-10-15,S9,P6,4,32
2025-10-16,S9,P6,3,29
2025-10-17,S9,P6,5,24
2025-10-18,S9,P6,9,65
2025-10-19,S9,P6,5,60
2025-10-20,S9,P6,6,54
2025-10-21,S9,P6,6,48
2025-10-22,S9,P6,7,41
2025-10-23,S9,P6,2,39
2025-10-24,S9,P6,3,36
2025-10-25,S9,P6,9,27
2025-10-26,S9,P6,7,20
2025-10-27,S9,P6,10,70
2025-10-28,S9,P6,7,63
2025-10-29,S9,P6,6,57
2025-10-30,S9,P6,7,50
2025-10-31,S9,P6,8,42
2025-11-01,S9,P6,5,37
2025-11-02,S9,P6,3,34
2025-11-03,S9,P6,5,29
2025-11-04,S9,P6,3,26
2025-11-05,S9,P6,9,17
2025-11-06,S9,P6,6,68
2025-11-07,S9,P6,10,58
2025-11-08,S9,P6,6,52
2025-11-09,S9,P6,5,47
2025-11-10,S9,P6,5,42
2025-11-11,S9,P6,4,38
2025-11-12,S9,P6,3,35
2025-11-13,S9,P6,4,31
2025-11-14,S9,P6,10,21
2025-11-15,S9,P6,10,93
2025-11-16,S9,P6,5,88
2025-11-17,S9,P6,6,82
2025-11-18,S9,P6,7,75
2025-11-19,S9,P6,10,65
2025-11-20,S9,P6,5,60
2025-11-21,S9,P6,6,54
2025-11-22,S9,P6,7,47
2025-11-23,S9,P6,6,41
2025-11-24,S9,P6,6,35
2025-11-25,S9,P6,6,29
2025-11-26,S9,P6,4,25
2025-11-27,S9,P6,5,20
2025-11-28,S9,P6,9,70
2025-11-29,S9,P6,9,61
2025-11-30,S9,P6,4,57
2025-12-01,S9,P6,6,51
2025-12-02,S9,P6,5,46
2025-12-03,S9,P6,4,42
2025-12-04,S9,P6,4,38
2025-12-05,S9,P6,6,32
2025-12-06,S9,P6,6,26
2025-12-07,S9,P6,4,22
2025-12-08,S9,P6,6,16
2025-12-09,S9,P6,4,62
2025-12-10,S9,P6,8,54
2025-12-11,S9,P6,9,45
2025-12-12,S9,P6,7,38
2025-12-13,S9,P6,10,28
2025-12-14,S9,P6,7,21
2025-12-15,S9,P6,7,98
2025-12-16,S9,P6,6,92
2025-12-17,S9,P6,3,89
2025-12-18,S9,P6,8,81
2025-12-19,S9,P6,8,73
2025-12-20,S9,P6,6,67
2025-12-21,S9,P6,8,59
2025-12-22,S9,P6,2,57
2025-12-23,S9,P6,4,53
2025-12-24,S9,P6,3,50
2025-12-25,S9,P6,5,45
2025-12-26,S9,P6,7,38
2025-12-27,S9,P6,6,32
2025-12-28,S9,P6,5,27
2025-12-29,S9,P6,10,17
2025-12-30,S9,P6,5,102
2025-12-31,S9,P6,4,98
2026-01-01,S9,P6,3,95
2026-01-02,S9,P6,6,89
2026-01-03,S9,P6,3,86
2026-01-04,S9,P6,10,76
2026-01-05,S9,P6,5,71
2026-01-06,S9,P6,4,67
2026-01-07,S9,P6,8,59
2026-01-08,S9,P6,9,50
2026-01-09,S9,P6,7,43
2026-01-10,S9,P6,13,30
2026-01-11,S9,P6,6,24
2026-01-12,S9,P6,8,16
2026-01-13,S9,P6,8,78
2026-01-14,S9,P6,1,77
2026-01-15,S9,P6,7,70
2026-01-16,S9,P6,10,60
2026-01-17,S9,P6,3,57
2026-01-18,S9,P6,6,51
2026-01-19,S9,P6,11,40
2026-01-20,S9,P6,8,32
2026-01-21,S9,P6,6,26
2026-01-22,S9,P6,2,24
2026-01-23,S9,P6,7,17
2026-01-24,S9,P6,9,85
2026-01-25,S9,P6,6,79
2026-01-26,S9,P6,7,72
2026-01-27,S9,P6,9,63
2026-01-28,S9,P6,6,57
2026-01-29,S9,P6,7,50
2026-01-30,S9,P6,6,44
2026-01-31,S9,P6,2,42
2026-02-01,S9,P6,4,38
2026-02-02,S9,P6,7,31
2026-02-03,S9,P6,1,30
2026-02-04,S9,P6,6,24
2026-02-05,S9,P6,2,22
2026-02-06,S9,P6,10,74
2026-02-07,S9,P6,3,71
2026-02-08,S9,P6,8,63
2026-02-09,S9,P6,2,61
2026-02-10,S9,P6,7,54
2026-02-11,S9,P6,1,53
2026-02-12,S9,P6,6,47
2026-02-13,S9,P6,5,42
2026-02-14,S9,P6,6,36
2026-02-15,S9,P6,4,32
2026-02-16,S9,P6,12,20
2026-02-17,S9,P6,4,16
2026-02-18,S9,P6,3,82
2026-02-19,S9,P6,11,71
2026-02-20,S9,P6,6,65
2026-02-21,S9,P6,4,61
2026-02-22,S9,P6,4,57
2026-02-23,S9,P6,5,52
2026-02-24,S9,P6,3,49
2026-02-25,S9,P6,7,42
2026-02-26,S9,P6,8,34
2026-02-27,S9,P6,9,25
2026-02-28,S9,P6,5,20
2026-03-01,S9,P6,2,18
2026-03-02,S9,P6,6,78
2026-03-03,S9,P6,6,72
2026-03-04,S9,P6,4,68
2026-03-05,S9,P6,5,63
2026-03-06,S9,P6,9,54
2026-03-07,S9,P6,2,52
2026-03-08,S9,P6,8,44
2026-03-09,S9,P6,3,41
2026-03-10,S9,P6,7,34
2026-03-11,S9,P6,4,30
2026-03-12,S9,P6,3,27
2026-03-13,S9,P6,6,21
2026-03-14,S9,P6,7,77
2025-09-01,S9,P7,3,139
2025-09-02,S9,P7,7,132
2025-09-03,S9,P7,12,120
2025-09-04,S9,P7,4,116
2025-09-05,S9,P7,9,107
2025-09-06,S9,P7,9,98
2025-09-07,S9,P7,7,91
2025-09-08,S9,P7,4,87
2025-09-09,S9,P7,9,78
2025-09-10,S9,P7,3,75
2025-09-11,S9,P7,7,68
2025-09-12,S9,P7,1,67
2025-09-13,S9,P7,4,63
2025-09-14,S9,P7,7,56
2025-09-15,S9,P7,6,50
2025-09-16,S9,P7,4,46
2025-09-17,S9,P7,10,36
2025-09-18,S9,P7,5,31
2025-09-19,S9,P7,7,24
2025-09-20,S9,P7,8,123
2025-09-21,S9,P7,9,114
2025-09-22,S9,P7,9,105
2025-09-23,S9,P7,7,98
2025-09-24,S9,P7,3,95
2025-09-25,S9,P7,6,89
2025-09-26,S9,P7,6,83
2025-09-27,S9,P7,6,77
2025-09-28,S9,P7,5,72
2025-09-29,S9,P7,5,67
2025-09-30,S9,P7,3,64
2025-10-01,S9,P7,3,61
2025-10-02,S9,P7,8,53
2025-10-03,S9,P7,11,42
2025-10-04,S9,P7,8,34
2025-10-05,S9,P7,3,31
2025-10-06,S9,P7,5,26
2025-10-07,S9,P7,5,21
2025-10-08,S9,P7,7,84
2025-10-09,S9,P7,10,74
2025-10-10,S9,P7,9,65
2025-10-11,S9,P7,7,58
2025-10-12,S9,P7,6,52
2025-10-13,S9,P7,6,46
2025-10-14,S9,P7,9,37
2025-10-15,S9,P7,11,26
2025-10-16,S9,P7,5,21
2025-10-17,S9,P7,7,97
2025-10-18,S9,P7,9,88
2025-10-19,S9,P7,9,79
2025-10-20,S9,P7,3,76
2025-10-21,S9,P7,7,69
2025-10-22,S9,P7,4,65
2025-10-23,S9,P7,9,56
2025-10-24,S9,P7,6,50
2025-10-25,S9,P7,6,44
2025-10-26,S9,P7,6,38
2025-10-27,S9,P7,4,34
2025-10-28,S9,P7,5,29
2025-10-29,S9,P7,11,81
2025-10-30,S9,P7,6,75
2025-10-31,S9,P7,6,69
2025-11-01,S9,P7,7,62
2025-11-02,S9,P7,5,57
2025-11-03,S9,P7,7,50
2025-11-04,S9,P7,3,47
2025-11-05,S9,P7,11,36
2025-11-06,S9,P7,5,31
2025-11-07,S9,P7,8,23
2025-11-08,S9,P7,4,19
2025-11-09,S9,P7,6,97
2025-11-10,S9,P7,7,90
2025-11-11,S9,P7,6,84
2025-11-12,S9,P7,5,79
2025-11-13,S9,P7,2,77
2025-11-14,S9,P7,4,73
2025-11-15,S9,P7,10,63
2025-11-16,S9,P7,6,57
2025-11-17,S9,P7,3,54
2025-11-18,S9,P7,7,47
2025-11-19,S9,P7,2,45
2025-11-20,S9,P7,7,38
2025-11-21,S9,P7,8,30
2025-11-22,S9,P7,12,71
2025-11-23,S9,P7,3,68
2025-11-24,S9,P7,4,64
2025-11-25,S9,P7,3,61
2025-11-26,S9,P7,6,55
2025-11-27,S9,P7,9,46
2025-11-28,S9,P7,9,37
2025-11-29,S9,P7,5,32
2025-11-30,S9,P7,7,25
2025-12-01,S9,P7,5,20
2025-12-02,S9,P7,11,88
2025-12-03,S9,P7,4,84
2025-12-04,S9,P7,10,74
2025-12-05,S9,P7,11,63
2025-12-06,S9,P7,2,61
2025-12-07,S9,P7,5,56
2025-12-08,S9,P7,3,53
2025-12-09,S9,P7,6,47
2025-12-10,S9,P7,8,39
2025-12-11,S9,P7,3,36
2025-12-12,S9,P7,11,25
2025-12-13,S9,P7,4,21
2025-12-14,S9,P7,3,109
2025-12-15,S9,P7,4,105
2025-12-16,S9,P7,5,100
2025-12-17,S9,P7,3,97
2025-12-18,S9,P7,7,90
2025-12-19,S9,P7,4,86
2025-12-20,S9,P7,9,77
2025-12-21,S9,P7,10,67
2025-12-22,S9,P7,2,65
2025-12-23,S9,P7,7,58
2025-12-24,S9,P7,5,53
2025-12-25,S9,P7,6,47
2025-12-26,S9,P7,7,40
2025-12-27,S9,P7,12,28
2025-12-28,S9,P7,8,20
2025-12-29,S9,P7,6,92
2025-12-30,S9,P7,6,86
2025-12-31,S9,P7,3,83
2026-01-01,S9,P7,7,76
2026-01-02,S9,P7,8,68
2026-01-03,S9,P7,9,59
2026-01-04,S9,P7,5,54
2026-01-05,S9,P7,7,47
2026-01-06,S9,P7,2,45
2026-01-07,S9,P7,7,38
2026-01-08,S9,P7,12,26
2026-01-09,S9,P7,4,22
2026-01-10,S9,P7,5,78
2026-01-11,S9,P7,11,67
2026-01-12,S9,P7,5,62
2026-01-13,S9,P7,6,56
2026-01-14,S9,P7,3,53
2026-01-15,S9,P7,8,45
2026-01-16,S9,P7,7,38
2026-01-17,S9,P7,9,29
2026-01-18,S9,P7,6,23
2026-01-19,S9,P7,6,122
2026-01-20,S9,P7,10,112
2026-01-21,S9,P7,9,103
2026-01-22,S9,P7,5,98
2026-01-23,S9,P7,9,89
2026-01-24,S9,P7,5,84
2026-01-25,S9,P7,7,77
2026-01-26,S9,P7,10,67
2026-01-27,S9,P7,8,59
2026-01-28,S9,P7,10,49
2026-01-29,S9,P7,7,42
2026-01-30,S9,P7,8,34
2026-01-31,S9,P7,6,28
2026-02-01,S9,P7,2,26
2026-02-02,S9,P7,7,19
2026-02-03,S9,P7,13,81
2026-02-04,S9,P7,3,78
2026-02-05,S9,P7,7,71
2026-02-06,S9,P7,6,65
2026-02-07,S9,P7,8,57
2026-02-08,S9,P7,4,53
2026-02-09,S9,P7,2,51
2026-02-10,S9,P7,6,45
2026-02-11,S9,P7,5,40
2026-02-12,S9,P7,8,32
2026-02-13,S9,P7,7,25
2026-02-14,S9,P7,9,116
2026-02-15,S9,P7,8,108
2026-02-16,S9,P7,5,103
2026-02-17,S9,P7,5,98
2026-02-18,S9,P7,5,93
2026-02-19,S9,P7,4,89
2026-02-20,S9,P7,6,83
2026-02-21,S9,P7,6,77
2026-02-22,S9,P7,9,68
2026-02-23,S9,P7,4,64
2026-02-24,S9,P7,3,61
2026-02-25,S9,P7,10,51
2026-02-26,S9,P7,4,47
2026-02-27,S9,P7,12,35
2026-02-28,S9,P7,11,24
2026-03-01,S9,P7,10,81
2026-03-02,S9,P7,10,71
2026-03-03,S9,P7,6,65
2026-03-04,S9,P7,9,56
2026-03-05,S9,P7,6,50
2026-03-06,S9,P7,7,43
2026-03-07,S9,P7,8,35
2026-03-08,S9,P7,3,32
2026-03-09,S9,P7,4,28
2026-03-10,S9,P7,9,19
2026-03-11,S9,P7,8,67
2026-03-12,S9,P7,4,63
2026-03-13,S9,P7,12,51
2026-03-14,S9,P7,9,42
2025-09-01,S9,P8,1,50
2025-09-02,S9,P8,5,45
2025-09-03,S9,P8,2,43
2025-09-04,S9,P8,2,41
2025-09-05,S9,P8,1,40
2025-09-06,S9,P8,4,36
2025-09-07,S9,P8,0,36
2025-09-08,S9,P8,2,34
2025-09-09,S9,P8,0,34
2025-09-10,S9,P8,0,34
2025-09-11,S9,P8,2,32
2025-09-12,S9,P8,4,28
2025-09-13,S9,P8,1,27
2025-09-14,S9,P8,2,25
2025-09-15,S9,P8,0,25
2025-09-16,S9,P8,3,22
2025-09-17,S9,P8,1,21
2025-09-18,S9,P8,0,21
2025-09-19,S9,P8,4,17
2025-09-20,S9,P8,5,12
2025-09-21,S9,P8,1,11
2025-09-22,S9,P8,3,8
2025-09-23,S9,P8,5,36
2025-09-24,S9,P8,3,33
2025-09-25,S9,P8,3,30
2025-09-26,S9,P8,2,28
2025-09-27,S9,P8,3,25
2025-09-28,S9,P8,2,23
2025-09-29,S9,P8,2,21
2025-09-30,S9,P8,3,18
2025-10-01,S9,P8,2,16
2025-10-02,S9,P8,3,13
2025-10-03,S9,P8,2,11
2025-10-04,S9,P8,0,11
2025-10-05,S9,P8,1,10
2025-10-06,S9,P8,2,8
2025-10-07,S9,P8,4,32
2025-10-08,S9,P8,2,30
2025-10-09,S9,P8,1,29
2025-10-10,S9,P8,0,29
2025-10-11,S9,P8,2,27
2025-10-12,S9,P8,5,22
2025-10-13,S9,P8,3,19
2025-10-14,S9,P8,3,16
2025-10-15,S9,P8,1,15
2025-10-16,S9,P8,3,12
2025-10-17,S9,P8,2,10
2025-10-18,S9,P8,2,8
2025-10-19,S9,P8,1,7
2025-10-20,S9,P8,2,36
2025-10-21,S9,P8,2,34
2025-10-22,S9,P8,2,32
2025-10-23,S9,P8,5,27
2025-10-24,S9,P8,3,24
2025-10-25,S9,P8,1,23
2025-10-26,S9,P8,5,18
2025-10-27,S9,P8,0,18
2025-10-28,S9,P8,2,16
2025-10-29,S9,P8,1,15
2025-10-30,S9,P8,3,12
2025-10-31,S9,P8,2,10
2025-11-01,S9,P8,1,9
2025-11-02,S9,P8,3,6
2025-11-03,S9,P8,3,38
2025-11-04,S9,P8,2,36
2025-11-05,S9,P8,0,36
2025-11-06,S9,P8,2,34
2025-11-07,S9,P8,0,34
2025-11-08,S9,P8,3,31
2025-11-09,S9,P8,5,26
2025-11-10,S9,P8,2,24
2025-11-11,S9,P8,0,24
2025-11-12,S9,P8,1,23
2025-11-13,S9,P8,3,20
2025-11-14,S9,P8,3,17
2025-11-15,S9,P8,4,13
2025-11-16,S9,P8,2,11
2025-11-17,S9,P8,1,10
2025-11-18,S9,P8,2,8
2025-11-19,S9,P8,4,24
2025-11-20,S9,P8,2,22
2025-11-21,S9,P8,3,19
2025-11-22,S9,P8,1,18
2025-11-23,S9,P8,1,17
2025-11-24,S9,P8,3,14
2025-11-25,S9,P8,2,12
2025-11-26,S9,P8,2,10
2025-11-27,S9,P8,2,8
2025-11-28,S9,P8,3,31
2025-11-29,S9,P8,2,29
2025-11-30,S9,P8,2,27
2025-12-01,S9,P8,4,23
2025-12-02,S9,P8,1,22
2025-12-03,S9,P8,1,21
2025-12-04,S9,P8,1,20
2025-12-05,S9,P8,3,17
2025-12-06,S9,P8,4,13
2025-12-07,S9,P8,5,8
2025-12-08,S9,P8,5,28
2025-12-09,S9,P8,0,28
2025-12-10,S9,P8,2,26
2025-12-11,S9,P8,2,24
2025-12-12,S9,P8,5,19
2025-12-13,S9,P8,0,19
2025-12-14,S9,P8,3,16
2025-12-15,S9,P8,1,15
2025-12-16,S9,P8,2,13
2025-12-17,S9,P8,6,7
2025-12-18,S9,P8,0,7
2025-12-19,S9,P8,4,27
2025-12-20,S9,P8,6,21
2025-12-21,S9,P8,6,15
2025-12-22,S9,P8,5,10
2025-12-23,S9,P8,0,10
2025-12-24,S9,P8,3,7
2025-12-25,S9,P8,6,19
2025-12-26,S9,P8,2,17
2025-12-27,S9,P8,2,15
2025-12-28,S9,P8,3,12
2025-12-29,S9,P8,2,10
2025-12-30,S9,P8,1,9
2025-12-31,S9,P8,0,9
2026-01-01,S9,P8,1,8
2026-01-02,S9,P8,2,6
2026-01-03,S9,P8,2,41
2026-01-04,S9,P8,3,38
2026-01-05,S9,P8,0,38
2026-01-06,S9,P8,3,35
2026-01-07,S9,P8,6,29
2026-01-08,S9,P8,4,25
2026-01-09,S9,P8,4,21
2026-01-10,S9,P8,0,21
2026-01-11,S9,P8,0,21
2026-01-12,S9,P8,2,19
2026-01-13,S9,P8,1,18
2026-01-14,S9,P8,6,12
2026-01-15,S9,P8,2,10
2026-01-16,S9,P8,3,7
2026-01-17,S9,P8,6,26
2026-01-18,S9,P8,1,25
2026-01-19,S9,P8,5,20
2026-01-20,S9,P8,1,19
2026-01-21,S9,P8,1,18
2026-01-22,S9,P8,2,16
2026-01-23,S9,P8,2,14
2026-01-24,S9,P8,1,13
2026-01-25,S9,P8,3,10
2026-01-26,S9,P8,0,10
2026-01-27,S9,P8,2,8
2026-01-28,S9,P8,2,6
2026-01-29,S9,P8,1,31
2026-01-30,S9,P8,3,28
2026-01-31,S9,P8,5,23
2026-02-01,S9,P8,2,21
2026-02-02,S9,P8,1,20
2026-02-03,S9,P8,3,17
2026-02-04,S9,P8,3,14
2026-02-05,S9,P8,4,10
2026-02-06,S9,P8,2,8
2026-02-07,S9,P8,2,6
2026-02-08,S9,P8,3,25
2026-02-09,S9,P8,2,23
2026-02-10,S9,P8,2,21
2026-02-11,S9,P8,1,20
2026-02-12,S9,P8,3,17
2026-02-13,S9,P8,1,16
2026-02-14,S9,P8,1,15
2026-02-15,S9,P8,3,12
2026-02-16,S9,P8,2,10
2026-02-17,S9,P8,2,8
2026-02-18,S9,P8,1,7
2026-02-19,S9,P8,2,26
2026-02-20,S9,P8,4,22
2026-02-21,S9,P8,2,20
2026-02-22,S9,P8,2,18
2026-02-23,S9,P8,0,18
2026-02-24,S9,P8,1,17
2026-02-25,S9,P8,3,14
2026-02-26,S9,P8,3,11
2026-02-27,S9,P8,3,8
2026-02-28,S9,P8,2,6
2026-03-01,S9,P8,4,36
2026-03-02,S9,P8,3,33
2026-03-03,S9,P8,3,30
2026-03-04,S9,P8,3,27
2026-03-05,S9,P8,1,26
2026-03-06,S9,P8,5,21
2026-03-07,S9,P8,2,19
2026-03-08,S9,P8,4,15
2026-03-09,S9,P8,3,12
2026-03-10,S9,P8,3,9
2026-03-11,S9,P8,3,6
2026-03-12,S9,P8,0,6
2026-03-13,S9,P8,4,22
2026-03-14,S9,P8,1,21
2025-09-01,S9,P9,1,25
2025-09-02,S9,P9,0,25
2025-09-03,S9,P9,4,21
2025-09-04,S9,P9,1,20
2025-09-05,S9,P9,2,18
2025-09-06,S9,P9,0,18
2025-09-07,S9,P9,0,18
2025-09-08,S9,P9,0,18
2025-09-09,S9,P9,3,15
2025-09-10,S9,P9,0,15
2025-09-11,S9,P9,3,12
2025-09-12,S9,P9,0,12
2025-09-13,S9,P9,4,8
2025-09-14,S9,P9,1,7
2025-09-15,S9,P9,1,6
2025-09-16,S9,P9,2,4
2025-09-17,S9,P9,1,3
2025-09-18,S9,P9,1,13
2025-09-19,S9,P9,1,12
2025-09-20,S9,P9,0,12
2025-09-21,S9,P9,2,10
2025-09-22,S9,P9,1,9
2025-09-23,S9,P9,1,8
2025-09-24,S9,P9,0,8
2025-09-25,S9,P9,1,7
2025-09-26,S9,P9,0,7
2025-09-27,S9,P9,1,6
2025-09-28,S9,P9,1,5
2025-09-29,S9,P9,1,4
2025-09-30,S9,P9,0,4
2025-10-01,S9,P9,1,3
2025-10-02,S9,P9,0,3
2025-10-03,S9,P9,0,3
2025-10-04,S9,P9,2,15
2025-10-05,S9,P9,1,14
2025-10-06,S9,P9,2,12
2025-10-07,S9,P9,5,7
2025-10-08,S9,P9,1,6
2025-10-09,S9,P9,0,6
2025-10-10,S9,P9,4,18
2025-10-11,S9,P9,2,16
2025-10-12,S9,P9,1,15
2025-10-13,S9,P9,2,13
2025-10-14,S9,P9,1,12
2025-10-15,S9,P9,2,10
2025-10-16,S9,P9,1,9
2025-10-17,S9,P9,2,7
2025-10-18,S9,P9,1,6
2025-10-19,S9,P9,0,6
2025-10-20,S9,P9,0,6
2025-10-21,S9,P9,2,4
2025-10-22,S9,P9,1,3
2025-10-23,S9,P9,2,20
2025-10-24,S9,P9,0,20
2025-10-25,S9,P9,3,17
2025-10-26,S9,P9,0,17
2025-10-27,S9,P9,1,16
2025-10-28,S9,P9,1,15
2025-10-29,S9,P9,1,14
2025-10-30,S9,P9,1,13
2025-10-31,S9,P9,3,10
2025-11-01,S9,P9,0,10
2025-11-02,S9,P9,1,9
2025-11-03,S9,P9,1,8
2025-11-04,S9,P9,0,8
2025-11-05,S9,P9,3,5
2025-11-06,S9,P9,0,5
2025-11-07,S9,P9,0,5
2025-11-08,S9,P9,4,19
2025-11-09,S9,P9,0,19
2025-11-10,S9,P9,4,15
2025-11-11,S9,P9,0,15
2025-11-12,S9,P9,2,13
2025-11-13,S9,P9,0,13
2025-11-14,S9,P9,2,11
2025-11-15,S9,P9,1,10
2025-11-16,S9,P9,2,8
2025-11-17,S9,P9,1,7
2025-11-18,S9,P9,1,6
2025-11-19,S9,P9,0,6
2025-11-20,S9,P9,2,4
2025-11-21,S9,P9,1,3
2025-11-22,S9,P9,2,18
2025-11-23,S9,P9,3,15
2025-11-24,S9,P9,1,14
2025-11-25,S9,P9,0,14
2025-11-26,S9,P9,1,13
2025-11-27,S9,P9,3,10
2025-11-28,S9,P9,0,10
2025-11-29,S9,P9,3,7
2025-11-30,S9,P9,1,6
2025-12-01,S9,P9,0,6
2025-12-02,S9,P9,1,5
2025-12-03,S9,P9,1,4
2025-12-04,S9,P9,1,3
2025-12-05,S9,P9,3,12
2025-12-06,S9,P9,1,11
2025-12-07,S9,P9,0,11
2025-12-08,S9,P9,2,9
2025-12-09,S9,P9,1,8
2025-12-10,S9,P9,4,4
2025-12-11,S9,P9,0,4
2025-12-12,S9,P9,2,12
2025-12-13,S9,P9,1,11
2025-12-14,S9,P9,1,10
2025-12-15,S9,P9,3,7
2025-12-16,S9,P9,2,5
2025-12-17,S9,P9,0,5
2025-12-18,S9,P9,3,15
2025-12-19,S9,P9,0,15
2025-12-20,S9,P9,4,11
2025-12-21,S9,P9,0,11
2025-12-22,S9,P9,2,9
2025-12-23,S9,P9,2,7
2025-12-24,S9,P9,1,6
2025-12-25,S9,P9,1,5
2025-12-26,S9,P9,3,17
2025-12-27,S9,P9,1,16
2025-12-28,S9,P9,1,15
2025-12-29,S9,P9,0,15
2025-12-30,S9,P9,1,14
2025-12-31,S9,P9,0,14
2026-01-01,S9,P9,0,14
2026-01-02,S9,P9,3,11
2026-01-03,S9,P9,1,10
2026-01-04,S9,P9,1,9
2026-01-05,S9,P9,0,9
2026-01-06,S9,P9,1,8
2026-01-07,S9,P9,0,8
2026-01-08,S9,P9,1,7
2026-01-09,S9,P9,1,6
2026-01-10,S9,P9,0,6
2026-01-11,S9,P9,1,5
2026-01-12,S9,P9,0,5
2026-01-13,S9,P9,1,4
2026-01-14,S9,P9,2,21
2026-01-15,S9,P9,1,20
2026-01-16,S9,P9,3,17
2026-01-17,S9,P9,0,17
2026-01-18,S9,P9,0,17
2026-01-19,S9,P9,0,17
2026-01-20,S9,P9,1,16
2026-01-21,S9,P9,0,16
2026-01-22,S9,P9,0,16
2026-01-23,S9,P9,0,16
2026-01-24,S9,P9,0,16
2026-01-25,S9,P9,0,16
2026-01-26,S9,P9,1,15
2026-01-27,S9,P9,2,13
2026-01-28,S9,P9,2,11
2026-01-29,S9,P9,1,10
2026-01-30,S9,P9,1,9
2026-01-31,S9,P9,2,7
2026-02-01,S9,P9,0,7
2026-02-02,S9,P9,0,7
2026-02-03,S9,P9,0,7
2026-02-04,S9,P9,0,7
2026-02-05,S9,P9,0,7
2026-02-06,S9,P9,0,7
2026-02-07,S9,P9,0,7
2026-02-08,S9,P9,0,7
2026-02-09,S9,P9,0,7
2026-02-10,S9,P9,0,7
2026-02-11,S9,P9,0,7
2026-02-12,S9,P9,0,7
2026-02-13,S9,P9,0,7
2026-02-14,S9,P9,0,7
2026-02-15,S9,P9,0,7
2026-02-16,S9,P9,0,7
2026-02-17,S9,P9,0,7
2026-02-18,S9,P9,0,7
2026-02-19,S9,P9,0,7
2026-02-20,S9,P9,1,6
2026-02-21,S9,P9,1,5
2026-02-22,S9,P9,0,5
2026-02-23,S9,P9,1,4
2026-02-24,S9,P9,0,4
2026-02-25,S9,P9,0,4
2026-02-26,S9,P9,0,4
2026-02-27,S9,P9,0,4
2026-02-28,S9,P9,0,4
2026-03-01,S9,P9,0,4
2026-03-02,S9,P9,0,4
2026-03-03,S9,P9,0,4
2026-03-04,S9,P9,0,4
2026-03-05,S9,P9,0,4
2026-03-06,S9,P9,0,4
2026-03-07,S9,P9,0,4
2026-03-08,S9,P9,0,4
2026-03-09,S9,P9,1,3
2026-03-10,S9,P9,1,15
2026-03-11,S9,P9,0,15
2026-03-12,S9,P9,0,15
2026-03-13,S9,P9,0,15
2026-03-14,S9,P9,0,15
2025-09-01,S9,P10,13,108
2025-09-02,S9,P10,13,95
2025-09-03,S9,P10,12,83
2025-09-04,S9,P10,12,71
2025-09-05,S9,P10,14,57
2025-09-06,S9,P10,18,39
2025-09-07,S9,P10,7,32
2025-09-08,S9,P10,11,185
2025-09-09,S9,P10,6,179
2025-09-10,S9,P10,10,169
2025-09-11,S9,P10,14,155
2025-09-12,S9,P10,17,138
2025-09-13,S9,P10,10,128
2025-09-14,S9,P10,9,119
2025-09-15,S9,P10,8,111
2025-09-16,S9,P10,8,103
2025-09-17,S9,P10,7,96
2025-09-18,S9,P10,13,83
2025-09-19,S9,P10,10,73
2025-09-20,S9,P10,10,63
2025-09-21,S9,P10,12,51
2025-09-22,S9,P10,13,38
2025-09-23,S9,P10,9,29
2025-09-24,S9,P10,12,187
2025-09-25,S9,P10,7,180
2025-09-26,S9,P10,17,163
2025-09-27,S9,P10,15,148
2025-09-28,S9,P10,14,134
2025-09-29,S9,P10,7,127
2025-09-30,S9,P10,11,116
2025-10-01,S9,P10,10,106
2025-10-02,S9,P10,11,95
2025-10-03,S9,P10,5,90
2025-10-04,S9,P10,13,77
2025-10-05,S9,P10,13,64
2025-10-06,S9,P10,2,62
2025-10-07,S9,P10,4,58
2025-10-08,S9,P10,11,47
2025-10-09,S9,P10,8,39
2025-10-10,S9,P10,7,32
2025-10-11,S9,P10,11,157
2025-10-12,S9,P10,9,148
2025-10-13,S9,P10,13,135
2025-10-14,S9,P10,8,127
2025-10-15,S9,P10,9,118
2025-10-16,S9,P10,5,113
2025-10-17,S9,P10,11,102
2025-10-18,S9,P10,14,88
2025-10-19,S9,P10,5,83
2025-10-20,S9,P10,12,71
2025-10-21,S9,P10,10,61
2025-10-22,S9,P10,10,51
2025-10-23,S9,P10,10,41
2025-10-24,S9,P10,13,167
2025-10-25,S9,P10,13,154
2025-10-26,S9,P10,10,144
2025-10-27,S9,P10,13,131
2025-10-28,S9,P10,15,116
2025-10-29,S9,P10,9,107
2025-10-30,S9,P10,10,97
2025-10-31,S9,P10,8,89
2025-11-01,S9,P10,10,79
2025-11-02,S9,P10,13,66
2025-11-03,S9,P10,4,62
2025-11-04,S9,P10,8,54
2025-11-05,S9,P10,5,49
2025-11-06,S9,P10,7,42
2025-11-07,S9,P10,6,36
2025-11-08,S9,P10,13,119
2025-11-09,S9,P10,9,110
2025-11-10,S9,P10,7,103
2025-11-11,S9,P10,9,94
2025-11-12,S9,P10,6,88
2025-11-13,S9,P10,11,77
2025-11-14,S9,P10,9,68
2025-11-15,S9,P10,19,49
2025-11-16,S9,P10,6,43
2025-11-17,S9,P10,2,41
2025-11-18,S9,P10,10,31
2025-11-19,S9,P10,8,148
2025-11-20,S9,P10,10,138
2025-11-21,S9,P10,12,126
2025-11-22,S9,P10,7,119
2025-11-23,S9,P10,11,108
2025-11-24,S9,P10,5,103
2025-11-25,S9,P10,3,100
2025-11-26,S9,P10,11,89
2025-11-27,S9,P10,12,77
2025-11-28,S9,P10,18,59
2025-11-29,S9,P10,10,49
2025-11-30,S9,P10,4,45
2025-12-01,S9,P10,11,34
2025-12-02,S9,P10,13,125
2025-12-03,S9,P10,13,112
2025-12-04,S9,P10,14,98
2025-12-05,S9,P10,9,89
2025-12-06,S9,P10,12,77
2025-12-07,S9,P10,7,70
2025-12-08,S9,P10,4,66
2025-12-09,S9,P10,12,54
2025-12-10,S9,P10,7,47
2025-12-11,S9,P10,8,39
2025-12-12,S9,P10,13,193
2025-12-13,S9,P10,11,182
2025-12-14,S9,P10,9,173
2025-12-15,S9,P10,6,167
2025-12-16,S9,P10,13,154
2025-12-17,S9,P10,12,142
2025-12-18,S9,P10,12,130
2025-12-19,S9,P10,9,121
2025-12-20,S9,P10,16,105
2025-12-21,S9,P10,14,91
2025-12-22,S9,P10,8,83
2025-12-23,S9,P10,5,78
2025-12-24,S9,P10,11,67
2025-12-25,S9,P10,9,58
2025-12-26,S9,P10,15,43
2025-12-27,S9,P10,16,167
2025-12-28,S9,P10,10,157
2025-12-29,S9,P10,8,149
2025-12-30,S9,P10,11,138
2025-12-31,S9,P10,13,125
2026-01-01,S9,P10,14,111
2026-01-02,S9,P10,20,91
2026-01-03,S9,P10,6,85
2026-01-04,S9,P10,9,76
2026-01-05,S9,P10,8,68
2026-01-06,S9,P10,7,61
2026-01-07,S9,P10,14,47
2026-01-08,S9,P10,14,33
2026-01-09,S9,P10,8,147
2026-01-10,S9,P10,8,139
2026-01-11,S9,P10,11,128
2026-01-12,S9,P10,15,113
2026-01-13,S9,P10,4,109
2026-01-14,S9,P10,11,98
2026-01-15,S9,P10,13,85
2026-01-16,S9,P10,12,73
2026-01-17,S9,P10,14,59
2026-01-18,S9,P10,11,48
2026-01-19,S9,P10,4,44
2026-01-20,S9,P10,6,38
2026-01-21,S9,P10,13,171
2026-01-22,S9,P10,10,161
2026-01-23,S9,P10,10,151
2026-01-24,S9,P10,6,145
2026-01-25,S9,P10,11,134
2026-01-26,S9,P10,9,125
2026-01-27,S9,P10,8,117
2026-01-28,S9,P10,8,109
2026-01-29,S9,P10,17,92
2026-01-30,S9,P10,9,83
2026-01-31,S9,P10,13,70
2026-02-01,S9,P10,11,59
2026-02-02,S9,P10,9,50
2026-02-03,S9,P10,10,40
2026-02-04,S9,P10,6,34
2026-02-05,S9,P10,9,184
2026-02-06,S9,P10,16,168
2026-02-07,S9,P10,8,160
2026-02-08,S9,P10,6,154
2026-02-09,S9,P10,9,145
2026-02-10,S9,P10,4,141
2026-02-11,S9,P10,9,132
2026-02-12,S9,P10,9,123
2026-02-13,S9,P10,7,116
2026-02-14,S9,P10,5,111
2026-02-15,S9,P10,8,103
2026-02-16,S9,P10,15,88
2026-02-17,S9,P10,6,82
2026-02-18,S9,P10,13,69
2026-02-19,S9,P10,4,65
2026-02-20,S9,P10,9,56
2026-02-21,S9,P10,10,46
2026-02-22,S9,P10,13,33
2026-02-23,S9,P10,7,115
2026-02-24,S9,P10,7,108
2026-02-25,S9,P10,11,97
2026-02-26,S9,P10,14,83
2026-02-27,S9,P10,16,67
2026-02-28,S9,P10,9,58
2026-03-01,S9,P10,12,46
2026-03-02,S9,P10,3,43
2026-03-03,S9,P10,6,37
2026-03-04,S9,P10,12,163
2026-03-05,S9,P10,6,157
2026-03-06,S9,P10,15,142
2026-03-07,S9,P10,8,134
2026-03-08,S9,P10,10,124
2026-03-09,S9,P10,10,114
2026-03-10,S9,P10,9,105
2026-03-11,S9,P10,14,91
2026-03-12,S9,P10,13,78
2026-03-13,S9,P10,10,68
2026-03-14,S9,P10,12,56
2025-09-01,S9,P11,4,45
2025-09-02,S9,P11,3,42
2025-09-03,S9,P11,3,39
2025-09-04,S9,P11,0,39
2025-09-05,S9,P11,1,38
2025-09-06,S9,P11,7,31
2025-09-07,S9,P11,4,27
2025-09-08,S9,P11,1,26
2025-09-09,S9,P11,6,20
2025-09-10,S9,P11,3,17
2025-09-11,S9,P11,6,11
2025-09-12,S9,P11,4,61
2025-09-13,S9,P11,1,60
2025-09-14,S9,P11,5,55
2025-09-15,S9,P11,3,52
2025-09-16,S9,P11,4,48
2025-09-17,S9,P11,4,44
2025-09-18,S9,P11,3,41
2025-09-19,S9,P11,6,35
2025-09-20,S9,P11,3,32
2025-09-21,S9,P11,7,25
2025-09-22,S9,P11,4,21
2025-09-23,S9,P11,3,18
2025-09-24,S9,P11,1,17
2025-09-25,S9,P11,6,11
2025-09-26,S9,P11,3,61
2025-09-27,S9,P11,1,60
2025-09-28,S9,P11,4,56
2025-09-29,S9,P11,6,50
2025-09-30,S9,P11,5,45
2025-10-01,S9,P11,7,38
2025-10-02,S9,P11,0,38
2025-10-03,S9,P11,2,36
2025-10-04,S9,P11,5,31
2025-10-05,S9,P11,4,27
2025-10-06,S9,P11,3,24
2025-10-07,S9,P11,5,19
2025-10-08,S9,P11,5,14
2025-10-09,S9,P11,5,74
2025-10-10,S9,P11,4,70
2025-10-11,S9,P11,2,68
2025-10-12,S9,P11,7,61
2025-10-13,S9,P11,2,59
2025-10-14,S9,P11,6,53
2025-10-15,S9,P11,5,48
2025-10-16,S9,P11,6,42
2025-10-17,S9,P11,1,41
2025-10-18,S9,P11,11,30
2025-10-19,S9,P11,3,27
2025-10-20,S9,P11,0,27
2025-10-21,S9,P11,6,21
2025-10-22,S9,P11,2,19
2025-10-23,S9,P11,1,18
2025-10-24,S9,P11,6,12
2025-10-25,S9,P11,2,70
2025-10-26,S9,P11,3,67
2025-10-27,S9,P11,3,64
2025-10-28,S9,P11,5,59
2025-10-29,S9,P11,1,58
2025-10-30,S9,P11,6,52
2025-10-31,S9,P11,6,46
2025-11-01,S9,P11,4,42
2025-11-02,S9,P11,3,39
2025-11-03,S9,P11,2,37
2025-11-04,S9,P11,6,31
2025-11-05,S9,P11,6,25
2025-11-06,S9,P11,7,18
2025-11-07,S9,P11,2,16
2025-11-08,S9,P11,3,13
2025-11-09,S9,P11,2,11
2025-11-10,S9,P11,3,55
2025-11-11,S9,P11,3,52
2025-11-12,S9,P11,5,47
2025-11-13,S9,P11,3,44
2025-11-14,S9,P11,7,37
2025-11-15,S9,P11,6,31
2025-11-16,S9,P11,2,29
2025-11-17,S9,P11,6,23
2025-11-18,S9,P11,3,20
2025-11-19,S9,P11,2,18
2025-11-20,S9,P11,4,14
2025-11-21,S9,P11,7,55
2025-11-22,S9,P11,3,52
2025-11-23,S9,P11,4,48
2025-11-24,S9,P11,2,46
2025-11-25,S9,P11,7,39
2025-11-26,S9,P11,4,35
2025-11-27,S9,P11,5,30
2025-11-28,S9,P11,5,25
2025-11-29,S9,P11,5,20
2025-11-30,S9,P11,7,13
2025-12-01,S9,P11,5,52
2025-12-02,S9,P11,3,49
2025-12-03,S9,P11,5,44
2025-12-04,S9,P11,5,39
2025-12-05,S9,P11,3,36
2025-12-06,S9,P11,5,31
2025-12-07,S9,P11,3,28
2025-12-08,S9,P11,0,28
2025-12-09,S9,P11,5,23
2025-12-10,S9,P11,4,19
2025-12-11,S9,P11,4,15
2025-12-12,S9,P11,2,13
2025-12-13,S9,P11,6,56
2025-12-14,S9,P11,8,48
2025-12-15,S9,P11,2,46
2025-12-16,S9,P11,4,42
2025-12-17,S9,P11,3,39
2025-12-18,S9,P11,1,38
2025-12-19,S9,P11,6,32
2025-12-20,S9,P11,7,25
2025-12-21,S9,P11,5,20
2025-12-22,S9,P11,5,15
2025-12-23,S9,P11,1,14
2025-12-24,S9,P11,4,54
2025-12-25,S9,P11,8,46
2025-12-26,S9,P11,6,40
2025-12-27,S9,P11,4,36
2025-12-28,S9,P11,3,33
2025-12-29,S9,P11,0,33
2025-12-30,S9,P11,1,32
2025-12-31,S9,P11,4,28
2026-01-01,S9,P11,5,23
2026-01-02,S9,P11,5,18
2026-01-03,S9,P11,3,15
2026-01-04,S9,P11,3,12
2026-01-05,S9,P11,3,47
2026-01-06,S9,P11,3,44
2026-01-07,S9,P11,3,41
2026-01-08,S9,P11,7,34
2026-01-09,S9,P11,2,32
2026-01-10,S9,P11,2,30
2026-01-11,S9,P11,2,28
2026-01-12,S9,P11,4,24
2026-01-13,S9,P11,4,20
2026-01-14,S9,P11,5,15
2026-01-15,S9,P11,3,12
2026-01-16,S9,P11,3,57
2026-01-17,S9,P11,7,50
2026-01-18,S9,P11,5,45
2026-01-19,S9,P11,3,42
2026-01-20,S9,P11,4,38
2026-01-21,S9,P11,6,32
2026-01-22,S9,P11,4,28
2026-01-23,S9,P11,7,21
2026-01-24,S9,P11,9,12
2026-01-25,S9,P11,4,42
2026-01-26,S9,P11,5,37
2026-01-27,S9,P11,2,35
2026-01-28,S9,P11,5,30
2026-01-29,S9,P11,4,26
2026-01-30,S9,P11,1,25
2026-01-31,S9,P11,2,23
2026-02-01,S9,P11,3,20
2026-02-02,S9,P11,1,19
2026-02-03,S9,P11,6,13
2026-02-04,S9,P11,5,51
2026-02-05,S9,P11,1,50
2026-02-06,S9,P11,5,45
2026-02-07,S9,P11,7,38
2026-02-08,S9,P11,3,35
2026-02-09,S9,P11,5,30
2026-02-10,S9,P11,3,27
2026-02-11,S9,P11,8,19
2026-02-12,S9,P11,3,16
2026-02-13,S9,P11,8,52
2026-02-14,S9,P11,1,51
2026-02-15,S9,P11,2,49
2026-02-16,S9,P11,6,43
2026-02-17,S9,P11,2,41
2026-02-18,S9,P11,5,36
2026-02-19,S9,P11,2,34
2026-02-20,S9,P11,5,29
2026-02-21,S9,P11,7,22
2026-02-22,S9,P11,4,18
2026-02-23,S9,P11,1,17
2026-02-24,S9,P11,1,16
2026-02-25,S9,P11,5,11
2026-02-26,S9,P11,3,59
2026-02-27,S9,P11,3,56
2026-02-28,S9,P11,8,48
2026-03-01,S9,P11,1,47
2026-03-02,S9,P11,6,41
2026-03-03,S9,P11,6,35
2026-03-04,S9,P11,3,32
2026-03-05,S9,P11,2,30
2026-03-06,S9,P11,4,26
2026-03-07,S9,P11,7,19
2026-03-08,S9,P11,4,15
2026-03-09,S9,P11,1,14
2026-03-10,S9,P11,5,48
2026-03-11,S9,P11,3,45
2026-03-12,S9,P11,7,38
2026-03-13,S9,P11,4,34
2026-03-14,S9,P11,4,30
2025-09-01,S9,P12,2,6
2025-09-02,S9,P12,0,6
2025-09-03,S9,P12,1,5
2025-09-04,S9,P12,0,5
2025-09-05,S9,P12,1,4
2025-09-06,S9,P12,1,3
2025-09-07,S9,P12,0,3
2025-09-08,S9,P12,0,3
2025-09-09,S9,P12,0,3
2025-09-10,S9,P12,0,3
2025-09-11,S9,P12,0,3
2025-09-12,S9,P12,0,3
2025-09-13,S9,P12,2,11
2025-09-14,S9,P12,1,10
2025-09-15,S9,P12,0,10
2025-09-16,S9,P12,0,10
2025-09-17,S9,P12,0,10
2025-09-18,S9,P12,0,10
2025-09-19,S9,P12,0,10
2025-09-20,S9,P12,0,10
2025-09-21,S9,P12,0,10
2025-09-22,S9,P12,0,10
2025-09-23,S9,P12,1,9
2025-09-24,S9,P12,1,8
2025-09-25,S9,P12,0,8
2025-09-26,S9,P12,0,8
2025-09-27,S9,P12,1,7
2025-09-28,S9,P12,1,6
2025-09-29,S9,P12,0,6
2025-09-30,S9,P12,0,6
2025-10-01,S9,P12,0,6
2025-10-02,S9,P12,0,6
2025-10-03,S9,P12,0,6
2025-10-04,S9,P12,1,5
2025-10-05,S9,P12,2,3
2025-10-06,S9,P12,0,3
2025-10-07,S9,P12,1,12
2025-10-08,S9,P12,0,12
2025-10-09,S9,P12,0,12
2025-10-10,S9,P12,0,12
2025-10-11,S9,P12,2,10
2025-10-12,S9,P12,2,8
2025-10-13,S9,P12,0,8
2025-10-14,S9,P12,0,8
2025-10-15,S9,P12,0,8
2025-10-16,S9,P12,1,7
2025-10-17,S9,P12,0,7
2025-10-18,S9,P12,1,6
2025-10-19,S9,P12,0,6
2025-10-20,S9,P12,0,6
2025-10-21,S9,P12,1,5
2025-10-22,S9,P12,1,4
2025-10-23,S9,P12,1,3
2025-10-24,S9,P12,0,3
2025-10-25,S9,P12,0,3
2025-10-26,S9,P12,0,3
2025-10-27,S9,P12,2,11
2025-10-28,S9,P12,0,11
2025-10-29,S9,P12,0,11
2025-10-30,S9,P12,0,11
2025-10-31,S9,P12,0,11
2025-11-01,S9,P12,0,11
2025-11-02,S9,P12,0,11
2025-11-03,S9,P12,2,9
2025-11-04,S9,P12,0,9
2025-11-05,S9,P12,0,9
2025-11-06,S9,P12,0,9
2025-11-07,S9,P12,2,7
2025-11-08,S9,P12,1,6
2025-11-09,S9,P12,0,6
2025-11-10,S9,P12,0,6
2025-11-11,S9,P12,2,4
2025-11-12,S9,P12,0,4
2025-11-13,S9,P12,0,4
2025-11-14,S9,P12,2,12
2025-11-15,S9,P12,2,10
2025-11-16,S9,P12,1,9
2025-11-17,S9,P12,0,9
2025-11-18,S9,P12,1,8
2025-11-19,S9,P12,0,8
2025-11-20,S9,P12,1,7
2025-11-21,S9,P12,1,6
2025-11-22,S9,P12,0,6
2025-11-23,S9,P12,0,6
2025-11-24,S9,P12,0,6
2025-11-25,S9,P12,0,6
2025-11-26,S9,P12,1,5
2025-11-27,S9,P12,1,4
2025-11-28,S9,P12,1,3
2025-11-29,S9,P12,3,10
2025-11-30,S9,P12,1,9
2025-12-01,S9,P12,1,8
2025-12-02,S9,P12,0,8
2025-12-03,S9,P12,1,7
2025-12-04,S9,P12,1,6
2025-12-05,S9,P12,1,5
2025-12-06,S9,P12,0,5
2025-12-07,S9,P12,2,3
2025-12-08,S9,P12,0,3
2025-12-09,S9,P12,0,3
2025-12-10,S9,P12,0,3
2025-12-11,S9,P12,0,3
2025-12-12,S9,P12,0,3
2025-12-13,S9,P12,0,3
2025-12-14,S9,P12,0,3
2025-12-15,S9,P12,0,3
2025-12-16,S9,P12,0,3
2025-12-17,S9,P12,0,3
2025-12-18,S9,P12,0,3
2025-12-19,S9,P12,1,12
2025-12-20,S9,P12,0,12
2025-12-21,S9,P12,0,12
2025-12-22,S9,P12,0,12
2025-12-23,S9,P12,0,12
2025-12-24,S9,P12,2,10
2025-12-25,S9,P12,1,9
2025-12-26,S9,P12,0,9
2025-12-27,S9,P12,1,8
2025-12-28,S9,P12,0,8
2025-12-29,S9,P12,2,6
2025-12-30,S9,P12,0,6
2025-12-31,S9,P12,0,6
2026-01-01,S9,P12,1,5
2026-01-02,S9,P12,0,5
2026-01-03,S9,P12,0,5
2026-01-04,S9,P12,0,5
2026-01-05,S9,P12,0,5
2026-01-06,S9,P12,1,4
2026-01-07,S9,P12,0,4
2026-01-08,S9,P12,0,4
2026-01-09,S9,P12,1,3
2026-01-10,S9,P12,1,12
2026-01-11,S9,P12,0,12
2026-01-12,S9,P12,0,12
2026-01-13,S9,P12,0,12
2026-01-14,S9,P12,0,12
2026-01-15,S9,P12,1,11
2026-01-16,S9,P12,0,11
2026-01-17,S9,P12,0,11
2026-01-18,S9,P12,0,11
2026-01-19,S9,P12,0,11
2026-01-20,S9,P12,0,11
2026-01-21,S9,P12,0,11
2026-01-22,S9,P12,0,11
2026-01-23,S9,P12,0,11
2026-01-24,S9,P12,0,11
2026-01-25,S9,P12,0,11
2026-01-26,S9,P12,0,11
2026-01-27,S9,P12,1,10
2026-01-28,S9,P12,0,10
2026-01-29,S9,P12,0,10
2026-01-30,S9,P12,0,10
2026-01-31,S9,P12,1,9
2026-02-01,S9,P12,1,8
2026-02-02,S9,P12,0,8
2026-02-03,S9,P12,0,8
2026-02-04,S9,P12,0,8
2026-02-05,S9,P12,1,7
2026-02-06,S9,P12,1,6
2026-02-07,S9,P12,2,4
2026-02-08,S9,P12,0,4
2026-02-09,S9,P12,1,3
2026-02-10,S9,P12,0,3
2026-02-11,S9,P12,1,12
2026-02-12,S9,P12,0,12
2026-02-13,S9,P12,0,12
2026-02-14,S9,P12,0,12
2026-02-15,S9,P12,0,12
2026-02-16,S9,P12,0,12
2026-02-17,S9,P12,0,12
2026-02-18,S9,P12,1,11
2026-02-19,S9,P12,0,11
2026-02-20,S9,P12,0,11
2026-02-21,S9,P12,1,10
2026-02-22,S9,P12,1,9
2026-02-23,S9,P12,0,9
2026-02-24,S9,P12,0,9
2026-02-25,S9,P12,1,8
2026-02-26,S9,P12,1,7
2026-02-27,S9,P12,0,7
2026-02-28,S9,P12,0,7
2026-03-01,S9,P12,0,7
2026-03-02,S9,P12,2,5
2026-03-03,S9,P12,0,5
2026-03-04,S9,P12,0,5
2026-03-05,S9,P12,0,5
2026-03-06,S9,P12,1,4
2026-03-07,S9,P12,0,4
2026-03-08,S9,P12,0,4
2026-03-09,S9,P12,0,4
2026-03-10,S9,P12,1,3
2026-03-11,S9,P12,0,3
2026-03-12,S9,P12,0,3
2026-03-13,S9,P12,0,3
2026-03-14,S9,P12,1,12
2025-09-01,S9,P13,4,166
2025-09-02,S9,P13,16,150
2025-09-03,S9,P13,8,142
2025-09-04,S9,P13,13,129
2025-09-05,S9,P13,6,123
2025-09-06,S9,P13,12,111
2025-09-07,S9,P13,11,100
2025-09-08,S9,P13,8,92
2025-09-09,S9,P13,12,80
2025-09-10,S9,P13,6,74
2025-09-11,S9,P13,14,60
2025-09-12,S9,P13,3,57
2025-09-13,S9,P13,15,42
2025-09-14,S9,P13,8,34
2025-09-15,S9,P13,6,28
2025-09-16,S9,P13,11,91
2025-09-17,S9,P13,13,78
2025-09-18,S9,P13,9,69
2025-09-19,S9,P13,13,56
2025-09-20,S9,P13,15,41
2025-09-21,S9,P13,9,32
2025-09-22,S9,P13,11,161
2025-09-23,S9,P13,6,155
2025-09-24,S9,P13,9,146
2025-09-25,S9,P13,4,142
2025-09-26,S9,P13,12,130
2025-09-27,S9,P13,11,119
2025-09-28,S9,P13,8,111
2025-09-29,S9,P13,11,100
2025-09-30,S9,P13,11,89
2025-10-01,S9,P13,7,82
2025-10-02,S9,P13,7,75
2025-10-03,S9,P13,12,63
2025-10-04,S9,P13,6,57
2025-10-05,S9,P13,9,48
2025-10-06,S9,P13,10,38
2025-10-07,S9,P13,11,27
2025-10-08,S9,P13,9,178
2025-10-09,S9,P13,5,173
2025-10-10,S9,P13,14,159
2025-10-11,S9,P13,16,143
2025-10-12,S9,P13,9,134
2025-10-13,S9,P13,5,129
2025-10-14,S9,P13,5,124
2025-10-15,S9,P13,10,114
2025-10-16,S9,P13,6,108
2025-10-17,S9,P13,13,95
2025-10-18,S9,P13,6,89
2025-10-19,S9,P13,8,81
2025-10-20,S9,P13,13,68
2025-10-21,S9,P13,12,56
2025-10-22,S9,P13,12,44
2025-10-23,S9,P13,9,35
2025-10-24,S9,P13,7,28
2025-10-25,S9,P13,12,103
2025-10-26,S9,P13,15,88
2025-10-27,S9,P13,10,78
2025-10-28,S9,P13,8,70
2025-10-29,S9,P13,9,61
2025-10-30,S9,P13,4,57
2025-10-31,S9,P13,12,45
2025-11-01,S9,P13,18,27
2025-11-02,S9,P13,4,176
2025-11-03,S9,P13,8,168
2025-11-04,S9,P13,10,158
2025-11-05,S9,P13,13,145
2025-11-06,S9,P13,11,134
2025-11-07,S9,P13,11,123
2025-11-08,S9,P13,21,102
2025-11-09,S9,P13,5,97
2025-11-10,S9,P13,8,89
2025-11-11,S9,P13,9,80
2025-11-12,S9,P13,8,72
2025-11-13,S9,P13,14,58
2025-11-14,S9,P13,8,50
2025-11-15,S9,P13,16,34
2025-11-16,S9,P13,6,28
2025-11-17,S9,P13,8,112
2025-11-18,S9,P13,9,103
2025-11-19,S9,P13,10,93
2025-11-20,S9,P13,12,81
2025-11-21,S9,P13,5,76
2025-11-22,S9,P13,8,68
2025-11-23,S9,P13,8,60
2025-11-24,S9,P13,5,55
2025-11-25,S9,P13,12,43
2025-11-26,S9,P13,7,36
2025-11-27,S9,P13,8,28
2025-11-28,S9,P13,16,128
2025-11-29,S9,P13,14,114
2025-11-30,S9,P13,8,106
2025-12-01,S9,P13,5,101
2025-12-02,S9,P13,9,92
2025-12-03,S9,P13,14,78
2025-12-04,S9,P13,17,61
2025-12-05,S9,P13,12,49
2025-12-06,S9,P13,15,34
2025-12-07,S9,P13,11,103
2025-12-08,S9,P13,11,92
2025-12-09,S9,P13,11,81
2025-12-10,S9,P13,10,71
2025-12-11,S9,P13,7,64
2025-12-12,S9,P13,6,58
2025-12-13,S9,P13,10,48
2025-12-14,S9,P13,16,32
2025-12-15,S9,P13,8,188
2025-12-16,S9,P13,10,178
2025-12-17,S9,P13,11,167
2025-12-18,S9,P13,8,159
2025-12-19,S9,P13,14,145
2025-12-20,S9,P13,13,132
2025-12-21,S9,P13,9,123
2025-12-22,S9,P13,4,119
2025-12-23,S9,P13,4,115
2025-12-24,S9,P13,6,109
2025-12-25,S9,P13,6,103
2025-12-26,S9,P13,17,86
2025-12-27,S9,P13,13,73
2025-12-28,S9,P13,12,61
2025-12-29,S9,P13,10,51
2025-12-30,S9,P13,7,44
2025-12-31,S9,P13,7,37
2026-01-01,S9,P13,9,28
2026-01-02,S9,P13,9,148
2026-01-03,S9,P13,11,137
2026-01-04,S9,P13,4,133
2026-01-05,S9,P13,12,121
2026-01-06,S9,P13,7,114
2026-01-07,S9,P13,4,110
2026-01-08,S9,P13,14,96
2026-01-09,S9,P13,8,88
2026-01-10,S9,P13,12,76
2026-01-11,S9,P13,8,68
2026-01-12,S9,P13,8,60
2026-01-13,S9,P13,12,48
2026-01-14,S9,P13,10,38
2026-01-15,S9,P13,12,113
2026-01-16,S9,P13,15,98
2026-01-17,S9,P13,15,83
2026-01-18,S9,P13,5,78
2026-01-19,S9,P13,6,72
2026-01-20,S9,P13,4,68
2026-01-21,S9,P13,3,65
2026-01-22,S9,P13,10,55
2026-01-23,S9,P13,15,40
2026-01-24,S9,P13,12,28
2026-01-25,S9,P13,11,126
2026-01-26,S9,P13,12,114
2026-01-27,S9,P13,5,109
2026-01-28,S9,P13,7,102
2026-01-29,S9,P13,15,87
2026-01-30,S9,P13,18,69
2026-01-31,S9,P13,13,56
2026-02-01,S9,P13,5,51
2026-02-02,S9,P13,9,42
2026-02-03,S9,P13,10,32
2026-02-04,S9,P13,4,28
2026-02-05,S9,P13,11,158
2026-02-06,S9,P13,9,149
2026-02-07,S9,P13,6,143
2026-02-08,S9,P13,6,137
2026-02-09,S9,P13,10,127
2026-02-10,S9,P13,13,114
2026-02-11,S9,P13,8,106
2026-02-12,S9,P13,5,101
2026-02-13,S9,P13,16,85
2026-02-14,S9,P13,11,74
2026-02-15,S9,P13,5,69
2026-02-16,S9,P13,9,60
2026-02-17,S9,P13,12,48
2026-02-18,S9,P13,10,38
2026-02-19,S9,P13,5,33
2026-02-20,S9,P13,4,29
2026-02-21,S9,P13,12,111
2026-02-22,S9,P13,8,103
2026-02-23,S9,P13,11,92
2026-02-24,S9,P13,10,82
2026-02-25,S9,P13,13,69
2026-02-26,S9,P13,13,56
2026-02-27,S9,P13,9,47
2026-02-28,S9,P13,7,40
2026-03-01,S9,P13,8,32
2026-03-02,S9,P13,6,180
2026-03-03,S9,P13,7,173
2026-03-04,S9,P13,6,167
2026-03-05,S9,P13,11,156
2026-03-06,S9,P13,12,144
2026-03-07,S9,P13,7,137
2026-03-08,S9,P13,5,132
2026-03-09,S9,P13,4,128
2026-03-10,S9,P13,11,117
2026-03-11,S9,P13,4,113
2026-03-12,S9,P13,7,106
2026-03-13,S9,P13,6,100
2026-03-14,S9,P13,11,89
2025-09-01,S9,P14,4,33
2025-09-02,S9,P14,0,33
2025-09-03,S9,P14,3,30
2025-09-04,S9,P14,3,27
2025-09-05,S9,P14,4,23
2025-09-06,S9,P14,8,15
2025-09-07,S9,P14,4,11
2025-09-08,S9,P14,3,8
2025-09-09,S9,P14,4,28
2025-09-10,S9,P14,3,25
2025-09-11,S9,P14,3,22
2025-09-12,S9,P14,1,21
2025-09-13,S9,P14,3,18
2025-09-14,S9,P14,4,14
2025-09-15,S9,P14,3,11
2025-09-16,S9,P14,1,10
2025-09-17,S9,P14,2,8
2025-09-18,S9,P14,1,55
2025-09-19,S9,P14,6,49
2025-09-20,S9,P14,4,45
2025-09-21,S9,P14,1,44
2025-09-22,S9,P14,2,42
2025-09-23,S9,P14,2,40
2025-09-24,S9,P14,1,39
2025-09-25,S9,P14,3,36
2025-09-26,S9,P14,6,30
2025-09-27,S9,P14,6,24
2025-09-28,S9,P14,6,18
2025-09-29,S9,P14,4,14
2025-09-30,S9,P14,1,13
2025-10-01,S9,P14,4,9
2025-10-02,S9,P14,2,54
2025-10-03,S9,P14,2,52
2025-10-04,S9,P14,2,50
2025-10-05,S9,P14,2,48
2025-10-06,S9,P14,1,47
2025-10-07,S9,P14,4,43
2025-10-08,S9,P14,5,38
2025-10-09,S9,P14,2,36
2025-10-10,S9,P14,2,34
2025-10-11,S9,P14,3,31
2025-10-12,S9,P14,1,30
2025-10-13,S9,P14,0,30
2025-10-14,S9,P14,5,25
2025-10-15,S9,P14,3,22
2025-10-16,S9,P14,4,18
2025-10-17,S9,P14,4,14
2025-10-18,S9,P14,2,12
2025-10-19,S9,P14,4,8
2025-10-20,S9,P14,1,43
2025-10-21,S9,P14,4,39
2025-10-22,S9,P14,2,37
2025-10-23,S9,P14,3,34
2025-10-24,S9,P14,2,32
2025-10-25,S9,P14,3,29
2025-10-26,S9,P14,4,25
2025-10-27,S9,P14,3,22
2025-10-28,S9,P14,4,18
2025-10-29,S9,P14,3,15
2025-10-30,S9,P14,3,12
2025-10-31,S9,P14,3,9
2025-11-01,S9,P14,7,38
2025-11-02,S9,P14,1,37
2025-11-03,S9,P14,5,32
2025-11-04,S9,P14,2,30
2025-11-05,S9,P14,4,26
2025-11-06,S9,P14,3,23
2025-11-07,S9,P14,5,18
2025-11-08,S9,P14,4,14
2025-11-09,S9,P14,6,8
2025-11-10,S9,P14,2,44
2025-11-11,S9,P14,6,38
2025-11-12,S9,P14,4,34
2025-11-13,S9,P14,2,32
2025-11-14,S9,P14,3,29
2025-11-15,S9,P14,3,26
2025-11-16,S9,P14,0,26
2025-11-17,S9,P14,3,23
2025-11-18,S9,P14,2,21
2025-11-19,S9,P14,5,16
2025-11-20,S9,P14,5,11
2025-11-21,S9,P14,3,8
2025-11-22,S9,P14,2,42
2025-11-23,S9,P14,2,40
2025-11-24,S9,P14,1,39
2025-11-25,S9,P14,3,36
2025-11-26,S9,P14,1,35
2025-11-27,S9,P14,3,32
2025-11-28,S9,P14,6,26
2025-11-29,S9,P14,9,17
2025-11-30,S9,P14,6,11
2025-12-01,S9,P14,2,9
2025-12-02,S9,P14,1,8
2025-12-03,S9,P14,3,37
2025-12-04,S9,P14,4,33
2025-12-05,S9,P14,5,28
2025-12-06,S9,P14,2,26
2025-12-07,S9,P14,5,21
2025-12-08,S9,P14,4,17
2025-12-09,S9,P14,4,13
2025-12-10,S9,P14,2,11
2025-12-11,S9,P14,5,54
2025-12-12,S9,P14,4,50
2025-12-13,S9,P14,4,46
2025-12-14,S9,P14,1,45
2025-12-15,S9,P14,1,44
2025-12-16,S9,P14,2,42
2025-12-17,S9,P14,2,40
2025-12-18,S9,P14,0,40
2025-12-19,S9,P14,2,38
2025-12-20,S9,P14,6,32
2025-12-21,S9,P14,6,26
2025-12-22,S9,P14,0,26
2025-12-23,S9,P14,2,24
2025-12-24,S9,P14,3,21
2025-12-25,S9,P14,4,17
2025-12-26,S9,P14,6,11
2025-12-27,S9,P14,6,31
2025-12-28,S9,P14,1,30
2025-12-29,S9,P14,4,26
2025-12-30,S9,P14,6,20
2025-12-31,S9,P14,7,13
2026-01-01,S9,P14,2,11
2026-01-02,S9,P14,1,10
2026-01-03,S9,P14,4,46
2026-01-04,S9,P14,1,45
2026-01-05,S9,P14,3,42
2026-01-06,S9,P14,4,38
2026-01-07,S9,P14,4,34
2026-01-08,S9,P14,1,33
2026-01-09,S9,P14,2,31
2026-01-10,S9,P14,5,26
2026-01-11,S9,P14,5,21
2026-01-12,S9,P14,3,18
2026-01-13,S9,P14,0,18
2026-01-14,S9,P14,2,16
2026-01-15,S9,P14,4,12
2026-01-16,S9,P14,2,10
2026-01-17,S9,P14,7,53
2026-01-18,S9,P14,1,52
2026-01-19,S9,P14,2,50
2026-01-20,S9,P14,3,47
2026-01-21,S9,P14,2,45
2026-01-22,S9,P14,8,37
2026-01-23,S9,P14,2,35
2026-01-24,S9,P14,3,32
2026-01-25,S9,P14,4,28
2026-01-26,S9,P14,1,27
2026-01-27,S9,P14,1,26
2026-01-28,S9,P14,3,23
2026-01-29,S9,P14,1,22
2026-01-30,S9,P14,7,15
2026-01-31,S9,P14,2,13
2026-02-01,S9,P14,5,8
2026-02-02,S9,P14,6,43
2026-02-03,S9,P14,1,42
2026-02-04,S9,P14,2,40
2026-02-05,S9,P14,2,38
2026-02-06,S9,P14,5,33
2026-02-07,S9,P14,5,28
2026-02-08,S9,P14,5,23
2026-02-09,S9,P14,1,22
2026-02-10,S9,P14,2,20
2026-02-11,S9,P14,2,18
2026-02-12,S9,P14,6,12
2026-02-13,S9,P14,1,11
2026-02-14,S9,P14,2,9
2026-02-15,S9,P14,3,34
2026-02-16,S9,P14,4,30
2026-02-17,S9,P14,3,27
2026-02-18,S9,P14,2,25
2026-02-19,S9,P14,5,20
2026-02-20,S9,P14,3,17
2026-02-21,S9,P14,3,14
2026-02-22,S9,P14,4,10
2026-02-23,S9,P14,2,8
2026-02-24,S9,P14,3,49
2026-02-25,S9,P14,0,49
2026-02-26,S9,P14,2,47
2026-02-27,S9,P14,4,43
2026-02-28,S9,P14,2,41
2026-03-01,S9,P14,1,40
2026-03-02,S9,P14,3,37
2026-03-03,S9,P14,1,36
2026-03-04,S9,P14,3,33
2026-03-05,S9,P14,1,32
2026-03-06,S9,P14,3,29
2026-03-07,S9,P14,4,25
2026-03-08,S9,P14,0,25
2026-03-09,S9,P14,5,20
2026-03-10,S9,P14,3,17
2026-03-11,S9,P14,3,14
2026-03-12,S9,P14,5,9
2026-03-13,S9,P14,2,37
2026-03-14,S9,P14,6,31
2025-09-01,S9,P15,3,73
2025-09-02,S9,P15,5,68
2025-09-03,S9,P15,5,63
2025-09-04,S9,P15,5,58
2025-09-05,S9,P15,4,54
2025-09-06,S9,P15,1,53
2025-09-07,S9,P15,7,46
2025-09-08,S9,P15,3,43
2025-09-09,S9,P15,3,40
2025-09-10,S9,P15,3,37
2025-09-11,S9,P15,11,26
2025-09-12,S9,P15,7,19
2025-09-13,S9,P15,12,65
2025-09-14,S9,P15,1,64
2025-09-15,S9,P15,4,60
2025-09-16,S9,P15,4,56
2025-09-17,S9,P15,3,53
2025-09-18,S9,P15,4,49
2025-09-19,S9,P15,6,43
2025-09-20,S9,P15,9,34
2025-09-21,S9,P15,7,27
2025-09-22,S9,P15,4,23
2025-09-23,S9,P15,8,15
2025-09-24,S9,P15,1,95
2025-09-25,S9,P15,1,94
2025-09-26,S9,P15,5,89
2025-09-27,S9,P15,9,80
2025-09-28,S9,P15,1,79
2025-09-29,S9,P15,3,76
2025-09-30,S9,P15,11,65
2025-10-01,S9,P15,4,61
2025-10-02,S9,P15,9,52
2025-10-03,S9,P15,5,47
2025-10-04,S9,P15,3,44
2025-10-05,S9,P15,7,37
2025-10-06,S9,P15,9,28
2025-10-07,S9,P15,3,25
2025-10-08,S9,P15,3,22
2025-10-09,S9,P15,6,16
2025-10-10,S9,P15,7,85
2025-10-11,S9,P15,8,77
2025-10-12,S9,P15,8,69
2025-10-13,S9,P15,4,65
2025-10-14,S9,P15,3,62
2025-10-15,S9,P15,3,59
2025-10-16,S9,P15,7,52
2025-10-17,S9,P15,3,49
2025-10-18,S9,P15,4,45
2025-10-19,S9,P15,7,38
2025-10-20,S9,P15,2,36
2025-10-21,S9,P15,6,30
2025-10-22,S9,P15,10,20
2025-10-23,S9,P15,2,18
2025-10-24,S9,P15,5,101
2025-10-25,S9,P15,11,90
2025-10-26,S9,P15,6,84
2025-10-27,S9,P15,3,81
2025-10-28,S9,P15,5,76
2025-10-29,S9,P15,2,74
2025-10-30,S9,P15,4,70
2025-10-31,S9,P15,7,63
2025-11-01,S9,P15,3,60
2025-11-02,S9,P15,7,53
2025-11-03,S9,P15,10,43
2025-11-04,S9,P15,7,36
2025-11-05,S9,P15,1,35
2025-11-06,S9,P15,7,28
2025-11-07,S9,P15,6,22
2025-11-08,S9,P15,6,16
2025-11-09,S9,P15,5,104
2025-11-10,S9,P15,5,99
2025-11-11,S9,P15,5,94
2025-11-12,S9,P15,4,90
2025-11-13,S9,P15,5,85
2025-11-14,S9,P15,5,80
2025-11-15,S9,P15,9,71
2025-11-16,S9,P15,2,69
2025-11-17,S9,P15,5,64
2025-11-18,S9,P15,6,58
2025-11-19,S9,P15,4,54
2025-11-20,S9,P15,5,49
2025-11-21,S9,P15,4,45
2025-11-22,S9,P15,8,37
2025-11-23,S9,P15,5,32
2025-11-24,S9,P15,6,26
2025-11-25,S9,P15,9,17
2025-11-26,S9,P15,5,69
2025-11-27,S9,P15,5,64
2025-11-28,S9,P15,6,58
2025-11-29,S9,P15,8,50
2025-11-30,S9,P15,10,40
2025-12-01,S9,P15,6,34
2025-12-02,S9,P15,6,28
2025-12-03,S9,P15,7,21
2025-12-04,S9,P15,7,77
2025-12-05,S9,P15,6,71
2025-12-06,S9,P15,5,66
2025-12-07,S9,P15,2,64
2025-12-08,S9,P15,9,55
2025-12-09,S9,P15,6,49
2025-12-10,S9,P15,7,42
2025-12-11,S9,P15,3,39
2025-12-12,S9,P15,10,29
2025-12-13,S9,P15,12,17
2025-12-14,S9,P15,4,72
2025-12-15,S9,P15,8,64
2025-12-16,S9,P15,5,59
2025-12-17,S9,P15,4,55
2025-12-18,S9,P15,6,49
2025-12-19,S9,P15,5,44
2025-12-20,S9,P15,8,36
2025-12-21,S9,P15,5,31
2025-12-22,S9,P15,3,28
2025-12-23,S9,P15,7,21
2025-12-24,S9,P15,2,19
2025-12-25,S9,P15,7,56
2025-12-26,S9,P15,4,52
2025-12-27,S9,P15,6,46
2025-12-28,S9,P15,6,40
2025-12-29,S9,P15,5,35
2025-12-30,S9,P15,3,32
2025-12-31,S9,P15,5,27
2026-01-01,S9,P15,5,22
2026-01-02,S9,P15,4,18
2026-01-03,S9,P15,5,85
2026-01-04,S9,P15,8,77
2026-01-05,S9,P15,3,74
2026-01-06,S9,P15,11,63
2026-01-07,S9,P15,4,59
2026-01-08,S9,P15,10,49
2026-01-09,S9,P15,1,48
2026-01-10,S9,P15,4,44
2026-01-11,S9,P15,4,40
2026-01-12,S9,P15,5,35
2026-01-13,S9,P15,1,34
2026-01-14,S9,P15,1,33
2026-01-15,S9,P15,7,26
2026-01-16,S9,P15,5,21
2026-01-17,S9,P15,5,16
2026-01-18,S9,P15,8,94
2026-01-19,S9,P15,6,88
2026-01-20,S9,P15,7,81
2026-01-21,S9,P15,2,79
2026-01-22,S9,P15,3,76
2026-01-23,S9,P15,3,73
2026-01-24,S9,P15,3,70
2026-01-25,S9,P15,4,66
2026-01-26,S9,P15,7,59
2026-01-27,S9,P15,4,55
2026-01-28,S9,P15,2,53
2026-01-29,S9,P15,2,51
2026-01-30,S9,P15,6,45
2026-01-31,S9,P15,9,36
2026-02-01,S9,P15,6,30
2026-02-02,S9,P15,4,26
2026-02-03,S9,P15,8,18
2026-02-04,S9,P15,1,17
2026-02-05,S9,P15,8,69
2026-02-06,S9,P15,14,55
2026-02-07,S9,P15,4,51
2026-02-08,S9,P15,5,46
2026-02-09,S9,P15,5,41
2026-02-10,S9,P15,8,33
2026-02-11,S9,P15,2,31
2026-02-12,S9,P15,4,27
2026-02-13,S9,P15,6,21
2026-02-14,S9,P15,3,18
2026-02-15,S9,P15,5,86
2026-02-16,S9,P15,5,81
2026-02-17,S9,P15,7,74
2026-02-18,S9,P15,2,72
2026-02-19,S9,P15,5,67
2026-02-20,S9,P15,5,62
2026-02-21,S9,P15,9,53
2026-02-22,S9,P15,6,47
2026-02-23,S9,P15,0,47
2026-02-24,S9,P15,7,40
2026-02-25,S9,P15,5,35
2026-02-26,S9,P15,5,30
2026-02-27,S9,P15,7,23
2026-02-28,S9,P15,7,16
2026-03-01,S9,P15,2,104
2026-03-02,S9,P15,7,97
2026-03-03,S9,P15,9,88
2026-03-04,S9,P15,10,78
2026-03-05,S9,P15,3,75
2026-03-06,S9,P15,2,73
2026-03-07,S9,P15,1,72
2026-03-08,S9,P15,7,65
2026-03-09,S9,P15,5,60
2026-03-10,S9,P15,9,51
2026-03-11,S9,P15,5,46
2026-03-12,S9,P15,6,40
2026-03-13,S9,P15,10,30
2026-03-14,S9,P15,5,25
2025-09-01,S9,P16,3,94
2025-09-02,S9,P16,7,87
2025-09-03,S9,P16,5,82
2025-09-04,S9,P16,5,77
2025-09-05,S9,P16,7,70
2025-09-06,S9,P16,5,65
2025-09-07,S9,P16,2,63
2025-09-08,S9,P16,6,57
2025-09-09,S9,P16,3,54
2025-09-10,S9,P16,4,50
2025-09-11,S9,P16,3,47
2025-09-12,S9,P16,5,42
2025-09-13,S9,P16,2,40
2025-09-14,S9,P16,2,38
2025-09-15,S9,P16,4,34
2025-09-16,S9,P16,4,30
2025-09-17,S9,P16,4,26
2025-09-18,S9,P16,4,22
2025-09-19,S9,P16,4,18
2025-09-20,S9,P16,5,13
2025-09-21,S9,P16,4,71
2025-09-22,S9,P16,2,69
2025-09-23,S9,P16,7,62
2025-09-24,S9,P16,5,57
2025-09-25,S9,P16,4,53
2025-09-26,S9,P16,3,50
2025-09-27,S9,P16,2,48
2025-09-28,S9,P16,6,42
2025-09-29,S9,P16,6,36
2025-09-30,S9,P16,6,30
2025-10-01,S9,P16,5,25
2025-10-02,S9,P16,7,18
2025-10-03,S9,P16,4,14
2025-10-04,S9,P16,6,87
2025-10-05,S9,P16,4,83
2025-10-06,S9,P16,7,76
2025-10-07,S9,P16,5,71
2025-10-08,S9,P16,5,66
2025-10-09,S9,P16,5,61
2025-10-10,S9,P16,5,56
2025-10-11,S9,P16,5,51
2025-10-12,S9,P16,5,46
2025-10-13,S9,P16,4,42
2025-10-14,S9,P16,6,36
2025-10-15,S9,P16,5,31
2025-10-16,S9,P16,4,27
2025-10-17,S9,P16,5,22
2025-10-18,S9,P16,1,21
2025-10-19,S9,P16,8,13
2025-10-20,S9,P16,4,51
2025-10-21,S9,P16,6,45
2025-10-22,S9,P16,9,36
2025-10-23,S9,P16,7,29
2025-10-24,S9,P16,4,25
2025-10-25,S9,P16,6,19
2025-10-26,S9,P16,6,13
2025-10-27,S9,P16,2,70
2025-10-28,S9,P16,7,63
2025-10-29,S9,P16,6,57
2025-10-30,S9,P16,8,49
2025-10-31,S9,P16,7,42
2025-11-01,S9,P16,4,38
2025-11-02,S9,P16,5,33
2025-11-03,S9,P16,3,30
2025-11-04,S9,P16,4,26
2025-11-05,S9,P16,5,21
2025-11-06,S9,P16,1,20
2025-11-07,S9,P16,5,15
2025-11-08,S9,P16,7,50
2025-11-09,S9,P16,5,45
2025-11-10,S9,P16,6,39
2025-11-11,S9,P16,3,36
2025-11-12,S9,P16,9,27
2025-11-13,S9,P16,3,24
2025-11-14,S9,P16,9,15
2025-11-15,S9,P16,8,48
2025-11-16,S9,P16,5,43
2025-11-17,S9,P16,5,38
2025-11-18,S9,P16,4,34
2025-11-19,S9,P16,6,28
2025-11-20,S9,P16,6,22
2025-11-21,S9,P16,7,15
2025-11-22,S9,P16,6,76
2025-11-23,S9,P16,4,72
2025-11-24,S9,P16,5,67
2025-11-25,S9,P16,4,63
2025-11-26,S9,P16,5,58
2025-11-27,S9,P16,8,50
2025-11-28,S9,P16,3,47
2025-11-29,S9,P16,5,42
2025-11-30,S9,P16,3,39
2025-12-01,S9,P16,3,36
2025-12-02,S9,P16,7,29
2025-12-03,S9,P16,7,22
2025-12-04,S9,P16,4,18
2025-12-05,S9,P16,6,57
2025-12-06,S9,P16,8,49
2025-12-07,S9,P16,5,44
2025-12-08,S9,P16,2,42
2025-12-09,S9,P16,5,37
2025-12-10,S9,P16,6,31
2025-12-11,S9,P16,4,27
2025-12-12,S9,P16,4,23
2025-12-13,S9,P16,4,19
2025-12-14,S9,P16,5,14
2025-12-15,S9,P16,6,87
2025-12-16,S9,P16,10,77
2025-12-17,S9,P16,2,75
2025-12-18,S9,P16,4,71
2025-12-19,S9,P16,9,62
2025-12-20,S9,P16,7,55
2025-12-21,S9,P16,3,52
2025-12-22,S9,P16,1,51
2025-12-23,S9,P16,5,46
2025-12-24,S9,P16,1,45
2025-12-25,S9,P16,9,36
2025-12-26,S9,P16,8,28
2025-12-27,S9,P16,4,24
2025-12-28,S9,P16,4,20
2025-12-29,S9,P16,2,18
2025-12-30,S9,P16,4,14
2025-12-31,S9,P16,4,63
2026-01-01,S9,P16,7,56
2026-01-02,S9,P16,6,50
2026-01-03,S9,P16,5,45
2026-01-04,S9,P16,6,39
2026-01-05,S9,P16,5,34
2026-01-06,S9,P16,6,28
2026-01-07,S9,P16,4,24
2026-01-08,S9,P16,11,13
2026-01-09,S9,P16,6,56
2026-01-10,S9,P16,3,53
2026-01-11,S9,P16,3,50
2026-01-12,S9,P16,3,47
2026-01-13,S9,P16,4,43
2026-01-14,S9,P16,6,37
2026-01-15,S9,P16,5,32
2026-01-16,S9,P16,10,22
2026-01-17,S9,P16,2,20
2026-01-18,S9,P16,6,14
2026-01-19,S9,P16,4,47
2026-01-20,S9,P16,9,38
2026-01-21,S9,P16,2,36
2026-01-22,S9,P16,2,34
2026-01-23,S9,P16,5,29
2026-01-24,S9,P16,2,27
2026-01-25,S9,P16,7,20
2026-01-26,S9,P16,4,16
2026-01-27,S9,P16,7,63
2026-01-28,S9,P16,4,59
2026-01-29,S9,P16,6,53
2026-01-30,S9,P16,4,49
2026-01-31,S9,P16,2,47
2026-02-01,S9,P16,4,43
2026-02-02,S9,P16,4,39
2026-02-03,S9,P16,7,32
2026-02-04,S9,P16,2,30
2026-02-05,S9,P16,3,27
2026-02-06,S9,P16,6,21
2026-02-07,S9,P16,3,18
2026-02-08,S9,P16,9,78
2026-02-09,S9,P16,2,76
2026-02-10,S9,P16,5,71
2026-02-11,S9,P16,7,64
2026-02-12,S9,P16,6,58
2026-02-13,S9,P16,5,53
2026-02-14,S9,P16,7,46
2026-02-15,S9,P16,5,41
2026-02-16,S9,P16,0,41
2026-02-17,S9,P16,6,35
2026-02-18,S9,P16,5,30
2026-02-19,S9,P16,2,28
2026-02-20,S9,P16,5,23
2026-02-21,S9,P16,8,15
2026-02-22,S9,P16,5,47
2026-02-23,S9,P16,3,44
2026-02-24,S9,P16,5,39
2026-02-25,S9,P16,2,37
2026-02-26,S9,P16,5,32
2026-02-27,S9,P16,3,29
2026-02-28,S9,P16,7,22
2026-03-01,S9,P16,4,18
2026-03-02,S9,P16,5,13
2026-03-03,S9,P16,2,80
2026-03-04,S9,P16,2,78
2026-03-05,S9,P16,5,73
2026-03-06,S9,P16,5,68
2026-03-07,S9,P16,5,63
2026-03-08,S9,P16,4,59
2026-03-09,S9,P16,5,54
2026-03-10,S9,P16,5,49
2026-03-11,S9,P16,4,45
2026-03-12,S9,P16,5,40
2026-03-13,S9,P16,7,33
2026-03-14,S9,P16,8,25
2025-09-01,S9,P17,2,27
2025-09-02,S9,P17,1,26
2025-09-03,S9,P17,1,25
2025-09-04,S9,P17,5,20
2025-09-05,S9,P17,2,18
2025-09-06,S9,P17,2,16
2025-09-07,S9,P17,1,15
2025-09-08,S9,P17,0,15
2025-09-09,S9,P17,2,13
2025-09-10,S9,P17,2,11
2025-09-11,S9,P17,1,10
2025-09-12,S9,P17,1,9
2025-09-13,S9,P17,0,9
2025-09-14,S9,P17,1,8
2025-09-15,S9,P17,0,8
2025-09-16,S9,P17,1,7
2025-09-17,S9,P17,1,6
2025-09-18,S9,P17,0,6
2025-09-19,S9,P17,3,3
2025-09-20,S9,P17,2,19
2025-09-21,S9,P17,4,15
2025-09-22,S9,P17,3,12
2025-09-23,S9,P17,0,12
2025-09-24,S9,P17,1,11
2025-09-25,S9,P17,2,9
2025-09-26,S9,P17,1,8
2025-09-27,S9,P17,2,6
2025-09-28,S9,P17,2,4
2025-09-29,S9,P17,0,4
2025-09-30,S9,P17,1,3
2025-10-01,S9,P17,1,15
2025-10-02,S9,P17,0,15
2025-10-03,S9,P17,2,13
2025-10-04,S9,P17,4,9
2025-10-05,S9,P17,3,6
2025-10-06,S9,P17,1,5
2025-10-07,S9,P17,0,5
2025-10-08,S9,P17,1,4
2025-10-09,S9,P17,2,12
2025-10-10,S9,P17,1,11
2025-10-11,S9,P17,2,9
2025-10-12,S9,P17,0,9
2025-10-13,S9,P17,0,9
2025-10-14,S9,P17,4,5
2025-10-15,S9,P17,0,5
2025-10-16,S9,P17,2,3
2025-10-17,S9,P17,3,10
2025-10-18,S9,P17,2,8
2025-10-19,S9,P17,0,8
2025-10-20,S9,P17,1,7
2025-10-21,S9,P17,1,6
2025-10-22,S9,P17,1,5
2025-10-23,S9,P17,3,15
2025-10-24,S9,P17,2,13
2025-10-25,S9,P17,2,11
2025-10-26,S9,P17,1,10
2025-10-27,S9,P17,1,9
2025-10-28,S9,P17,2,7
2025-10-29,S9,P17,2,5
2025-10-30,S9,P17,0,5
2025-10-31,S9,P17,3,13
2025-11-01,S9,P17,1,12
2025-11-02,S9,P17,1,11
2025-11-03,S9,P17,0,11
2025-11-04,S9,P17,0,11
2025-11-05,S9,P17,1,10
2025-11-06,S9,P17,1,9
2025-11-07,S9,P17,2,7
2025-11-08,S9,P17,1,6
2025-11-09,S9,P17,1,5
2025-11-10,S9,P17,1,4
2025-11-11,S9,P17,1,3
2025-11-12,S9,P17,0,3
2025-11-13,S9,P17,1,22
2025-11-14,S9,P17,1,21
2025-11-15,S9,P17,0,21
2025-11-16,S9,P17,1,20
2025-11-17,S9,P17,1,19
2025-11-18,S9,P17,1,18
2025-11-19,S9,P17,2,16
2025-11-20,S9,P17,0,16
2025-11-21,S9,P17,3,13
2025-11-22,S9,P17,2,11
2025-11-23,S9,P17,2,9
2025-11-24,S9,P17,2,7
2025-11-25,S9,P17,2,5
2025-11-26,S9,P17,3,15
2025-11-27,S9,P17,1,14
2025-11-28,S9,P17,1,13
2025-11-29,S9,P17,2,11
2025-11-30,S9,P17,0,11
2025-12-01,S9,P17,0,11
2025-12-02,S9,P17,2,9
2025-12-03,S9,P17,0,9
2025-12-04,S9,P17,1,8
2025-12-05,S9,P17,2,6
2025-12-06,S9,P17,0,6
2025-12-07,S9,P17,1,5
2025-12-08,S9,P17,0,5
2025-12-09,S9,P17,1,4
2025-12-10,S9,P17,0,4
2025-12-11,S9,P17,1,3
2025-12-12,S9,P17,1,13
2025-12-13,S9,P17,3,10
2025-12-14,S9,P17,1,9
2025-12-15,S9,P17,0,9
2025-12-16,S9,P17,2,7
2025-12-17,S9,P17,2,5
2025-12-18,S9,P17,1,4
2025-12-19,S9,P17,0,4
2025-12-20,S9,P17,0,4
2025-12-21,S9,P17,2,13
2025-12-22,S9,P17,0,13
2025-12-23,S9,P17,1,12
2025-12-24,S9,P17,1,11
2025-12-25,S9,P17,1,10
2025-12-26,S9,P17,2,8
2025-12-27,S9,P17,0,8
2025-12-28,S9,P17,0,8
2025-12-29,S9,P17,2,6
2025-12-30,S9,P17,0,6
2025-12-31,S9,P17,1,5
2026-01-01,S9,P17,0,5
2026-01-02,S9,P17,1,4
2026-01-03,S9,P17,2,21
2026-01-04,S9,P17,1,20
2026-01-05,S9,P17,2,18
2026-01-06,S9,P17,0,18
2026-01-07,S9,P17,0,18
2026-01-08,S9,P17,0,18
2026-01-09,S9,P17,1,17
2026-01-10,S9,P17,1,16
2026-01-11,S9,P17,1,15
2026-01-12,S9,P17,1,14
2026-01-13,S9,P17,4,10
2026-01-14,S9,P17,1,9
2026-01-15,S9,P17,1,8
2026-01-16,S9,P17,3,5
2026-01-17,S9,P17,1,4
2026-01-18,S9,P17,0,4
2026-01-19,S9,P17,3,23
2026-01-20,S9,P17,3,20
2026-01-21,S9,P17,2,18
2026-01-22,S9,P17,0,18
2026-01-23,S9,P17,0,18
2026-01-24,S9,P17,3,15
2026-01-25,S9,P17,2,13
2026-01-26,S9,P17,0,13
2026-01-27,S9,P17,3,10
2026-01-28,S9,P17,0,10
2026-01-29,S9,P17,2,8
2026-01-30,S9,P17,2,6
2026-01-31,S9,P17,2,4
2026-02-01,S9,P17,0,4
2026-02-02,S9,P17,2,19
2026-02-03,S9,P17,4,15
2026-02-04,S9,P17,2,13
2026-02-05,S9,P17,3,10
2026-02-06,S9,P17,0,10
2026-02-07,S9,P17,3,7
2026-02-08,S9,P17,3,4
2026-02-09,S9,P17,2,20
2026-02-10,S9,P17,1,19
2026-02-11,S9,P17,1,18
2026-02-12,S9,P17,0,18
2026-02-13,S9,P17,2,16
2026-02-14,S9,P17,4,12
2026-02-15,S9,P17,1,11
2026-02-16,S9,P17,1,10
2026-02-17,S9,P17,0,10
2026-02-18,S9,P17,1,9
2026-02-19,S9,P17,2,7
2026-02-20,S9,P17,1,6
2026-02-21,S9,P17,0,6
2026-02-22,S9,P17,1,5
2026-02-23,S9,P17,1,4
2026-02-24,S9,P17,3,13
2026-02-25,S9,P17,1,12
2026-02-26,S9,P17,2,10
2026-02-27,S9,P17,1,9
2026-02-28,S9,P17,2,7
2026-03-01,S9,P17,2,5
2026-03-02,S9,P17,3,22
2026-03-03,S9,P17,2,20
2026-03-04,S9,P17,0,20
2026-03-05,S9,P17,3,17
2026-03-06,S9,P17,3,14
2026-03-07,S9,P17,1,13
2026-03-08,S9,P17,3,10
2026-03-09,S9,P17,1,9
2026-03-10,S9,P17,2,7
2026-03-11,S9,P17,0,7
2026-03-12,S9,P17,1,6
2026-03-13,S9,P17,4,14
2026-03-14,S9,P17,2,12
2025-09-01,S9,P18,0,9
2025-09-02,S9,P18,0,9
2025-09-03,S9,P18,1,8
2025-09-04,S9,P18,0,8
2025-09-05,S9,P18,0,8
2025-09-06,S9,P18,0,8
2025-09-07,S9,P18,0,8
2025-09-08,S9,P18,1,7
2025-09-09,S9,P18,0,7
2025-09-10,S9,P18,0,7
2025-09-11,S9,P18,1,6
2025-09-12,S9,P18,0,6
2025-09-13,S9,P18,0,6
2025-09-14,S9,P18,0,6
2025-09-15,S9,P18,0,6
2025-09-16,S9,P18,0,6
2025-09-17,S9,P18,0,6
2025-09-18,S9,P18,1,5
2025-09-19,S9,P18,0,5
2025-09-20,S9,P18,0,5
2025-09-21,S9,P18,0,5
2025-09-22,S9,P18,1,4
2025-09-23,S9,P18,0,4
2025-09-24,S9,P18,0,4
2025-09-25,S9,P18,0,4
2025-09-26,S9,P18,2,12
2025-09-27,S9,P18,0,12
2025-09-28,S9,P18,0,12
2025-09-29,S9,P18,0,12
2025-09-30,S9,P18,0,12
2025-10-01,S9,P18,1,11
2025-10-02,S9,P18,0,11
2025-10-03,S9,P18,0,11
2025-10-04,S9,P18,1,10
2025-10-05,S9,P18,0,10
2025-10-06,S9,P18,0,10
2025-10-07,S9,P18,0,10
2025-10-08,S9,P18,0,10
2025-10-09,S9,P18,0,10
2025-10-10,S9,P18,0,10
2025-10-11,S9,P18,0,10
2025-10-12,S9,P18,0,10
2025-10-13,S9,P18,0,10
2025-10-14,S9,P18,1,9
2025-10-15,S9,P18,1,8
2025-10-16,S9,P18,0,8
2025-10-17,S9,P18,0,8
2025-10-18,S9,P18,1,7
2025-10-19,S9,P18,1,6
2025-10-20,S9,P18,2,4
2025-10-21,S9,P18,1,3
2025-10-22,S9,P18,1,12
2025-10-23,S9,P18,0,12
2025-10-24,S9,P18,0,12
2025-10-25,S9,P18,0,12
2025-10-26,S9,P18,2,10
2025-10-27,S9,P18,0,10
2025-10-28,S9,P18,1,9
2025-10-29,S9,P18,0,9
2025-10-30,S9,P18,1,8
2025-10-31,S9,P18,1,7
2025-11-01,S9,P18,0,7
2025-11-02,S9,P18,1,6
2025-11-03,S9,P18,0,6
2025-11-04,S9,P18,0,6
2025-11-05,S9,P18,1,5
2025-11-06,S9,P18,0,5
2025-11-07,S9,P18,0,5
2025-11-08,S9,P18,0,5
2025-11-09,S9,P18,0,5
2025-11-10,S9,P18,1,4
2025-11-11,S9,P18,1,3
2025-11-12,S9,P18,0,3
2025-11-13,S9,P18,1,12
2025-11-14,S9,P18,1,11
2025-11-15,S9,P18,1,10
2025-11-16,S9,P18,1,9
2025-11-17,S9,P18,0,9
2025-11-18,S9,P18,0,9
2025-11-19,S9,P18,1,8
2025-11-20,S9,P18,2,6
2025-11-21,S9,P18,0,6
2025-11-22,S9,P18,0,6
2025-11-23,S9,P18,0,6
2025-11-24,S9,P18,1,5
2025-11-25,S9,P18,0,5
2025-11-26,S9,P18,0,5
2025-11-27,S9,P18,0,5
2025-11-28,S9,P18,2,3
2025-11-29,S9,P18,1,12
2025-11-30,S9,P18,2,10
2025-12-01,S9,P18,0,10
2025-12-02,S9,P18,1,9
2025-12-03,S9,P18,0,9
2025-12-04,S9,P18,0,9
2025-12-05,S9,P18,0,9
2025-12-06,S9,P18,0,9
2025-12-07,S9,P18,0,9
2025-12-08,S9,P18,2,7
2025-12-09,S9,P18,0,7
2025-12-10,S9,P18,0,7
2025-12-11,S9,P18,1,6
2025-12-12,S9,P18,1,5
2025-12-13,S9,P18,0,5
2025-12-14,S9,P18,0,5
2025-12-15,S9,P18,1,4
2025-12-16,S9,P18,0,4
2025-12-17,S9,P18,0,4
2025-12-18,S9,P18,0,4
2025-12-19,S9,P18,1,3
2025-12-20,S9,P18,1,12
2025-12-21,S9,P18,0,12
2025-12-22,S9,P18,1,11
2025-12-23,S9,P18,0,11
2025-12-24,S9,P18,2,9
2025-12-25,S9,P18,1,8
2025-12-26,S9,P18,0,8
2025-12-27,S9,P18,0,8
2025-12-28,S9,P18,0,8
2025-12-29,S9,P18,0,8
2025-12-30,S9,P18,1,7
2025-12-31,S9,P18,0,7
2026-01-01,S9,P18,0,7
2026-01-02,S9,P18,0,7
2026-01-03,S9,P18,1,6
2026-01-04,S9,P18,0,6
2026-01-05,S9,P18,0,6
2026-01-06,S9,P18,1,5
2026-01-07,S9,P18,0,5
2026-01-08,S9,P18,1,4
2026-01-09,S9,P18,0,4
2026-01-10,S9,P18,0,4
2026-01-11,S9,P18,0,4
2026-01-12,S9,P18,0,4
2026-01-13,S9,P18,0,4
2026-01-14,S9,P18,0,4
2026-01-15,S9,P18,0,4
2026-01-16,S9,P18,0,4
2026-01-17,S9,P18,1,3
2026-01-18,S9,P18,0,3
2026-01-19,S9,P18,0,3
2026-01-20,S9,P18,0,3
2026-01-21,S9,P18,1,12
2026-01-22,S9,P18,0,12
2026-01-23,S9,P18,1,11
2026-01-24,S9,P18,0,11
2026-01-25,S9,P18,0,11
2026-01-26,S9,P18,0,11
2026-01-27,S9,P18,1,10
2026-01-28,S9,P18,0,10
2026-01-29,S9,P18,0,10
2026-01-30,S9,P18,0,10
2026-01-31,S9,P18,0,10
2026-02-01,S9,P18,0,10
2026-02-02,S9,P18,0,10
2026-02-03,S9,P18,0,10
2026-02-04,S9,P18,0,10
2026-02-05,S9,P18,0,10
2026-02-06,S9,P18,1,9
2026-02-07,S9,P18,0,9
2026-02-08,S9,P18,0,9
2026-02-09,S9,P18,0,9
2026-02-10,S9,P18,1,8
2026-02-11,S9,P18,0,8
2026-02-12,S9,P18,1,7
2026-02-13,S9,P18,0,7
2026-02-14,S9,P18,0,7
2026-02-15,S9,P18,0,7
2026-02-16,S9,P18,1,6
2026-02-17,S9,P18,0,6
2026-02-18,S9,P18,1,5
2026-02-19,S9,P18,0,5
2026-02-20,S9,P18,0,5
2026-02-21,S9,P18,0,5
2026-02-22,S9,P18,0,5
2026-02-23,S9,P18,1,4
2026-02-24,S9,P18,0,4
2026-02-25,S9,P18,0,4
2026-02-26,S9,P18,0,4
2026-02-27,S9,P18,0,4
2026-02-28,S9,P18,1,3
2026-03-01,S9,P18,0,3
2026-03-02,S9,P18,0,3
2026-03-03,S9,P18,0,3
2026-03-04,S9,P18,0,3
2026-03-05,S9,P18,0,3
2026-03-06,S9,P18,0,3
2026-03-07,S9,P18,0,3
2026-03-08,S9,P18,2,11
2026-03-09,S9,P18,1,10
2026-03-10,S9,P18,0,10
2026-03-11,S9,P18,0,10
2026-03-12,S9,P18,1,9
2026-03-13,S9,P18,1,8
2026-03-14,S9,P18,0,8
2025-09-01,S9,P19,2,114
2025-09-02,S9,P19,7,107
2025-09-03,S9,P19,7,100
2025-09-04,S9,P19,2,98
2025-09-05,S9,P19,7,91
2025-09-06,S9,P19,9,82
2025-09-07,S9,P19,8,74
2025-09-08,S9,P19,3,71
2025-09-09,S9,P19,11,60
2025-09-10,S9,P19,6,54
2025-09-11,S9,P19,6,48
2025-09-12,S9,P19,7,41
2025-09-13,S9,P19,12,29
2025-09-14,S9,P19,3,26
2025-09-15,S9,P19,1,25
2025-09-16,S9,P19,6,19
2025-09-17,S9,P19,4,103
2025-09-18,S9,P19,6,97
2025-09-19,S9,P19,7,90
2025-09-20,S9,P19,4,86
2025-09-21,S9,P19,6,80
2025-09-22,S9,P19,4,76
2025-09-23,S9,P19,5,71
2025-09-24,S9,P19,6,65
2025-09-25,S9,P19,9,56
2025-09-26,S9,P19,6,50
2025-09-27,S9,P19,6,44
2025-09-28,S9,P19,1,43
2025-09-29,S9,P19,3,40
2025-09-30,S9,P19,3,37
2025-10-01,S9,P19,5,32
2025-10-02,S9,P19,5,27
2025-10-03,S9,P19,2,25
2025-10-04,S9,P19,6,19
2025-10-05,S9,P19,6,63
2025-10-06,S9,P19,5,58
2025-10-07,S9,P19,5,53
2025-10-08,S9,P19,7,46
2025-10-09,S9,P19,8,38
2025-10-10,S9,P19,9,29
2025-10-11,S9,P19,10,19
2025-10-12,S9,P19,12,90
2025-10-13,S9,P19,6,84
2025-10-14,S9,P19,7,77
2025-10-15,S9,P19,8,69
2025-10-16,S9,P19,9,60
2025-10-17,S9,P19,7,53
2025-10-18,S9,P19,10,43
2025-10-19,S9,P19,5,38
2025-10-20,S9,P19,8,30
2025-10-21,S9,P19,5,25
2025-10-22,S9,P19,5,20
2025-10-23,S9,P19,9,93
2025-10-24,S9,P19,7,86
2025-10-25,S9,P19,3,83
2025-10-26,S9,P19,5,78
2025-10-27,S9,P19,3,75
2025-10-28,S9,P19,2,73
2025-10-29,S9,P19,4,69
2025-10-30,S9,P19,2,67
2025-10-31,S9,P19,7,60
2025-11-01,S9,P19,6,54
2025-11-02,S9,P19,7,47
2025-11-03,S9,P19,6,41
2025-11-04,S9,P19,8,33
2025-11-05,S9,P19,5,28
2025-11-06,S9,P19,3,25
2025-11-07,S9,P19,1,24
2025-11-08,S9,P19,8,16
2025-11-09,S9,P19,7,98
2025-11-10,S9,P19,5,93
2025-11-11,S9,P19,4,89
2025-11-12,S9,P19,4,85
2025-11-13,S9,P19,3,82
2025-11-14,S9,P19,3,79
2025-11-15,S9,P19,5,74
2025-11-16,S9,P19,2,72
2025-11-17,S9,P19,6,66
2025-11-18,S9,P19,4,62
2025-11-19,S9,P19,8,54
2025-11-20,S9,P19,6,48
2025-11-21,S9,P19,4,44
2025-11-22,S9,P19,5,39
2025-11-23,S9,P19,1,38
2025-11-24,S9,P19,8,30
2025-11-25,S9,P19,7,23
2025-11-26,S9,P19,5,18
2025-11-27,S9,P19,4,60
2025-11-28,S9,P19,1,59
2025-11-29,S9,P19,10,49
2025-11-30,S9,P19,4,45
2025-12-01,S9,P19,4,41
2025-12-02,S9,P19,4,37
2025-12-03,S9,P19,8,29
2025-12-04,S9,P19,13,16
2025-12-05,S9,P19,9,76
2025-12-06,S9,P19,6,70
2025-12-07,S9,P19,6,64
2025-12-08,S9,P19,5,59
2025-12-09,S9,P19,11,48
2025-12-10,S9,P19,3,45
2025-12-11,S9,P19,11,34
2025-12-12,S9,P19,3,31
2025-12-13,S9,P19,6,25
2025-12-14,S9,P19,4,21
2025-12-15,S9,P19,2,19
2025-12-16,S9,P19,7,85
2025-12-17,S9,P19,4,81
2025-12-18,S9,P19,3,78
2025-12-19,S9,P19,4,74
2025-12-20,S9,P19,13,61
2025-12-21,S9,P19,7,54
2025-12-22,S9,P19,5,49
2025-12-23,S9,P19,7,42
2025-12-24,S9,P19,8,34
2025-12-25,S9,P19,14,20
2025-12-26,S9,P19,7,90
2025-12-27,S9,P19,4,86
2025-12-28,S9,P19,2,84
2025-12-29,S9,P19,5,79
2025-12-30,S9,P19,3,76
2025-12-31,S9,P19,12,64
2026-01-01,S9,P19,6,58
2026-01-02,S9,P19,4,54
2026-01-03,S9,P19,8,46
2026-01-04,S9,P19,9,37
2026-01-05,S9,P19,6,31
2026-01-06,S9,P19,7,24
2026-01-07,S9,P19,3,21
2026-01-08,S9,P19,6,99
2026-01-09,S9,P19,5,94
2026-01-10,S9,P19,8,86
2026-01-11,S9,P19,4,82
2026-01-12,S9,P19,7,75
2026-01-13,S9,P19,3,72
2026-01-14,S9,P19,6,66
2026-01-15,S9,P19,8,58
2026-01-16,S9,P19,6,52
2026-01-17,S9,P19,4,48
2026-01-18,S9,P19,2,46
2026-01-19,S9,P19,7,39
2026-01-20,S9,P19,8,31
2026-01-21,S9,P19,9,22
2026-01-22,S9,P19,9,107
2026-01-23,S9,P19,6,101
2026-01-24,S9,P19,7,94
2026-01-25,S9,P19,4,90
2026-01-26,S9,P19,2,88
2026-01-27,S9,P19,4,84
2026-01-28,S9,P19,5,79
2026-01-29,S9,P19,8,71
2026-01-30,S9,P19,7,64
2026-01-31,S9,P19,3,61
2026-02-01,S9,P19,6,55
2026-02-02,S9,P19,1,54
2026-02-03,S9,P19,9,45
2026-02-04,S9,P19,1,44
2026-02-05,S9,P19,3,41
2026-02-06,S9,P19,4,37
2026-02-07,S9,P19,9,28
2026-02-08,S9,P19,6,22
2026-02-09,S9,P19,8,66
2026-02-10,S9,P19,6,60
2026-02-11,S9,P19,6,54
2026-02-12,S9,P19,3,51
2026-02-13,S9,P19,10,41
2026-02-14,S9,P19,6,35
2026-02-15,S9,P19,3,32
2026-02-16,S9,P19,10,22
2026-02-17,S9,P19,2,20
2026-02-18,S9,P19,11,107
2026-02-19,S9,P19,4,103
2026-02-20,S9,P19,5,98
2026-02-21,S9,P19,4,94
2026-02-22,S9,P19,3,91
2026-02-23,S9,P19,7,84
2026-02-24,S9,P19,6,78
2026-02-25,S9,P19,4,74
2026-02-26,S9,P19,5,69
2026-02-27,S9,P19,13,56
2026-02-28,S9,P19,6,50
2026-03-01,S9,P19,2,48
2026-03-02,S9,P19,3,45
2026-03-03,S9,P19,7,38
2026-03-04,S9,P19,5,33
2026-03-05,S9,P19,8,25
2026-03-06,S9,P19,5,20
2026-03-07,S9,P19,7,65
2026-03-08,S9,P19,7,58
2026-03-09,S9,P19,8,50
2026-03-10,S9,P19,7,43
2026-03-11,S9,P19,3,40
2026-03-12,S9,P19,4,36
2026-03-13,S9,P19,4,32
2026-03-14,S9,P19,8,24
2025-09-01,S9,P20,3,78
2025-09-02,S9,P20,4,74
2025-09-03,S9,P20,2,72
2025-09-04,S9,P20,1,71
2025-09-05,S9,P20,7,64
2025-09-06,S9,P20,3,61
2025-09-07,S9,P20,1,60
2025-09-08,S9,P20,8,52
2025-09-09,S9,P20,5,47
2025-09-10,S9,P20,2,45
2025-09-11,S9,P20,5,40
2025-09-12,S9,P20,7,33
2025-09-13,S9,P20,4,29
2025-09-14,S9,P20,3,26
2025-09-15,S9,P20,5,21
2025-09-16,S9,P20,3,18
2025-09-17,S9,P20,1,17
2025-09-18,S9,P20,3,14
2025-09-19,S9,P20,4,75
2025-09-20,S9,P20,3,72
2025-09-21,S9,P20,3,69
2025-09-22,S9,P20,4,65
2025-09-23,S9,P20,5,60
2025-09-24,S9,P20,4,56
2025-09-25,S9,P20,3,53
2025-09-26,S9,P20,2,51
2025-09-27,S9,P20,3,48
2025-09-28,S9,P20,3,45
2025-09-29,S9,P20,2,43
2025-09-30,S9,P20,8,35
2025-10-01,S9,P20,1,34
2025-10-02,S9,P20,2,32
2025-10-03,S9,P20,6,26
2025-10-04,S9,P20,8,18
2025-10-05,S9,P20,2,16
2025-10-06,S9,P20,1,15
2025-10-07,S9,P20,1,14
2025-10-08,S9,P20,6,62
2025-10-09,S9,P20,2,60
2025-10-10,S9,P20,6,54
2025-10-11,S9,P20,4,50
2025-10-12,S9,P20,2,48
2025-10-13,S9,P20,4,44
2025-10-14,S9,P20,2,42
2025-10-15,S9,P20,3,39
2025-10-16,S9,P20,4,35
2025-10-17,S9,P20,2,33
2025-10-18,S9,P20,4,29
2025-10-19,S9,P20,2,27
2025-10-20,S9,P20,6,21
2025-10-21,S9,P20,3,18
2025-10-22,S9,P20,3,15
2025-10-23,S9,P20,2,13
2025-10-24,S9,P20,3,72
2025-10-25,S9,P20,5,67
2025-10-26,S9,P20,3,64
2025-10-27,S9,P20,4,60
2025-10-28,S9,P20,6,54
2025-10-29,S9,P20,3,51
2025-10-30,S9,P20,4,47
2025-10-31,S9,P20,7,40
2025-11-01,S9,P20,8,32
2025-11-02,S9,P20,1,31
2025-11-03,S9,P20,2,29
2025-11-04,S9,P20,7,22
2025-11-05,S9,P20,7,15
2025-11-06,S9,P20,4,11
2025-11-07,S9,P20,9,47
2025-11-08,S9,P20,2,45
2025-11-09,S9,P20,3,42
2025-11-10,S9,P20,2,40
2025-11-11,S9,P20,2,38
2025-11-12,S9,P20,7,31
2025-11-13,S9,P20,1,30
2025-11-14,S9,P20,1,29
2025-11-15,S9,P20,7,22
2025-11-16,S9,P20,8,14
2025-11-17,S9,P20,5,58
2025-11-18,S9,P20,5,53
2025-11-19,S9,P20,9,44
2025-11-20,S9,P20,6,38
2025-11-21,S9,P20,8,30
2025-11-22,S9,P20,4,26
2025-11-23,S9,P20,4,22
2025-11-24,S9,P20,5,17
2025-11-25,S9,P20,4,13
2025-11-26,S9,P20,4,61
2025-11-27,S9,P20,2,59
2025-11-28,S9,P20,7,52
2025-11-29,S9,P20,5,47
2025-11-30,S9,P20,5,42
2025-12-01,S9,P20,3,39
2025-12-02,S9,P20,0,39
2025-12-03,S9,P20,9,30
2025-12-04,S9,P20,3,27
2025-12-05,S9,P20,5,22
2025-12-06,S9,P20,2,20
2025-12-07,S9,P20,5,15
2025-12-08,S9,P20,4,11
2025-12-09,S9,P20,5,63
2025-12-10,S9,P20,4,59
2025-12-11,S9,P20,3,56
2025-12-12,S9,P20,3,53
2025-12-13,S9,P20,4,49
2025-12-14,S9,P20,6,43
2025-12-15,S9,P20,1,42
2025-12-16,S9,P20,2,40
2025-12-17,S9,P20,3,37
2025-12-18,S9,P20,5,32
2025-12-19,S9,P20,5,27
2025-12-20,S9,P20,8,19
2025-12-21,S9,P20,6,13
2025-12-22,S9,P20,2,11
2025-12-23,S9,P20,2,58
2025-12-24,S9,P20,2,56
2025-12-25,S9,P20,3,53
2025-12-26,S9,P20,2,51
2025-12-27,S9,P20,3,48
2025-12-28,S9,P20,3,45
2025-12-29,S9,P20,4,41
2025-12-30,S9,P20,3,38
2025-12-31,S9,P20,4,34
2026-01-01,S9,P20,2,32
2026-01-02,S9,P20,3,29
2026-01-03,S9,P20,2,27
2026-01-04,S9,P20,4,23
2026-01-05,S9,P20,4,19
2026-01-06,S9,P20,0,19
2026-01-07,S9,P20,3,16
2026-01-08,S9,P20,4,12
2026-01-09,S9,P20,3,40
2026-01-10,S9,P20,7,33
2026-01-11,S9,P20,1,32
2026-01-12,S9,P20,2,30
2026-01-13,S9,P20,6,24
2026-01-14,S9,P20,6,18
2026-01-15,S9,P20,2,16
2026-01-16,S9,P20,6,56
2026-01-17,S9,P20,5,51
2026-01-18,S9,P20,1,50
2026-01-19,S9,P20,1,49
2026-01-20,S9,P20,2,47
2026-01-21,S9,P20,6,41
2026-01-22,S9,P20,5,36
2026-01-23,S9,P20,6,30
2026-01-24,S9,P20,2,28
2026-01-25,S9,P20,3,25
2026-01-26,S9,P20,5,20
2026-01-27,S9,P20,8,12
2026-01-28,S9,P20,7,46
2026-01-29,S9,P20,4,42
2026-01-30,S9,P20,4,38
2026-01-31,S9,P20,7,31
2026-02-01,S9,P20,3,28
2026-02-02,S9,P20,7,21
2026-02-03,S9,P20,6,15
2026-02-04,S9,P20,4,11
2026-02-05,S9,P20,3,69
2026-02-06,S9,P20,3,66
2026-02-07,S9,P20,9,57
2026-02-08,S9,P20,6,51
2026-02-09,S9,P20,4,47
2026-02-10,S9,P20,4,43
2026-02-11,S9,P20,5,38
2026-02-12,S9,P20,7,31
2026-02-13,S9,P20,6,25
2026-02-14,S9,P20,4,21
2026-02-15,S9,P20,1,20
2026-02-16,S9,P20,4,16
2026-02-17,S9,P20,5,11
2026-02-18,S9,P20,7,43
2026-02-19,S9,P20,2,41
2026-02-20,S9,P20,6,35
2026-02-21,S9,P20,3,32
2026-02-22,S9,P20,1,31
2026-02-23,S9,P20,3,28
2026-02-24,S9,P20,2,26
2026-02-25,S9,P20,4,22
2026-02-26,S9,P20,2,20
2026-02-27,S9,P20,1,19
2026-02-28,S9,P20,7,12
2026-03-01,S9,P20,3,71
2026-03-02,S9,P20,4,67
2026-03-03,S9,P20,5,62
2026-03-04,S9,P20,3,59
2026-03-05,S9,P20,3,56
2026-03-06,S9,P20,3,53
2026-03-07,S9,P20,4,49
2026-03-08,S9,P20,0,49
2026-03-09,S9,P20,6,43
2026-03-10,S9,P20,2,41
2026-03-11,S9,P20,3,38
2026-03-12,S9,P20,5,33
2026-03-13,S9,P20,2,31
2026-03-14,S9,P20,3,28
